지역,연월,인구수,화물차수
강원특별자치도 강릉시,202307,209601,6205
강원특별자치도 강릉시,202308,209430,6359
강원특별자치도 강릉시,202309,209392,6524
강원특별자치도 강릉시,202310,209154,6660
강원특별자치도 강릉시,202311,208909,6972
강원특별자치도 강릉시,202312,208716,6964
강원특별자치도 강릉시,202401,208464,7138
강원특별자치도 강릉시,202402,208240,7165
강원특별자치도 강릉시,202403,208112,7330
강원특별자치도 강릉시,202404,207945,7340
강원특별자치도 강릉시,202405,207887,7589
강원특별자치도 강릉시,202406,207761,7699
강원특별자치도 강릉시,202407,207573,7834
강원특별자치도 강릉시,202408,207427,7924
강원특별자치도 강릉시,202409,207492,7926
강원특별자치도 강릉시,202410,207331,8057
강원특별자치도 강릉시,202411,207025,8242
강원특별자치도 강릉시,202412,207032,8373
강원특별자치도 강릉시,202501,206849,8186
강원특별자치도 강릉시,202502,206731,8545
강원특별자치도 강릉시,202503,206590,8686
강원특별자치도 강릉시,202504,206435,8755
강원특별자치도 강릉시,202505,206415,8799
강원특별자치도 강릉시,202506,206253,9051
강원특별자치도 강릉시,202507,206248,9229
강원특별자치도 강릉시,202508,206241,9484
강원특별자치도 강릉시,202509,206304,9457
강원특별자치도 강릉시,202510,206152,9700
강원특별자치도 강릉시,202511,205816,9693
강원특별자치도 강릉시,202512,205580,9980
강원특별자치도 강릉시,202601,205309,9687
강원특별자치도 강릉시,202602,205236,9824
강원특별자치도 강릉시,202603,205236,10272
강원특별자치도 강릉시,202604,205198,10176
강원특별자치도 강릉시,202605,205140,10453
강원특별자치도 강릉시,202606,205019,10489
강원특별자치도 강릉시,202607,204945,10616
강원특별자치도 고성군,202307,27230,1249
강원특별자치도 고성군,202308,27242,1280
강원특별자치도 고성군,202309,27257,1274
강원특별자치도 고성군,202310,27282,1254
강원특별자치도 고성군,202311,27246,1288
강원특별자치도 고성군,202312,27232,1324
강원특별자치도 고성군,202401,27222,1287
강원특별자치도 고성군,202402,27189,1273
강원특별자치도 고성군,202403,27150,1304
강원특별자치도 고성군,202404,27147,1337
강원특별자치도 고성군,202405,27123,1338
강원특별자치도 고성군,202406,27097,1345
강원특별자치도 고성군,202407,27072,1307
강원특별자치도 고성군,202408,27016,1317
강원특별자치도 고성군,202409,26988,1335
강원특별자치도 고성군,202410,26943,1378
강원특별자치도 고성군,202411,26955,1363
강원특별자치도 고성군,202412,26927,1348
강원특별자치도 고성군,202501,26851,1380
강원특별자치도 고성군,202502,26731,1350
강원특별자치도 고성군,202503,26745,1359
강원특별자치도 고성군,202504,26744,1403
강원특별자치도 고성군,202505,26758,1371
강원특별자치도 고성군,202506,26746,1442
강원특별자치도 고성군,202507,26713,1388
강원특별자치도 고성군,202508,26685,1404
강원특별자치도 고성군,202509,26710,1394
강원특별자치도 고성군,202510,26733,1381
강원특별자치도 고성군,202511,26724,1391
강원특별자치도 고성군,202512,26777,1442
강원특별자치도 고성군,202601,26779,1440
강원특별자치도 고성군,202602,26873,1449
강원특별자치도 고성군,202603,27006,1457
강원특별자치도 고성군,202604,27104,1448
강원특별자치도 고성군,202605,27122,1449
강원특별자치도 고성군,202606,27137,1443
강원특별자치도 고성군,202607,27121,1470
강원특별자치도 동해시,202307,88699,7764
강원특별자치도 동해시,202308,88614,7679
강원특별자치도 동해시,202309,88515,7735
강원특별자치도 동해시,202310,88408,7856
강원특별자치도 동해시,202311,88359,7708
강원특별자치도 동해시,202312,88270,7805
강원특별자치도 동해시,202401,88242,7876
강원특별자치도 동해시,202402,88029,7826
강원특별자치도 동해시,202403,87835,7819
강원특별자치도 동해시,202404,87752,7740
강원특별자치도 동해시,202405,87677,7699
강원특별자치도 동해시,202406,87653,7620
강원특별자치도 동해시,202407,87518,7765
강원특별자치도 동해시,202408,87447,7743
강원특별자치도 동해시,202409,87388,7753
강원특별자치도 동해시,202410,87404,7784
강원특별자치도 동해시,202411,87386,7764
강원특별자치도 동해시,202412,87350,7866
강원특별자치도 동해시,202501,87242,7663
강원특별자치도 동해시,202502,86980,7692
강원특별자치도 동해시,202503,86817,7803
강원특별자치도 동해시,202504,86676,7890
강원특별자치도 동해시,202505,86610,7646
강원특별자치도 동해시,202506,86538,7936
강원특별자치도 동해시,202507,86480,7859
강원특별자치도 동해시,202508,86399,7859
강원특별자치도 동해시,202509,86276,7907
강원특별자치도 동해시,202510,86254,7815
강원특별자치도 동해시,202511,86162,7825
강원특별자치도 동해시,202512,86052,7866
강원특별자치도 동해시,202601,85948,7868
강원특별자치도 동해시,202602,85787,7924
강원특별자치도 동해시,202603,85598,7754
강원특별자치도 동해시,202604,85487,7741
강원특별자치도 동해시,202605,85340,7652
강원특별자치도 동해시,202606,85322,7809
강원특별자치도 동해시,202607,85315,7784
강원특별자치도 삼척시,202307,63049,4671
강원특별자치도 삼척시,202308,62935,4664
강원특별자치도 삼척시,202309,62915,4691
강원특별자치도 삼척시,202310,62788,4628
강원특별자치도 삼척시,202311,62666,4589
강원특별자치도 삼척시,202312,62503,4608
강원특별자치도 삼척시,202401,62164,4737
강원특별자치도 삼척시,202402,61933,4650
강원특별자치도 삼척시,202403,62379,4760
강원특별자치도 삼척시,202404,62360,4735
강원특별자치도 삼척시,202405,62319,4783
강원특별자치도 삼척시,202406,62216,4776
강원특별자치도 삼척시,202407,62191,4775
강원특별자치도 삼척시,202408,62069,4747
강원특별자치도 삼척시,202409,61973,4719
강원특별자치도 삼척시,202410,61858,4755
강원특별자치도 삼척시,202411,61776,4898
강원특별자치도 삼척시,202412,61564,4857
강원특별자치도 삼척시,202501,61293,4842
강원특별자치도 삼척시,202502,61065,4818
강원특별자치도 삼척시,202503,61381,4910
강원특별자치도 삼척시,202504,61313,4911
강원특별자치도 삼척시,202505,61256,4881
강원특별자치도 삼척시,202506,61141,4925
강원특별자치도 삼척시,202507,60940,4785
강원특별자치도 삼척시,202508,60794,4914
강원특별자치도 삼척시,202509,60767,5025
강원특별자치도 삼척시,202510,60655,5052
강원특별자치도 삼척시,202511,60523,4893
강원특별자치도 삼척시,202512,60340,4905
강원특별자치도 삼척시,202601,60138,4997
강원특별자치도 삼척시,202602,59968,4973
강원특별자치도 삼척시,202603,60287,4978
강원특별자치도 삼척시,202604,60299,4861
강원특별자치도 삼척시,202605,60248,5092
강원특별자치도 삼척시,202606,60138,5060
강원특별자치도 삼척시,202607,59985,5083
강원특별자치도 속초시,202307,82076,2091
강원특별자치도 속초시,202308,81974,2115
강원특별자치도 속초시,202309,81875,2094
강원특별자치도 속초시,202310,81816,2125
강원특별자치도 속초시,202311,81753,2069
강원특별자치도 속초시,202312,81716,2112
강원특별자치도 속초시,202401,81689,2096
강원특별자치도 속초시,202402,81473,2091
강원특별자치도 속초시,202403,81292,2118
강원특별자치도 속초시,202404,81282,2089
강원특별자치도 속초시,202405,81201,2108
강원특별자치도 속초시,202406,81073,2174
강원특별자치도 속초시,202407,81085,2116
강원특별자치도 속초시,202408,80986,2109
강원특별자치도 속초시,202409,80829,2089
강원특별자치도 속초시,202410,80791,2099
강원특별자치도 속초시,202411,80640,2095
강원특별자치도 속초시,202412,80553,2107
강원특별자치도 속초시,202501,80376,2159
강원특별자치도 속초시,202502,80185,2161
강원특별자치도 속초시,202503,80006,2110
강원특별자치도 속초시,202504,79902,2100
강원특별자치도 속초시,202505,79787,2127
강원특별자치도 속초시,202506,79744,2128
강원특별자치도 속초시,202507,79764,2118
강원특별자치도 속초시,202508,79695,2062
강원특별자치도 속초시,202509,79608,2124
강원특별자치도 속초시,202510,79476,2154
강원특별자치도 속초시,202511,79401,2108
강원특별자치도 속초시,202512,79281,2155
강원특별자치도 속초시,202601,79229,2130
강원특별자치도 속초시,202602,78899,2152
강원특별자치도 속초시,202603,78633,2103
강원특별자치도 속초시,202604,78497,2115
강원특별자치도 속초시,202605,78466,2183
강원특별자치도 속초시,202606,78563,2107
강원특별자치도 속초시,202607,78645,2111
강원특별자치도 양구군,202307,21254,1442
강원특별자치도 양구군,202308,21223,1453
강원특별자치도 양구군,202309,21159,1482
강원특별자치도 양구군,202310,21146,1499
강원특별자치도 양구군,202311,21106,1475
강원특별자치도 양구군,202312,21024,1486
강원특별자치도 양구군,202401,20943,1503
강원특별자치도 양구군,202402,21018,1453
강원특별자치도 양구군,202403,20991,1483
강원특별자치도 양구군,202404,20912,1516
강원특별자치도 양구군,202405,20856,1528
강원특별자치도 양구군,202406,20855,1554
강원특별자치도 양구군,202407,20810,1558
강원특별자치도 양구군,202408,20746,1578
강원특별자치도 양구군,202409,20706,1552
강원특별자치도 양구군,202410,20660,1525
강원특별자치도 양구군,202411,20596,1560
강원특별자치도 양구군,202412,20586,1590
강원특별자치도 양구군,202501,20517,1575
강원특별자치도 양구군,202502,20383,1567
강원특별자치도 양구군,202503,20484,1626
강원특별자치도 양구군,202504,20475,1595
강원특별자치도 양구군,202505,20455,1654
강원특별자치도 양구군,202506,20439,1641
강원특별자치도 양구군,202507,20468,1629
강원특별자치도 양구군,202508,20446,1635
강원특별자치도 양구군,202509,20433,1657
강원특별자치도 양구군,202510,20436,1676
강원특별자치도 양구군,202511,20392,1708
강원특별자치도 양구군,202512,20377,1641
강원특별자치도 양구군,202601,20340,1708
강원특별자치도 양구군,202602,20349,1678
강원특별자치도 양구군,202603,20334,1688
강원특별자치도 양구군,202604,20315,1704
강원특별자치도 양구군,202605,20324,1703
강원특별자치도 양구군,202606,20337,1716
강원특별자치도 양구군,202607,20338,1764
강원특별자치도 양양군,202307,27740,1367
강원특별자치도 양양군,202308,27683,1337
강원특별자치도 양양군,202309,27674,1332
강원특별자치도 양양군,202310,27650,1344
강원특별자치도 양양군,202311,27621,1355
강원특별자치도 양양군,202312,27631,1342
강원특별자치도 양양군,202401,27605,1332
강원특별자치도 양양군,202402,27610,1378
강원특별자치도 양양군,202403,27568,1353
강원특별자치도 양양군,202404,27535,1333
강원특별자치도 양양군,202405,27501,1352
강원특별자치도 양양군,202406,27507,1348
강원특별자치도 양양군,202407,27508,1346
강원특별자치도 양양군,202408,27507,1326
강원특별자치도 양양군,202409,27511,1328
강원특별자치도 양양군,202410,27480,1326
강원특별자치도 양양군,202411,27416,1329
강원특별자치도 양양군,202412,27420,1298
강원특별자치도 양양군,202501,27402,1314
강원특별자치도 양양군,202502,27435,1324
강원특별자치도 양양군,202503,27383,1316
강원특별자치도 양양군,202504,27331,1304
강원특별자치도 양양군,202505,27290,1312
강원특별자치도 양양군,202506,27256,1316
강원특별자치도 양양군,202507,27267,1317
강원특별자치도 양양군,202508,27254,1309
강원특별자치도 양양군,202509,27280,1281
강원특별자치도 양양군,202510,27265,1282
강원특별자치도 양양군,202511,27274,1277
강원특별자치도 양양군,202512,27229,1280
강원특별자치도 양양군,202601,27290,1311
강원특별자치도 양양군,202602,27331,1268
강원특별자치도 양양군,202603,27305,1278
강원특별자치도 양양군,202604,27348,1277
강원특별자치도 양양군,202605,27361,1288
강원특별자치도 양양군,202606,27271,1295
강원특별자치도 양양군,202607,27252,1262
강원특별자치도 영월군,202307,37359,816
강원특별자치도 영월군,202308,37385,817
강원특별자치도 영월군,202309,37304,814
강원특별자치도 영월군,202310,37253,839
강원특별자치도 영월군,202311,37172,848
강원특별자치도 영월군,202312,37157,849
강원특별자치도 영월군,202401,37085,855
강원특별자치도 영월군,202402,37010,876
강원특별자치도 영월군,202403,37009,888
강원특별자치도 영월군,202404,36981,891
강원특별자치도 영월군,202405,36955,921
강원특별자치도 영월군,202406,36957,916
강원특별자치도 영월군,202407,36884,913
강원특별자치도 영월군,202408,36860,928
강원특별자치도 영월군,202409,36780,969
강원특별자치도 영월군,202410,36729,941
강원특별자치도 영월군,202411,36650,960
강원특별자치도 영월군,202412,36565,988
강원특별자치도 영월군,202501,36448,961
강원특별자치도 영월군,202502,36346,971
강원특별자치도 영월군,202503,36357,1000
강원특별자치도 영월군,202504,36293,1024
강원특별자치도 영월군,202505,36282,983
강원특별자치도 영월군,202506,36214,1027
강원특별자치도 영월군,202507,36166,1037
강원특별자치도 영월군,202508,36189,1052
강원특별자치도 영월군,202509,36153,1079
강원특별자치도 영월군,202510,36105,1060
강원특별자치도 영월군,202511,36020,1075
강원특별자치도 영월군,202512,35913,1088
강원특별자치도 영월군,202601,35858,1086
강원특별자치도 영월군,202602,35777,1118
강원특별자치도 영월군,202603,35728,1099
강원특별자치도 영월군,202604,35698,1152
강원특별자치도 영월군,202605,35618,1146
강원특별자치도 영월군,202606,35576,1142
강원특별자치도 영월군,202607,35545,1139
강원특별자치도 원주시,202307,359739,29362
강원특별자치도 원주시,202308,359915,29425
강원특별자치도 원주시,202309,359978,29855
강원특별자치도 원주시,202310,360110,29631
강원특별자치도 원주시,202311,360012,30196
강원특별자치도 원주시,202312,360066,30177
강원특별자치도 원주시,202401,360088,30582
강원특별자치도 원주시,202402,360074,31123
강원특별자치도 원주시,202403,359843,29993
강원특별자치도 원주시,202404,359849,31288
강원특별자치도 원주시,202405,359793,30778
강원특별자치도 원주시,202406,360073,31717
강원특별자치도 원주시,202407,360258,31653
강원특별자치도 원주시,202408,360547,31569
강원특별자치도 원주시,202409,360638,31937
강원특별자치도 원주시,202410,360750,31188
강원특별자치도 원주시,202411,360741,32197
강원특별자치도 원주시,202412,360697,31416
강원특별자치도 원주시,202501,360726,32317
강원특별자치도 원주시,202502,360648,31828
강원특별자치도 원주시,202503,360555,32804
강원특별자치도 원주시,202504,360724,33144
강원특별자치도 원주시,202505,360774,32958
강원특별자치도 원주시,202506,360980,33116
강원특별자치도 원주시,202507,361197,33213
강원특별자치도 원주시,202508,361393,34017
강원특별자치도 원주시,202509,361517,34204
강원특별자치도 원주시,202510,361632,34219
강원특별자치도 원주시,202511,361715,34000
강원특별자치도 원주시,202512,361841,34195
강원특별자치도 원주시,202601,362155,33942
강원특별자치도 원주시,202602,362329,34067
강원특별자치도 원주시,202603,362561,34358
강원특별자치도 원주시,202604,362964,34346
강원특별자치도 원주시,202605,363248,34973
강원특별자치도 원주시,202606,363501,34617
강원특별자치도 원주시,202607,363895,34849
강원특별자치도 인제군,202307,32037,1068
강원특별자치도 인제군,202308,32066,1051
강원특별자치도 인제군,202309,32045,1040
강원특별자치도 인제군,202310,31954,1054
강원특별자치도 인제군,202311,31913,1041
강원특별자치도 인제군,202312,31932,1063
강원특별자치도 인제군,202401,31923,1060
강원특별자치도 인제군,202402,31774,1047
강원특별자치도 인제군,202403,31690,1026
강원특별자치도 인제군,202404,31696,1046
강원특별자치도 인제군,202405,31691,1058
강원특별자치도 인제군,202406,31702,1056
강원특별자치도 인제군,202407,31655,1044
강원특별자치도 인제군,202408,31639,1083
강원특별자치도 인제군,202409,31582,1058
강원특별자치도 인제군,202410,31526,1041
강원특별자치도 인제군,202411,31469,1052
강원특별자치도 인제군,202412,31458,1068
강원특별자치도 인제군,202501,31310,1016
강원특별자치도 인제군,202502,31146,1046
강원특별자치도 인제군,202503,31074,1067
강원특별자치도 인제군,202504,31061,1023
강원특별자치도 인제군,202505,30997,1048
강원특별자치도 인제군,202506,30939,1044
강원특별자치도 인제군,202507,30893,1061
강원특별자치도 인제군,202508,30848,1024
강원특별자치도 인제군,202509,30838,1032
강원특별자치도 인제군,202510,30871,1026
강원특별자치도 인제군,202511,30804,1032
강원특별자치도 인제군,202512,30799,1042
강원특별자치도 인제군,202601,30751,1043
강원특별자치도 인제군,202602,30680,1028
강원특별자치도 인제군,202603,30695,1042
강원특별자치도 인제군,202604,30708,1034
강원특별자치도 인제군,202605,30689,1029
강원특별자치도 인제군,202606,30708,1046
강원특별자치도 인제군,202607,30714,1034
강원특별자치도 정선군,202307,34477,1987
강원특별자치도 정선군,202308,34423,1996
강원특별자치도 정선군,202309,34358,2018
강원특별자치도 정선군,202310,34213,2028
강원특별자치도 정선군,202311,34154,2032
강원특별자치도 정선군,202312,34082,2087
강원특별자치도 정선군,202401,34024,2058
강원특별자치도 정선군,202402,33940,2062
강원특별자치도 정선군,202403,33874,2100
강원특별자치도 정선군,202404,33835,2112
강원특별자치도 정선군,202405,33766,2138
강원특별자치도 정선군,202406,33696,2075
강원특별자치도 정선군,202407,33649,2112
강원특별자치도 정선군,202408,33604,2130
강원특별자치도 정선군,202409,33548,2178
강원특별자치도 정선군,202410,33501,2195
강원특별자치도 정선군,202411,33445,2244
강원특별자치도 정선군,202412,33381,2284
강원특별자치도 정선군,202501,33354,2181
강원특별자치도 정선군,202502,33280,2305
강원특별자치도 정선군,202503,33248,2235
강원특별자치도 정선군,202504,33257,2283
강원특별자치도 정선군,202505,33225,2267
강원특별자치도 정선군,202506,33231,2292
강원특별자치도 정선군,202507,33201,2350
강원특별자치도 정선군,202508,33172,2310
강원특별자치도 정선군,202509,33160,2366
강원특별자치도 정선군,202510,33506,2320
강원특별자치도 정선군,202511,34343,2313
강원특별자치도 정선군,202512,34771,2398
강원특별자치도 정선군,202601,34877,2364
강원특별자치도 정선군,202602,34900,2405
강원특별자치도 정선군,202603,34953,2362
강원특별자치도 정선군,202604,34978,2385
강원특별자치도 정선군,202605,35015,2380
강원특별자치도 정선군,202606,35037,2428
강원특별자치도 정선군,202607,35054,2472
강원특별자치도 철원군,202307,41553,3003
강원특별자치도 철원군,202308,41463,2965
강원특별자치도 철원군,202309,41418,3006
강원특별자치도 철원군,202310,41403,2983
강원특별자치도 철원군,202311,41373,2998
강원특별자치도 철원군,202312,41349,2985
강원특별자치도 철원군,202401,41221,3016
강원특별자치도 철원군,202402,41080,2956
강원특별자치도 철원군,202403,41019,2987
강원특별자치도 철원군,202404,40968,3018
강원특별자치도 철원군,202405,40907,3059
강원특별자치도 철원군,202406,40792,3029
강원특별자치도 철원군,202407,40695,3086
강원특별자치도 철원군,202408,40591,3069
강원특별자치도 철원군,202409,40551,3029
강원특별자치도 철원군,202410,40517,2965
강원특별자치도 철원군,202411,40443,3034
강원특별자치도 철원군,202412,40402,3056
강원특별자치도 철원군,202501,40313,3041
강원특별자치도 철원군,202502,40142,3045
강원특별자치도 철원군,202503,40088,3021
강원특별자치도 철원군,202504,40036,3040
강원특별자치도 철원군,202505,39966,3054
강원특별자치도 철원군,202506,39900,3060
강원특별자치도 철원군,202507,39938,3158
강원특별자치도 철원군,202508,39912,3080
강원특별자치도 철원군,202509,39900,3109
강원특별자치도 철원군,202510,39897,3080
강원특별자치도 철원군,202511,39913,3042
강원특별자치도 철원군,202512,39889,3061
강원특별자치도 철원군,202601,39865,3072
강원특별자치도 철원군,202602,39728,3112
강원특별자치도 철원군,202603,39712,3146
강원특별자치도 철원군,202604,39690,3107
강원특별자치도 철원군,202605,39637,3075
강원특별자치도 철원군,202606,39622,3097
강원특별자치도 철원군,202607,39575,3139
강원특별자치도 춘천시,202307,285777,13405
강원특별자치도 춘천시,202308,285853,13434
강원특별자치도 춘천시,202309,285829,13504
강원특별자치도 춘천시,202310,285567,13306
강원특별자치도 춘천시,202311,285455,13746
강원특별자치도 춘천시,202312,285328,13869
강원특별자치도 춘천시,202401,285091,13918
강원특별자치도 춘천시,202402,285181,14060
강원특별자치도 춘천시,202403,285643,14027
강원특별자치도 춘천시,202404,285633,14018
강원특별자치도 춘천시,202405,285631,14070
강원특별자치도 춘천시,202406,285476,14621
강원특별자치도 춘천시,202407,285279,14577
강원특별자치도 춘천시,202408,285172,14692
강원특별자치도 춘천시,202409,285071,15020
강원특별자치도 춘천시,202410,284933,15071
강원특별자치도 춘천시,202411,285037,15211
강원특별자치도 춘천시,202412,284999,15098
강원특별자치도 춘천시,202501,284800,15398
강원특별자치도 춘천시,202502,284952,15243
강원특별자치도 춘천시,202503,284704,15584
강원특별자치도 춘천시,202504,284508,15672
강원특별자치도 춘천시,202505,284404,15699
강원특별자치도 춘천시,202506,284317,15700
강원특별자치도 춘천시,202507,284188,15522
강원특별자치도 춘천시,202508,284141,15856
강원특별자치도 춘천시,202509,284121,15704
강원특별자치도 춘천시,202510,284109,16128
강원특별자치도 춘천시,202511,284202,16101
강원특별자치도 춘천시,202512,284154,16174
강원특별자치도 춘천시,202601,283811,16626
강원특별자치도 춘천시,202602,283775,16142
강원특별자치도 춘천시,202603,283845,16701
강원특별자치도 춘천시,202604,283900,16897
강원특별자치도 춘천시,202605,284102,16639
강원특별자치도 춘천시,202606,283964,16897
강원특별자치도 춘천시,202607,283790,16818
강원특별자치도 태백시,202307,38746,1333
강원특별자치도 태백시,202308,38639,1351
강원특별자치도 태백시,202309,38617,1361
강원특별자치도 태백시,202310,38610,1344
강원특별자치도 태백시,202311,38583,1342
강원특별자치도 태백시,202312,38579,1331
강원특별자치도 태백시,202401,38493,1315
강원특별자치도 태백시,202402,38345,1315
강원특별자치도 태백시,202403,38234,1312
강원특별자치도 태백시,202404,38154,1313
강원특별자치도 태백시,202405,38088,1315
강원특별자치도 태백시,202406,38045,1342
강원특별자치도 태백시,202407,38023,1303
강원특별자치도 태백시,202408,37980,1307
강원특별자치도 태백시,202409,37989,1341
강원특별자치도 태백시,202410,37931,1283
강원특별자치도 태백시,202411,37884,1317
강원특별자치도 태백시,202412,37823,1333
강원특별자치도 태백시,202501,37762,1290
강원특별자치도 태백시,202502,37622,1288
강원특별자치도 태백시,202503,37602,1286
강원특별자치도 태백시,202504,37530,1298
강원특별자치도 태백시,202505,37474,1295
강원특별자치도 태백시,202506,37443,1267
강원특별자치도 태백시,202507,37388,1278
강원특별자치도 태백시,202508,37326,1280
강원특별자치도 태백시,202509,37267,1263
강원특별자치도 태백시,202510,37197,1249
강원특별자치도 태백시,202511,37026,1276
강원특별자치도 태백시,202512,36989,1256
강원특별자치도 태백시,202601,36875,1252
강원특별자치도 태백시,202602,36788,1257
강원특별자치도 태백시,202603,36766,1267
강원특별자치도 태백시,202604,36759,1279
강원특별자치도 태백시,202605,36762,1257
강원특별자치도 태백시,202606,36721,1247
강원특별자치도 태백시,202607,36664,1234
강원특별자치도 평창군,202307,40598,2973
강원특별자치도 평창군,202308,40567,3041
강원특별자치도 평창군,202309,40538,2941
강원특별자치도 평창군,202310,40514,3077
강원특별자치도 평창군,202311,40551,3006
강원특별자치도 평창군,202312,40529,2991
강원특별자치도 평창군,202401,40514,3041
강원특별자치도 평창군,202402,40436,2945
강원특별자치도 평창군,202403,40408,3028
강원특별자치도 평창군,202404,40410,3013
강원특별자치도 평창군,202405,40401,3083
강원특별자치도 평창군,202406,40386,2954
강원특별자치도 평창군,202407,40389,3038
강원특별자치도 평창군,202408,40342,3041
강원특별자치도 평창군,202409,40329,3028
강원특별자치도 평창군,202410,40308,3119
강원특별자치도 평창군,202411,40256,3050
강원특별자치도 평창군,202412,40246,3032
강원특별자치도 평창군,202501,40163,2996
강원특별자치도 평창군,202502,40048,3038
강원특별자치도 평창군,202503,39954,3087
강원특별자치도 평창군,202504,39903,3067
강원특별자치도 평창군,202505,39878,3094
강원특별자치도 평창군,202506,39832,3141
강원특별자치도 평창군,202507,39780,3056
강원특별자치도 평창군,202508,39779,3088
강원특별자치도 평창군,202509,39759,3068
강원특별자치도 평창군,202510,39716,3109
강원특별자치도 평창군,202511,39704,3102
강원특별자치도 평창군,202512,39701,3161
강원특별자치도 평창군,202601,39802,3057
강원특별자치도 평창군,202602,39819,3091
강원특별자치도 평창군,202603,39725,3108
강원특별자치도 평창군,202604,39771,3186
강원특별자치도 평창군,202605,39780,3134
강원특별자치도 평창군,202606,39758,3147
강원특별자치도 평창군,202607,39726,3169
강원특별자치도 홍천군,202307,67401,3749
강원특별자치도 홍천군,202308,67353,3763
강원특별자치도 홍천군,202309,67315,3755
강원특별자치도 홍천군,202310,67153,3847
강원특별자치도 홍천군,202311,67100,3773
강원특별자치도 홍천군,202312,67117,3852
강원특별자치도 홍천군,202401,67161,3896
강원특별자치도 홍천군,202402,67103,4009
강원특별자치도 홍천군,202403,67092,4068
강원특별자치도 홍천군,202404,67017,3979
강원특별자치도 홍천군,202405,67047,3962
강원특별자치도 홍천군,202406,67010,4022
강원특별자치도 홍천군,202407,66981,4112
강원특별자치도 홍천군,202408,66928,4059
강원특별자치도 홍천군,202409,66870,4077
강원특별자치도 홍천군,202410,66735,4152
강원특별자치도 홍천군,202411,66597,4098
강원특별자치도 홍천군,202412,66502,4149
강원특별자치도 홍천군,202501,66445,4209
강원특별자치도 홍천군,202502,66317,4137
강원특별자치도 홍천군,202503,66276,4230
강원특별자치도 홍천군,202504,66210,4211
강원특별자치도 홍천군,202505,66212,4286
강원특별자치도 홍천군,202506,66201,4287
강원특별자치도 홍천군,202507,66180,4366
강원특별자치도 홍천군,202508,66121,4391
강원특별자치도 홍천군,202509,66134,4321
강원특별자치도 홍천군,202510,66004,4377
강원특별자치도 홍천군,202511,65929,4502
강원특별자치도 홍천군,202512,65905,4437
강원특별자치도 홍천군,202601,65810,4374
강원특별자치도 홍천군,202602,65740,4472
강원특별자치도 홍천군,202603,65764,4484
강원특별자치도 홍천군,202604,65738,4501
강원특별자치도 홍천군,202605,65696,4658
강원특별자치도 홍천군,202606,65659,4493
강원특별자치도 홍천군,202607,65616,4692
강원특별자치도 화천군,202307,23091,1991
강원특별자치도 화천군,202308,23060,2022
강원특별자치도 화천군,202309,23046,2032
강원특별자치도 화천군,202310,23056,1991
강원특별자치도 화천군,202311,22952,1968
강원특별자치도 화천군,202312,22944,1961
강원특별자치도 화천군,202401,22882,1963
강원특별자치도 화천군,202402,22800,1978
강원특별자치도 화천군,202403,22771,1975
강원특별자치도 화천군,202404,22763,1999
강원특별자치도 화천군,202405,22723,1992
강원특별자치도 화천군,202406,22897,1979
강원특별자치도 화천군,202407,22963,1964
강원특별자치도 화천군,202408,22929,2001
강원특별자치도 화천군,202409,22908,1961
강원특별자치도 화천군,202410,22923,1974
강원특별자치도 화천군,202411,22917,1964
강원특별자치도 화천군,202412,22863,1994
강원특별자치도 화천군,202501,22706,1923
강원특별자치도 화천군,202502,22554,1962
강원특별자치도 화천군,202503,22551,1985
강원특별자치도 화천군,202504,22539,1954
강원특별자치도 화천군,202505,22503,1990
강원특별자치도 화천군,202506,22492,1951
강원특별자치도 화천군,202507,22528,1958
강원특별자치도 화천군,202508,22466,1963
강원특별자치도 화천군,202509,22445,1889
강원특별자치도 화천군,202510,22374,1979
강원특별자치도 화천군,202511,22309,1931
강원특별자치도 화천군,202512,22309,1984
강원특별자치도 화천군,202601,22279,1928
강원특별자치도 화천군,202602,22226,1944
강원특별자치도 화천군,202603,22234,1993
강원특별자치도 화천군,202604,22277,1915
강원특별자치도 화천군,202605,22271,1942
강원특별자치도 화천군,202606,22524,1954
강원특별자치도 화천군,202607,22717,1966
강원특별자치도 횡성군,202307,46388,2742
강원특별자치도 횡성군,202308,46361,2705
강원특별자치도 횡성군,202309,46311,2756
강원특별자치도 횡성군,202310,46270,2763
강원특별자치도 횡성군,202311,46287,2758
강원특별자치도 횡성군,202312,46217,2723
강원특별자치도 횡성군,202401,46124,2771
강원특별자치도 횡성군,202402,46122,2749
강원특별자치도 횡성군,202403,46056,2773
강원특별자치도 횡성군,202404,46217,2767
강원특별자치도 횡성군,202405,46222,2743
강원특별자치도 횡성군,202406,46189,2756
강원특별자치도 횡성군,202407,46177,2760
강원특별자치도 횡성군,202408,46108,2754
강원특별자치도 횡성군,202409,46098,2762
강원특별자치도 횡성군,202410,46093,2779
강원특별자치도 횡성군,202411,46006,2777
강원특별자치도 횡성군,202412,45959,2779
강원특별자치도 횡성군,202501,45889,2755
강원특별자치도 횡성군,202502,45832,2800
강원특별자치도 횡성군,202503,45849,2799
강원특별자치도 횡성군,202504,45867,2744
강원특별자치도 횡성군,202505,45819,2708
강원특별자치도 횡성군,202506,45729,2788
강원특별자치도 횡성군,202507,45681,2769
강원특별자치도 횡성군,202508,45684,2763
강원특별자치도 횡성군,202509,45623,2774
강원특별자치도 횡성군,202510,45618,2768
강원특별자치도 횡성군,202511,45527,2783
강원특별자치도 횡성군,202512,45470,2808
강원특별자치도 횡성군,202601,45436,2749
강원특별자치도 횡성군,202602,45430,2725
강원특별자치도 횡성군,202603,45424,2796
강원특별자치도 횡성군,202604,45476,2805
강원특별자치도 횡성군,202605,45450,2753
강원특별자치도 횡성군,202606,45427,2739
강원특별자치도 횡성군,202607,45373,2833
경기도 가평군,202307,61481,3735
경기도 가평군,202308,61504,3826
경기도 가평군,202309,61706,3833
경기도 가평군,202310,61872,3785
경기도 가평군,202311,61866,3964
경기도 가평군,202312,62039,3935
경기도 가평군,202401,62016,3950
경기도 가평군,202402,61990,3965
경기도 가평군,202403,61990,4004
경기도 가평군,202404,62022,4015
경기도 가평군,202405,62129,4123
경기도 가평군,202406,62132,4052
경기도 가평군,202407,62184,4128
경기도 가평군,202408,62248,4218
경기도 가평군,202409,62223,4227
경기도 가평군,202410,62233,4252
경기도 가평군,202411,62233,4241
경기도 가평군,202412,62253,4265
경기도 가평군,202501,62204,4292
경기도 가평군,202502,62044,4391
경기도 가평군,202503,61967,4357
경기도 가평군,202504,61913,4454
경기도 가평군,202505,61877,4426
경기도 가평군,202506,61911,4412
경기도 가평군,202507,61968,4519
경기도 가평군,202508,62013,4573
경기도 가평군,202509,61959,4473
경기도 가평군,202510,61956,4484
경기도 가평군,202511,61931,4616
경기도 가평군,202512,61853,4601
경기도 가평군,202601,61754,4653
경기도 가평군,202602,61752,4672
경기도 가평군,202603,61690,4717
경기도 가평군,202604,61734,4750
경기도 가평군,202605,61762,4770
경기도 가평군,202606,61756,4763
경기도 가평군,202607,61762,4771
경기도 고양시 덕양구,202307,493988,28811
경기도 고양시 덕양구,202308,494104,29430
경기도 고양시 덕양구,202309,494295,29262
경기도 고양시 덕양구,202310,494435,29365
경기도 고양시 덕양구,202311,494240,29683
경기도 고양시 덕양구,202312,494030,29767
경기도 고양시 덕양구,202401,493256,30906
경기도 고양시 덕양구,202402,492453,30943
경기도 고양시 덕양구,202403,491812,30792
경기도 고양시 덕양구,202404,491102,31350
경기도 고양시 덕양구,202405,491074,31385
경기도 고양시 덕양구,202406,491357,31462
경기도 고양시 덕양구,202407,491117,31312
경기도 고양시 덕양구,202408,491017,31745
경기도 고양시 덕양구,202409,491226,31594
경기도 고양시 덕양구,202410,491380,32731
경기도 고양시 덕양구,202411,490824,31773
경기도 고양시 덕양구,202412,490533,32376
경기도 고양시 덕양구,202501,490110,32350
경기도 고양시 덕양구,202502,489001,32606
경기도 고양시 덕양구,202503,488362,33285
경기도 고양시 덕양구,202504,487909,33056
경기도 고양시 덕양구,202505,487316,33714
경기도 고양시 덕양구,202506,486694,34131
경기도 고양시 덕양구,202507,485673,33695
경기도 고양시 덕양구,202508,484850,34231
경기도 고양시 덕양구,202509,484309,34605
경기도 고양시 덕양구,202510,483898,35168
경기도 고양시 덕양구,202511,483300,35177
경기도 고양시 덕양구,202512,482973,34980
경기도 고양시 덕양구,202601,482609,35302
경기도 고양시 덕양구,202602,482136,35503
경기도 고양시 덕양구,202603,481607,35660
경기도 고양시 덕양구,202604,481199,35261
경기도 고양시 덕양구,202605,480771,35924
경기도 고양시 덕양구,202606,480551,36042
경기도 고양시 덕양구,202607,480355,36108
경기도 고양시 일산동구,202307,290420,25207
경기도 고양시 일산동구,202308,290101,25034
경기도 고양시 일산동구,202309,289821,25284
경기도 고양시 일산동구,202310,289627,24594
경기도 고양시 일산동구,202311,289427,24960
경기도 고양시 일산동구,202312,289408,24779
경기도 고양시 일산동구,202401,289294,24633
경기도 고양시 일산동구,202402,289233,25060
경기도 고양시 일산동구,202403,289187,24893
경기도 고양시 일산동구,202404,290584,25020
경기도 고양시 일산동구,202405,291562,24664
경기도 고양시 일산동구,202406,292019,25087
경기도 고양시 일산동구,202407,292163,24477
경기도 고양시 일산동구,202408,292262,25175
경기도 고양시 일산동구,202409,292198,24249
경기도 고양시 일산동구,202410,292023,24359
경기도 고양시 일산동구,202411,291978,24684
경기도 고양시 일산동구,202412,291923,24522
경기도 고양시 일산동구,202501,291635,25077
경기도 고양시 일산동구,202502,291410,24902
경기도 고양시 일산동구,202503,291241,24432
경기도 고양시 일산동구,202504,291095,24888
경기도 고양시 일산동구,202505,291058,24668
경기도 고양시 일산동구,202506,290868,24604
경기도 고양시 일산동구,202507,291216,24594
경기도 고양시 일산동구,202508,292342,24366
경기도 고양시 일산동구,202509,293264,24359
경기도 고양시 일산동구,202510,293875,24096
경기도 고양시 일산동구,202511,294279,24306
경기도 고양시 일산동구,202512,294652,24194
경기도 고양시 일산동구,202601,295087,23757
경기도 고양시 일산동구,202602,295292,24324
경기도 고양시 일산동구,202603,295020,24424
경기도 고양시 일산동구,202604,295481,24513
경기도 고양시 일산동구,202605,295831,24601
경기도 고양시 일산동구,202606,296197,23652
경기도 고양시 일산동구,202607,296086,24429
경기도 고양시 일산서구,202307,286322,24926
경기도 고양시 일산서구,202308,286031,25138
경기도 고양시 일산서구,202309,285847,24847
경기도 고양시 일산서구,202310,285569,25144
경기도 고양시 일산서구,202311,285235,24938
경기도 고양시 일산서구,202312,285237,25553
경기도 고양시 일산서구,202401,284962,24978
경기도 고양시 일산서구,202402,284566,25098
경기도 고양시 일산서구,202403,284118,25099
경기도 고양시 일산서구,202404,283376,25462
경기도 고양시 일산서구,202405,282901,25872
경기도 고양시 일산서구,202406,282457,25232
경기도 고양시 일산서구,202407,282242,26217
경기도 고양시 일산서구,202408,281993,25874
경기도 고양시 일산서구,202409,281733,25797
경기도 고양시 일산서구,202410,281541,25809
경기도 고양시 일산서구,202411,281372,26319
경기도 고양시 일산서구,202412,281218,26083
경기도 고양시 일산서구,202501,280969,25870
경기도 고양시 일산서구,202502,280479,26683
경기도 고양시 일산서구,202503,280139,26437
경기도 고양시 일산서구,202504,279901,26156
경기도 고양시 일산서구,202505,279481,25956
경기도 고양시 일산서구,202506,279292,26174
경기도 고양시 일산서구,202507,278596,26626
경기도 고양시 일산서구,202508,277946,27106
경기도 고양시 일산서구,202509,277418,26278
경기도 고양시 일산서구,202510,276975,26804
경기도 고양시 일산서구,202511,276526,26692
경기도 고양시 일산서구,202512,276186,26864
경기도 고양시 일산서구,202601,276058,26913
경기도 고양시 일산서구,202602,275784,27261
경기도 고양시 일산서구,202603,275251,27287
경기도 고양시 일산서구,202604,274948,27016
경기도 고양시 일산서구,202605,274745,27335
경기도 고양시 일산서구,202606,274553,27197
경기도 고양시 일산서구,202607,274582,27075
경기도 과천시,202307,80324,7949
경기도 과천시,202308,80778,7960
경기도 과천시,202309,80800,7875
경기도 과천시,202310,80653,7765
경기도 과천시,202311,80520,7849
경기도 과천시,202312,80513,7845
경기도 과천시,202401,80582,7993
경기도 과천시,202402,81258,8038
경기도 과천시,202403,82379,7882
경기도 과천시,202404,82878,7977
경기도 과천시,202405,83806,8249
경기도 과천시,202406,84448,8151
경기도 과천시,202407,84658,8055
경기도 과천시,202408,84839,8068
경기도 과천시,202409,84929,8113
경기도 과천시,202410,85030,7996
경기도 과천시,202411,85028,8313
경기도 과천시,202412,85018,8192
경기도 과천시,202501,85016,8310
경기도 과천시,202502,84857,8195
경기도 과천시,202503,84525,8086
경기도 과천시,202504,83836,8023
경기도 과천시,202505,82707,8302
경기도 과천시,202506,81515,8124
경기도 과천시,202507,80782,8071
경기도 과천시,202508,80196,8051
경기도 과천시,202509,79570,8160
경기도 과천시,202510,79490,8458
경기도 과천시,202511,79446,8039
경기도 과천시,202512,79505,8396
경기도 과천시,202601,79553,8209
경기도 과천시,202602,79700,8299
경기도 과천시,202603,79799,8367
경기도 과천시,202604,79848,8080
경기도 과천시,202605,79988,8268
경기도 과천시,202606,80431,8244
경기도 과천시,202607,80608,8463
경기도 광명시,202307,279664,31943
경기도 광명시,202308,279103,31682
경기도 광명시,202309,278834,32710
경기도 광명시,202310,278994,32163
경기도 광명시,202311,278954,32295
경기도 광명시,202312,278896,32895
경기도 광명시,202401,278654,32186
경기도 광명시,202402,278250,32328
경기도 광명시,202403,277978,32938
경기도 광명시,202404,277724,33497
경기도 광명시,202405,277504,33222
경기도 광명시,202406,277246,33222
경기도 광명시,202407,276917,32883
경기도 광명시,202408,276658,33063
경기도 광명시,202409,276335,33358
경기도 광명시,202410,276063,33392
경기도 광명시,202411,276506,32811
경기도 광명시,202412,276942,33709
경기도 광명시,202501,278593,33444
경기도 광명시,202502,280273,34289
경기도 광명시,202503,281643,33857
경기도 광명시,202504,282210,33750
경기도 광명시,202505,282500,34037
경기도 광명시,202506,284905,34523
경기도 광명시,202507,286924,34202
경기도 광명시,202508,288208,34355
경기도 광명시,202509,288740,34770
경기도 광명시,202510,288988,35421
경기도 광명시,202511,290236,34893
경기도 광명시,202512,292768,34854
경기도 광명시,202601,296306,34436
경기도 광명시,202602,299674,35272
경기도 광명시,202603,301255,34740
경기도 광명시,202604,301963,34753
경기도 광명시,202605,302354,35548
경기도 광명시,202606,302548,34642
경기도 광명시,202607,302628,35873
경기도 광주시,202307,390207,32443
경기도 광주시,202308,390402,32565
경기도 광주시,202309,390357,32359
경기도 광주시,202310,390195,32598
경기도 광주시,202311,389821,32048
경기도 광주시,202312,389791,31128
경기도 광주시,202401,390259,31855
경기도 광주시,202402,390442,32735
경기도 광주시,202403,390747,32461
경기도 광주시,202404,391234,31793
경기도 광주시,202405,391365,31877
경기도 광주시,202406,391647,32154
경기도 광주시,202407,392518,31587
경기도 광주시,202408,393349,31951
경기도 광주시,202409,394405,31537
경기도 광주시,202410,395628,31070
경기도 광주시,202411,396038,32200
경기도 광주시,202412,395899,31582
경기도 광주시,202501,395704,31250
경기도 광주시,202502,395351,31259
경기도 광주시,202503,395229,31894
경기도 광주시,202504,395243,31040
경기도 광주시,202505,395366,31563
경기도 광주시,202506,395596,31126
경기도 광주시,202507,395677,31676
경기도 광주시,202508,395887,31467
경기도 광주시,202509,395784,32040
경기도 광주시,202510,395798,30919
경기도 광주시,202511,395697,31779
경기도 광주시,202512,395665,31322
경기도 광주시,202601,395679,31251
경기도 광주시,202602,395503,31465
경기도 광주시,202603,395517,31017
경기도 광주시,202604,395764,30651
경기도 광주시,202605,396606,30783
경기도 광주시,202606,397476,30827
경기도 광주시,202607,398659,30624
경기도 구리시,202307,187365,15295
경기도 구리시,202308,187119,15344
경기도 구리시,202309,186975,15153
경기도 구리시,202310,186776,15285
경기도 구리시,202311,186326,15211
경기도 구리시,202312,186149,15004
경기도 구리시,202401,185871,15135
경기도 구리시,202402,185620,15031
경기도 구리시,202403,185310,14904
경기도 구리시,202404,185200,15236
경기도 구리시,202405,185117,15145
경기도 구리시,202406,185327,14915
경기도 구리시,202407,185469,15242
경기도 구리시,202408,185568,15149
경기도 구리시,202409,185646,14808
경기도 구리시,202410,185823,14745
경기도 구리시,202411,185827,14927
경기도 구리시,202412,185944,14868
경기도 구리시,202501,185939,14929
경기도 구리시,202502,185690,14880
경기도 구리시,202503,185662,15019
경기도 구리시,202504,185603,14800
경기도 구리시,202505,185583,14340
경기도 구리시,202506,185590,14707
경기도 구리시,202507,185572,14862
경기도 구리시,202508,185426,14871
경기도 구리시,202509,185164,14484
경기도 구리시,202510,185031,14704
경기도 구리시,202511,185099,14502
경기도 구리시,202512,185179,14581
경기도 구리시,202601,185229,14658
경기도 구리시,202602,185062,14752
경기도 구리시,202603,185114,14424
경기도 구리시,202604,185986,14599
경기도 구리시,202605,186590,14382
경기도 구리시,202606,186914,14145
경기도 구리시,202607,187164,14390
경기도 군포시,202307,262764,14828
경기도 군포시,202308,262425,15077
경기도 군포시,202309,261944,15522
경기도 군포시,202310,261513,15270
경기도 군포시,202311,260790,15316
경기도 군포시,202312,260136,15530
경기도 군포시,202401,259603,15410
경기도 군포시,202402,259089,15783
경기도 군포시,202403,258727,15524
경기도 군포시,202404,258518,15955
경기도 군포시,202405,258226,15853
경기도 군포시,202406,257922,16175
경기도 군포시,202407,257436,16532
경기도 군포시,202408,257012,16190
경기도 군포시,202409,256427,16524
경기도 군포시,202410,255811,16339
경기도 군포시,202411,255243,16616
경기도 군포시,202412,254772,16702
경기도 군포시,202501,254381,17112
경기도 군포시,202502,253669,17104
경기도 군포시,202503,253232,17031
경기도 군포시,202504,252710,16998
경기도 군포시,202505,252431,16917
경기도 군포시,202506,252174,17348
경기도 군포시,202507,251695,17713
경기도 군포시,202508,251341,17297
경기도 군포시,202509,251228,18091
경기도 군포시,202510,250910,17847
경기도 군포시,202511,250685,17526
경기도 군포시,202512,250325,17815
경기도 군포시,202601,250009,18235
경기도 군포시,202602,249683,18263
경기도 군포시,202603,249283,18206
경기도 군포시,202604,248987,18342
경기도 군포시,202605,248749,18375
경기도 군포시,202606,248440,18433
경기도 군포시,202607,248228,18563
경기도 김포시,202307,484057,59400
경기도 김포시,202308,483963,59964
경기도 김포시,202309,483872,61059
경기도 김포시,202310,483982,59601
경기도 김포시,202311,484020,61174
경기도 김포시,202312,484095,61708
경기도 김포시,202401,483954,62207
경기도 김포시,202402,483614,62878
경기도 김포시,202403,483463,63272
경기도 김포시,202404,483412,62644
경기도 김포시,202405,483648,62415
경기도 김포시,202406,483901,63116
경기도 김포시,202407,484015,64184
경기도 김포시,202408,484183,65476
경기도 김포시,202409,484155,65601
경기도 김포시,202410,484429,63450
경기도 김포시,202411,484746,65211
경기도 김포시,202412,484715,65633
경기도 김포시,202501,484534,65346
경기도 김포시,202502,483621,66308
경기도 김포시,202503,483353,67150
경기도 김포시,202504,483152,67404
경기도 김포시,202505,483191,67472
경기도 김포시,202506,482962,67537
경기도 김포시,202507,482865,66688
경기도 김포시,202508,482538,69462
경기도 김포시,202509,482441,69688
경기도 김포시,202510,482581,69300
경기도 김포시,202511,482734,68930
경기도 김포시,202512,482728,72087
경기도 김포시,202601,482634,69494
경기도 김포시,202602,482553,70435
경기도 김포시,202603,482268,70715
경기도 김포시,202604,482150,71746
경기도 김포시,202605,481972,71122
경기도 김포시,202606,481954,73199
경기도 김포시,202607,481874,72125
경기도 남양주시,202307,730001,31080
경기도 남양주시,202308,729390,30779
경기도 남양주시,202309,728835,31743
경기도 남양주시,202310,728596,30921
경기도 남양주시,202311,728454,31083
경기도 남양주시,202312,728648,31076
경기도 남양주시,202401,728868,31059
경기도 남양주시,202402,728871,30977
경기도 남양주시,202403,729222,30612
경기도 남양주시,202404,729640,31044
경기도 남양주시,202405,729789,30364
경기도 남양주시,202406,729723,30446
경기도 남양주시,202407,729663,30144
경기도 남양주시,202408,729489,30821
경기도 남양주시,202409,729252,31259
경기도 남양주시,202410,729382,30631
경기도 남양주시,202411,729073,30331
경기도 남양주시,202412,728988,29853
경기도 남양주시,202501,728699,30472
경기도 남양주시,202502,727660,30137
경기도 남양주시,202503,727258,30362
경기도 남양주시,202504,726920,30462
경기도 남양주시,202505,726719,30084
경기도 남양주시,202506,726789,29800
경기도 남양주시,202507,726971,30087
경기도 남양주시,202508,727175,30017
경기도 남양주시,202509,727026,29768
경기도 남양주시,202510,727034,29695
경기도 남양주시,202511,726878,30057
경기도 남양주시,202512,726620,29687
경기도 남양주시,202601,726410,30091
경기도 남양주시,202602,726015,29764
경기도 남양주시,202603,725475,29702
경기도 남양주시,202604,725040,28814
경기도 남양주시,202605,724643,29545
경기도 남양주시,202606,724381,29865
경기도 남양주시,202607,724303,29455
경기도 동두천시,202307,88681,3782
경기도 동두천시,202308,88540,3741
경기도 동두천시,202309,88399,3723
경기도 동두천시,202310,88189,3875
경기도 동두천시,202311,88137,3700
경기도 동두천시,202312,87966,3779
경기도 동두천시,202401,87878,3838
경기도 동두천시,202402,87594,3740
경기도 동두천시,202403,87215,3826
경기도 동두천시,202404,87073,3754
경기도 동두천시,202405,86911,3718
경기도 동두천시,202406,86853,3737
경기도 동두천시,202407,86673,3713
경기도 동두천시,202408,86509,3663
경기도 동두천시,202409,86445,3711
경기도 동두천시,202410,86279,3716
경기도 동두천시,202411,86204,3677
경기도 동두천시,202412,86160,3677
경기도 동두천시,202501,86139,3744
경기도 동두천시,202502,86022,3630
경기도 동두천시,202503,85982,3727
경기도 동두천시,202504,86035,3682
경기도 동두천시,202505,86232,3636
경기도 동두천시,202506,86297,3577
경기도 동두천시,202507,86233,3569
경기도 동두천시,202508,86231,3641
경기도 동두천시,202509,86185,3605
경기도 동두천시,202510,86016,3631
경기도 동두천시,202511,85908,3619
경기도 동두천시,202512,85770,3610
경기도 동두천시,202601,85641,3591
경기도 동두천시,202602,85608,3620
경기도 동두천시,202603,85647,3578
경기도 동두천시,202604,85618,3565
경기도 동두천시,202605,85575,3551
경기도 동두천시,202606,85610,3518
경기도 동두천시,202607,85537,3508
경기도 부천시,202307,782435,44654
경기도 부천시,202308,781419,45719
경기도 부천시,202309,780203,45806
경기도 부천시,202310,779037,45789
경기도 부천시,202311,777365,46196
경기도 부천시,202312,776124,46857
경기도 부천시,202401,775088,46865
경기도 부천시,202402,773772,46922
경기도 부천시,202403,772624,47727
경기도 부천시,202404,771801,48540
경기도 부천시,202405,771368,48852
경기도 부천시,202406,770774,48070
경기도 부천시,202407,770015,49655
경기도 부천시,202408,769368,49587
경기도 부천시,202409,768786,50287
경기도 부천시,202410,767743,50431
경기도 부천시,202411,767014,50289
경기도 부천시,202412,766105,51013
경기도 부천시,202501,765268,51701
경기도 부천시,202502,763577,52916
경기도 부천시,202503,762553,53089
경기도 부천시,202504,761597,51991
경기도 부천시,202505,760836,53453
경기도 부천시,202506,759872,54569
경기도 부천시,202507,759345,52937
경기도 부천시,202508,758536,53954
경기도 부천시,202509,757649,53919
경기도 부천시,202510,756955,55231
경기도 부천시,202511,755966,55990
경기도 부천시,202512,755181,56436
경기도 부천시,202601,754610,56028
경기도 부천시,202602,753859,55909
경기도 부천시,202603,753127,57481
경기도 부천시,202604,752812,57821
경기도 부천시,202605,752516,57434
경기도 부천시,202606,751949,58031
경기도 부천시,202607,751353,58253
경기도 성남시 분당구,202307,472401,30559
경기도 성남시 분당구,202308,471315,30611
경기도 성남시 분당구,202309,470987,30683
경기도 성남시 분당구,202310,470999,30550
경기도 성남시 분당구,202311,470576,30948
경기도 성남시 분당구,202312,469767,30978
경기도 성남시 분당구,202401,469492,30984
경기도 성남시 분당구,202402,469227,30995
경기도 성남시 분당구,202403,468850,31913
경기도 성남시 분당구,202404,468439,31002
경기도 성남시 분당구,202405,467880,30998
경기도 성남시 분당구,202406,467760,31223
경기도 성남시 분당구,202407,467597,31298
경기도 성남시 분당구,202408,467407,31012
경기도 성남시 분당구,202409,467119,31417
경기도 성남시 분당구,202410,467677,30985
경기도 성남시 분당구,202411,468089,31582
경기도 성남시 분당구,202412,467967,31518
경기도 성남시 분당구,202501,468022,30646
경기도 성남시 분당구,202502,467726,31267
경기도 성남시 분당구,202503,467212,31153
경기도 성남시 분당구,202504,467016,31171
경기도 성남시 분당구,202505,466981,31788
경기도 성남시 분당구,202506,466862,31108
경기도 성남시 분당구,202507,466790,31566
경기도 성남시 분당구,202508,466716,31454
경기도 성남시 분당구,202509,466751,32434
경기도 성남시 분당구,202510,466622,31217
경기도 성남시 분당구,202511,466687,32355
경기도 성남시 분당구,202512,466667,31813
경기도 성남시 분당구,202601,466717,31806
경기도 성남시 분당구,202602,466290,31578
경기도 성남시 분당구,202603,465861,31006
경기도 성남시 분당구,202604,465484,31685
경기도 성남시 분당구,202605,465226,31869
경기도 성남시 분당구,202606,464522,31601
경기도 성남시 분당구,202607,463920,31429
경기도 성남시 수정구,202307,229358,8623
경기도 성남시 수정구,202308,229235,8531
경기도 성남시 수정구,202309,229092,8702
경기도 성남시 수정구,202310,229145,8487
경기도 성남시 수정구,202311,232150,8827
경기도 성남시 수정구,202312,234591,8822
경기도 성남시 수정구,202401,235486,8969
경기도 성남시 수정구,202402,235956,8914
경기도 성남시 수정구,202403,236174,9012
경기도 성남시 수정구,202404,236172,8952
경기도 성남시 수정구,202405,236118,9063
경기도 성남시 수정구,202406,235832,9047
경기도 성남시 수정구,202407,235551,9310
경기도 성남시 수정구,202408,235307,9317
경기도 성남시 수정구,202409,234914,9332
경기도 성남시 수정구,202410,234268,9234
경기도 성남시 수정구,202411,233743,9286
경기도 성남시 수정구,202412,233461,9371
경기도 성남시 수정구,202501,233313,9685
경기도 성남시 수정구,202502,233087,9745
경기도 성남시 수정구,202503,232894,9587
경기도 성남시 수정구,202504,232609,9643
경기도 성남시 수정구,202505,232305,9663
경기도 성남시 수정구,202506,232119,10015
경기도 성남시 수정구,202507,231824,10034
경기도 성남시 수정구,202508,231459,9981
경기도 성남시 수정구,202509,231304,9835
경기도 성남시 수정구,202510,231312,10106
경기도 성남시 수정구,202511,231021,10468
경기도 성남시 수정구,202512,231061,10089
경기도 성남시 수정구,202601,231963,10304
경기도 성남시 수정구,202602,232792,10405
경기도 성남시 수정구,202603,233058,10432
경기도 성남시 수정구,202604,232907,10597
경기도 성남시 수정구,202605,233055,10382
경기도 성남시 수정구,202606,233390,10230
경기도 성남시 수정구,202607,233732,10777
경기도 성남시 중원구,202307,212312,16205
경기도 성남시 중원구,202308,211868,16126
경기도 성남시 중원구,202309,211646,16006
경기도 성남시 중원구,202310,211503,15831
경기도 성남시 중원구,202311,210338,16081
경기도 성남시 중원구,202312,209696,16273
경기도 성남시 중원구,202401,209215,16123
경기도 성남시 중원구,202402,209033,16213
경기도 성남시 중원구,202403,208791,16428
경기도 성남시 중원구,202404,208417,16434
경기도 성남시 중원구,202405,208058,16323
경기도 성남시 중원구,202406,207915,16580
경기도 성남시 중원구,202407,207789,16570
경기도 성남시 중원구,202408,207495,16303
경기도 성남시 중원구,202409,207133,16360
경기도 성남시 중원구,202410,206590,16480
경기도 성남시 중원구,202411,206153,16398
경기도 성남시 중원구,202412,205808,16491
경기도 성남시 중원구,202501,205615,16633
경기도 성남시 중원구,202502,205252,16577
경기도 성남시 중원구,202503,205098,16278
경기도 성남시 중원구,202504,204879,16822
경기도 성남시 중원구,202505,204768,16698
경기도 성남시 중원구,202506,204491,16610
경기도 성남시 중원구,202507,204151,16144
경기도 성남시 중원구,202508,203690,16306
경기도 성남시 중원구,202509,203391,16561
경기도 성남시 중원구,202510,203230,16585
경기도 성남시 중원구,202511,202853,16173
경기도 성남시 중원구,202512,202429,16685
경기도 성남시 중원구,202601,201889,16473
경기도 성남시 중원구,202602,201555,16331
경기도 성남시 중원구,202603,201037,16326
경기도 성남시 중원구,202604,200669,16423
경기도 성남시 중원구,202605,199962,16316
경기도 성남시 중원구,202606,198989,16702
경기도 성남시 중원구,202607,197990,16381
경기도 수원시 권선구,202307,367537,24446
경기도 수원시 권선구,202308,366904,24760
경기도 수원시 권선구,202309,365991,23824
경기도 수원시 권선구,202310,365394,23666
경기도 수원시 권선구,202311,365176,24652
경기도 수원시 권선구,202312,364871,24348
경기도 수원시 권선구,202401,365013,23843
경기도 수원시 권선구,202402,364619,24363
경기도 수원시 권선구,202403,364581,24221
경기도 수원시 권선구,202404,364023,23510
경기도 수원시 권선구,202405,363789,23817
경기도 수원시 권선구,202406,363496,24097
경기도 수원시 권선구,202407,363426,23589
경기도 수원시 권선구,202408,363112,24016
경기도 수원시 권선구,202409,362496,23406
경기도 수원시 권선구,202410,361889,23910
경기도 수원시 권선구,202411,361561,23257
경기도 수원시 권선구,202412,361355,23534
경기도 수원시 권선구,202501,361303,23589
경기도 수원시 권선구,202502,361168,23630
경기도 수원시 권선구,202503,361062,23302
경기도 수원시 권선구,202504,360613,23660
경기도 수원시 권선구,202505,360205,23400
경기도 수원시 권선구,202506,360217,23684
경기도 수원시 권선구,202507,360188,23567
경기도 수원시 권선구,202508,360155,23647
경기도 수원시 권선구,202509,360079,23221
경기도 수원시 권선구,202510,359953,23326
경기도 수원시 권선구,202511,359924,23697
경기도 수원시 권선구,202512,359766,22440
경기도 수원시 권선구,202601,359510,22476
경기도 수원시 권선구,202602,359244,22885
경기도 수원시 권선구,202603,359110,22992
경기도 수원시 권선구,202604,359082,22869
경기도 수원시 권선구,202605,359080,23127
경기도 수원시 권선구,202606,359041,23049
경기도 수원시 권선구,202607,358865,22755
경기도 수원시 영통구,202307,361155,40167
경기도 수원시 영통구,202308,361505,39960
경기도 수원시 영통구,202309,361600,39339
경기도 수원시 영통구,202310,361614,39985
경기도 수원시 영통구,202311,361557,39327
경기도 수원시 영통구,202312,361580,39294
경기도 수원시 영통구,202401,361590,39855
경기도 수원시 영통구,202402,361609,39230
경기도 수원시 영통구,202403,361666,38507
경기도 수원시 영통구,202404,361066,38880
경기도 수원시 영통구,202405,360647,38757
경기도 수원시 영통구,202406,360414,37693
경기도 수원시 영통구,202407,360124,37353
경기도 수원시 영통구,202408,360056,37563
경기도 수원시 영통구,202409,359830,37710
경기도 수원시 영통구,202410,359877,37690
경기도 수원시 영통구,202411,359941,36900
경기도 수원시 영통구,202412,359847,37292
경기도 수원시 영통구,202501,359619,36769
경기도 수원시 영통구,202502,359260,36830
경기도 수원시 영통구,202503,359274,37652
경기도 수원시 영통구,202504,360482,36320
경기도 수원시 영통구,202505,361647,37266
경기도 수원시 영통구,202506,361965,36285
경기도 수원시 영통구,202507,361780,36608
경기도 수원시 영통구,202508,361625,35829
경기도 수원시 영통구,202509,361500,35682
경기도 수원시 영통구,202510,361430,35035
경기도 수원시 영통구,202511,361221,35778
경기도 수원시 영통구,202512,361083,35298
경기도 수원시 영통구,202601,360873,34812
경기도 수원시 영통구,202602,360705,34873
경기도 수원시 영통구,202603,360690,34875
경기도 수원시 영통구,202604,360721,34557
경기도 수원시 영통구,202605,360741,33881
경기도 수원시 영통구,202606,360686,33598
경기도 수원시 영통구,202607,360686,34121
경기도 수원시 장안구,202307,267855,27995
경기도 수원시 장안구,202308,267277,28603
경기도 수원시 장안구,202309,266938,28067
경기도 수원시 장안구,202310,268161,28882
경기도 수원시 장안구,202311,268972,28431
경기도 수원시 장안구,202312,269551,29026
경기도 수원시 장안구,202401,269671,29352
경기도 수원시 장안구,202402,270033,28356
경기도 수원시 장안구,202403,270252,29133
경기도 수원시 장안구,202404,272048,29050
경기도 수원시 장안구,202405,273269,28858
경기도 수원시 장안구,202406,273491,28931
경기도 수원시 장안구,202407,273762,28774
경기도 수원시 장안구,202408,273940,28941
경기도 수원시 장안구,202409,273759,29152
경기도 수원시 장안구,202410,273577,28649
경기도 수원시 장안구,202411,273356,28704
경기도 수원시 장안구,202412,273364,29131
경기도 수원시 장안구,202501,272929,29833
경기도 수원시 장안구,202502,272756,29912
경기도 수원시 장안구,202503,272583,29489
경기도 수원시 장안구,202504,272060,29738
경기도 수원시 장안구,202505,271749,28519
경기도 수원시 장안구,202506,271325,29604
경기도 수원시 장안구,202507,270988,29591
경기도 수원시 장안구,202508,270720,29581
경기도 수원시 장안구,202509,270452,29736
경기도 수원시 장안구,202510,270320,29564
경기도 수원시 장안구,202511,270111,29997
경기도 수원시 장안구,202512,269841,30476
경기도 수원시 장안구,202601,269654,30320
경기도 수원시 장안구,202602,269650,30462
경기도 수원시 장안구,202603,269415,30068
경기도 수원시 장안구,202604,269163,30411
경기도 수원시 장안구,202605,268980,30494
경기도 수원시 장안구,202606,268727,30442
경기도 수원시 장안구,202607,268519,30217
경기도 수원시 팔달구,202307,190999,11240
경기도 수원시 팔달구,202308,194034,11132
경기도 수원시 팔달구,202309,195795,11435
경기도 수원시 팔달구,202310,196335,11344
경기도 수원시 팔달구,202311,196007,11194
경기도 수원시 팔달구,202312,195768,11469
경기도 수원시 팔달구,202401,195505,11198
경기도 수원시 팔달구,202402,195175,11249
경기도 수원시 팔달구,202403,194934,11117
경기도 수원시 팔달구,202404,194478,11200
경기도 수원시 팔달구,202405,194267,11244
경기도 수원시 팔달구,202406,194169,11005
경기도 수원시 팔달구,202407,193999,11218
경기도 수원시 팔달구,202408,193868,11130
경기도 수원시 팔달구,202409,193617,11156
경기도 수원시 팔달구,202410,193336,11166
경기도 수원시 팔달구,202411,193141,11078
경기도 수원시 팔달구,202412,193030,11022
경기도 수원시 팔달구,202501,193040,11121
경기도 수원시 팔달구,202502,192954,10932
경기도 수원시 팔달구,202503,192702,11230
경기도 수원시 팔달구,202504,192461,10913
경기도 수원시 팔달구,202505,192270,10995
경기도 수원시 팔달구,202506,192187,11090
경기도 수원시 팔달구,202507,191976,11032
경기도 수원시 팔달구,202508,191719,10843
경기도 수원시 팔달구,202509,191392,11007
경기도 수원시 팔달구,202510,191108,10881
경기도 수원시 팔달구,202511,190857,10833
경기도 수원시 팔달구,202512,190488,10991
경기도 수원시 팔달구,202601,190664,10773
경기도 수원시 팔달구,202602,191169,10748
경기도 수원시 팔달구,202603,191691,10844
경기도 수원시 팔달구,202604,191929,10926
경기도 수원시 팔달구,202605,192095,11011
경기도 수원시 팔달구,202606,192133,10762
경기도 수원시 팔달구,202607,192040,10948
경기도 시흥시,202307,516112,49272
경기도 시흥시,202308,515979,49199
경기도 시흥시,202309,515978,48731
경기도 시흥시,202310,516599,48089
경기도 시흥시,202311,517274,48036
경기도 시흥시,202312,517438,48284
경기도 시흥시,202401,516901,48868
경기도 시흥시,202402,516442,47453
경기도 시흥시,202403,516789,46857
경기도 시흥시,202404,516759,47886
경기도 시흥시,202405,516573,47006
경기도 시흥시,202406,516440,46848
경기도 시흥시,202407,516100,47311
경기도 시흥시,202408,516136,46602
경기도 시흥시,202409,516324,46885
경기도 시흥시,202410,516422,46096
경기도 시흥시,202411,516201,46733
경기도 시흥시,202412,515675,47149
경기도 시흥시,202501,515081,46711
경기도 시흥시,202502,514012,45704
경기도 시흥시,202503,513822,45435
경기도 시흥시,202504,513496,45904
경기도 시흥시,202505,513147,45714
경기도 시흥시,202506,512754,46043
경기도 시흥시,202507,512233,45965
경기도 시흥시,202508,512013,46082
경기도 시흥시,202509,512081,44827
경기도 시흥시,202510,512465,45342
경기도 시흥시,202511,512528,44723
경기도 시흥시,202512,512685,44522
경기도 시흥시,202601,512329,44503
경기도 시흥시,202602,511997,46216
경기도 시흥시,202603,512151,43728
경기도 시흥시,202604,512511,44586
경기도 시흥시,202605,512518,44858
경기도 시흥시,202606,512578,43048
경기도 시흥시,202607,512758,44369
경기도 안산시 단원구,202307,294410,30424
경기도 안산시 단원구,202308,294212,30177
경기도 안산시 단원구,202309,294042,30241
경기도 안산시 단원구,202310,293600,30336
경기도 안산시 단원구,202311,293095,30075
경기도 안산시 단원구,202312,292829,30394
경기도 안산시 단원구,202401,292891,29576
경기도 안산시 단원구,202402,293162,30298
경기도 안산시 단원구,202403,293252,29992
경기도 안산시 단원구,202404,293113,30060
경기도 안산시 단원구,202405,293212,30661
경기도 안산시 단원구,202406,293353,29734
경기도 안산시 단원구,202407,293357,29396
경기도 안산시 단원구,202408,293117,29348
경기도 안산시 단원구,202409,292883,29455
경기도 안산시 단원구,202410,292521,29251
경기도 안산시 단원구,202411,292166,29273
경기도 안산시 단원구,202412,291731,30265
경기도 안산시 단원구,202501,291372,29987
경기도 안산시 단원구,202502,290789,29329
경기도 안산시 단원구,202503,290247,29603
경기도 안산시 단원구,202504,289992,29292
경기도 안산시 단원구,202505,289533,30019
경기도 안산시 단원구,202506,289188,29514
경기도 안산시 단원구,202507,288911,29537
경기도 안산시 단원구,202508,288720,29001
경기도 안산시 단원구,202509,288621,29703
경기도 안산시 단원구,202510,288517,29190
경기도 안산시 단원구,202511,288388,29235
경기도 안산시 단원구,202512,288193,28778
경기도 안산시 단원구,202601,287977,29935
경기도 안산시 단원구,202602,287745,29154
경기도 안산시 단원구,202603,287627,29449
경기도 안산시 단원구,202604,287379,28912
경기도 안산시 단원구,202605,287146,28882
경기도 안산시 단원구,202606,286944,29129
경기도 안산시 단원구,202607,286874,29639
경기도 안산시 상록구,202307,336882,19938
경기도 안산시 상록구,202308,336247,20440
경기도 안산시 상록구,202309,335579,19869
경기도 안산시 상록구,202310,334973,20104
경기도 안산시 상록구,202311,333844,20042
경기도 안산시 상록구,202312,332815,20339
경기도 안산시 상록구,202401,331865,20274
경기도 안산시 상록구,202402,330727,20348
경기도 안산시 상록구,202403,330119,20013
경기도 안산시 상록구,202404,329519,20626
경기도 안산시 상록구,202405,329073,20669
경기도 안산시 상록구,202406,328391,20772
경기도 안산시 상록구,202407,327899,21062
경기도 안산시 상록구,202408,327400,20465
경기도 안산시 상록구,202409,326928,20161
경기도 안산시 상록구,202410,326265,20876
경기도 안산시 상록구,202411,325719,20829
경기도 안산시 상록구,202412,325234,20780
경기도 안산시 상록구,202501,324456,20763
경기도 안산시 상록구,202502,323645,21032
경기도 안산시 상록구,202503,323340,20883
경기도 안산시 상록구,202504,323330,20752
경기도 안산시 상록구,202505,323280,21098
경기도 안산시 상록구,202506,323075,20851
경기도 안산시 상록구,202507,322477,21422
경기도 안산시 상록구,202508,322149,21511
경기도 안산시 상록구,202509,321945,21727
경기도 안산시 상록구,202510,321680,21514
경기도 안산시 상록구,202511,321192,21557
경기도 안산시 상록구,202512,320844,21663
경기도 안산시 상록구,202601,320447,21824
경기도 안산시 상록구,202602,320298,21606
경기도 안산시 상록구,202603,319761,21609
경기도 안산시 상록구,202604,319321,21513
경기도 안산시 상록구,202605,319207,21782
경기도 안산시 상록구,202606,318941,22043
경기도 안산시 상록구,202607,318682,21377
경기도 안성시,202307,188592,6990
경기도 안성시,202308,188706,6985
경기도 안성시,202309,188693,7269
경기도 안성시,202310,188598,6911
경기도 안성시,202311,188385,7179
경기도 안성시,202312,188277,7229
경기도 안성시,202401,188657,7368
경기도 안성시,202402,189468,7317
경기도 안성시,202403,189695,7195
경기도 안성시,202404,190121,7547
경기도 안성시,202405,190518,7395
경기도 안성시,202406,190955,7312
경기도 안성시,202407,191572,7581
경기도 안성시,202408,192326,7678
경기도 안성시,202409,192496,7747
경기도 안성시,202410,192733,7749
경기도 안성시,202411,192867,7775
경기도 안성시,202412,193217,8001
경기도 안성시,202501,193281,8137
경기도 안성시,202502,193841,8101
경기도 안성시,202503,194100,8017
경기도 안성시,202504,194568,8018
경기도 안성시,202505,194765,8077
경기도 안성시,202506,195083,8359
경기도 안성시,202507,195600,8374
경기도 안성시,202508,196037,8379
경기도 안성시,202509,195988,8297
경기도 안성시,202510,195939,8539
경기도 안성시,202511,195849,8576
경기도 안성시,202512,195876,8562
경기도 안성시,202601,195959,8489
경기도 안성시,202602,196162,8880
경기도 안성시,202603,196556,8803
경기도 안성시,202604,197389,8753
경기도 안성시,202605,197936,8904
경기도 안성시,202606,198096,8947
경기도 안성시,202607,198626,8716
경기도 안양시 동안구,202307,311195,22881
경기도 안양시 동안구,202308,311071,23802
경기도 안양시 동안구,202309,310849,24207
경기도 안양시 동안구,202310,310871,24113
경기도 안양시 동안구,202311,310917,23615
경기도 안양시 동안구,202312,312591,24242
경기도 안양시 동안구,202401,314530,24578
경기도 안양시 동안구,202402,315318,24396
경기도 안양시 동안구,202403,315497,24469
경기도 안양시 동안구,202404,315546,25297
경기도 안양시 동안구,202405,315650,24807
경기도 안양시 동안구,202406,316138,25054
경기도 안양시 동안구,202407,318248,25293
경기도 안양시 동안구,202408,320476,25067
경기도 안양시 동안구,202409,322563,25544
경기도 안양시 동안구,202410,324125,25984
경기도 안양시 동안구,202411,324496,25825
경기도 안양시 동안구,202412,325100,25756
경기도 안양시 동안구,202501,326032,26596
경기도 안양시 동안구,202502,326290,26613
경기도 안양시 동안구,202503,326256,25674
경기도 안양시 동안구,202504,327097,27076
경기도 안양시 동안구,202505,327849,26642
경기도 안양시 동안구,202506,327856,26479
경기도 안양시 동안구,202507,328154,26875
경기도 안양시 동안구,202508,328468,26743
경기도 안양시 동안구,202509,328352,27594
경기도 안양시 동안구,202510,328340,27742
경기도 안양시 동안구,202511,328158,27721
경기도 안양시 동안구,202512,328157,27665
경기도 안양시 동안구,202601,328343,28463
경기도 안양시 동안구,202602,328447,28396
경기도 안양시 동안구,202603,327936,28662
경기도 안양시 동안구,202604,327742,27867
경기도 안양시 동안구,202605,327564,28835
경기도 안양시 동안구,202606,327238,28771
경기도 안양시 동안구,202607,326747,28747
경기도 안양시 만안구,202307,231786,25171
경기도 안양시 만안구,202308,231528,24912
경기도 안양시 만안구,202309,231184,24820
경기도 안양시 만안구,202310,230756,25373
경기도 안양시 만안구,202311,230185,24487
경기도 안양시 만안구,202312,229566,24741
경기도 안양시 만안구,202401,229060,25251
경기도 안양시 만안구,202402,228754,24629
경기도 안양시 만안구,202403,228424,25130
경기도 안양시 만안구,202404,228193,24915
경기도 안양시 만안구,202405,228063,25132
경기도 안양시 만안구,202406,227961,24950
경기도 안양시 만안구,202407,227318,25074
경기도 안양시 만안구,202408,226626,25350
경기도 안양시 만안구,202409,226235,24866
경기도 안양시 만안구,202410,226369,25752
경기도 안양시 만안구,202411,227651,24994
경기도 안양시 만안구,202412,228880,25258
경기도 안양시 만안구,202501,229426,25119
경기도 안양시 만안구,202502,231197,25246
경기도 안양시 만안구,202503,232429,24628
경기도 안양시 만안구,202504,232738,25184
경기도 안양시 만안구,202505,233112,25472
경기도 안양시 만안구,202506,233178,25346
경기도 안양시 만안구,202507,233041,25806
경기도 안양시 만안구,202508,232910,25520
경기도 안양시 만안구,202509,232972,25311
경기도 안양시 만안구,202510,232811,25189
경기도 안양시 만안구,202511,232697,25812
경기도 안양시 만안구,202512,232644,25128
경기도 안양시 만안구,202601,232546,25346
경기도 안양시 만안구,202602,232502,25337
경기도 안양시 만안구,202603,232306,25673
경기도 안양시 만안구,202604,232265,25454
경기도 안양시 만안구,202605,232375,25197
경기도 안양시 만안구,202606,232664,25329
경기도 안양시 만안구,202607,232998,25653
경기도 양주시,202307,259578,19316
경기도 양주시,202308,261195,19209
경기도 양주시,202309,262473,19076
경기도 양주시,202310,264056,18721
경기도 양주시,202311,265292,18674
경기도 양주시,202312,266856,18528
경기도 양주시,202401,268503,18716
경기도 양주시,202402,271235,18718
경기도 양주시,202403,274131,18534
경기도 양주시,202404,275817,17954
경기도 양주시,202405,277382,18198
경기도 양주시,202406,279034,17743
경기도 양주시,202407,281048,17897
경기도 양주시,202408,283252,17609
경기도 양주시,202409,284756,18431
경기도 양주시,202410,286136,17868
경기도 양주시,202411,287076,17356
경기도 양주시,202412,287816,17743
경기도 양주시,202501,288354,17700
경기도 양주시,202502,288613,17708
경기도 양주시,202503,289103,17066
경기도 양주시,202504,290174,17566
경기도 양주시,202505,290951,17021
경기도 양주시,202506,291545,16663
경기도 양주시,202507,292282,16522
경기도 양주시,202508,292966,16811
경기도 양주시,202509,293686,16476
경기도 양주시,202510,294171,16376
경기도 양주시,202511,294609,16605
경기도 양주시,202512,295070,16633
경기도 양주시,202601,295325,16022
경기도 양주시,202602,295621,15947
경기도 양주시,202603,295709,16193
경기도 양주시,202604,295788,16115
경기도 양주시,202605,295854,15615
경기도 양주시,202606,296118,15655
경기도 양주시,202607,296240,15404
경기도 양평군,202307,122821,7434
경기도 양평군,202308,123437,7654
경기도 양평군,202309,123629,7425
경기도 양평군,202310,124205,7476
경기도 양평군,202311,124491,7694
경기도 양평군,202312,124600,7735
경기도 양평군,202401,124743,7696
경기도 양평군,202402,124979,7630
경기도 양평군,202403,125100,7713
경기도 양평군,202404,125359,7756
경기도 양평군,202405,125509,7749
경기도 양평군,202406,125653,8004
경기도 양평군,202407,126050,7906
경기도 양평군,202408,126411,7836
경기도 양평군,202409,126362,7749
경기도 양평군,202410,126444,7896
경기도 양평군,202411,126185,7995
경기도 양평군,202412,126159,8079
경기도 양평군,202501,126161,7946
경기도 양평군,202502,125994,7847
경기도 양평군,202503,125991,8020
경기도 양평군,202504,126074,8170
경기도 양평군,202505,126191,8101
경기도 양평군,202506,126239,8098
경기도 양평군,202507,126199,7990
경기도 양평군,202508,126486,8038
경기도 양평군,202509,126532,8206
경기도 양평군,202510,126614,8280
경기도 양평군,202511,126481,8095
경기도 양평군,202512,126304,8253
경기도 양평군,202601,126367,8286
경기도 양평군,202602,126208,8219
경기도 양평군,202603,126130,8370
경기도 양평군,202604,126178,8350
경기도 양평군,202605,126126,8349
경기도 양평군,202606,126203,8343
경기도 양평군,202607,126377,8353
경기도 여주시,202307,113648,9563
경기도 여주시,202308,113724,9570
경기도 여주시,202309,113898,9537
경기도 여주시,202310,113997,9852
경기도 여주시,202311,114028,9789
경기도 여주시,202312,114089,9701
경기도 여주시,202401,114008,9759
경기도 여주시,202402,113943,9672
경기도 여주시,202403,113954,9898
경기도 여주시,202404,114041,9865
경기도 여주시,202405,114190,9831
경기도 여주시,202406,114313,10006
경기도 여주시,202407,114366,9904
경기도 여주시,202408,114425,9875
경기도 여주시,202409,114427,9739
경기도 여주시,202410,114508,9914
경기도 여주시,202411,114409,10291
경기도 여주시,202412,114271,10034
경기도 여주시,202501,114226,10175
경기도 여주시,202502,114073,9965
경기도 여주시,202503,114007,10186
경기도 여주시,202504,113954,10288
경기도 여주시,202505,113962,10091
경기도 여주시,202506,113971,10164
경기도 여주시,202507,113950,9995
경기도 여주시,202508,113872,10380
경기도 여주시,202509,113792,10370
경기도 여주시,202510,113830,10154
경기도 여주시,202511,113749,10432
경기도 여주시,202512,113639,10438
경기도 여주시,202601,113528,10207
경기도 여주시,202602,113384,10285
경기도 여주시,202603,113267,10303
경기도 여주시,202604,113253,10521
경기도 여주시,202605,113191,10557
경기도 여주시,202606,113155,10737
경기도 여주시,202607,113029,10435
경기도 연천군,202307,41588,4891
경기도 연천군,202308,41499,4840
경기도 연천군,202309,41496,4812
경기도 연천군,202310,41429,4779
경기도 연천군,202311,41361,4823
경기도 연천군,202312,41361,4791
경기도 연천군,202401,41269,4721
경기도 연천군,202402,41125,4808
경기도 연천군,202403,41019,4793
경기도 연천군,202404,40899,4670
경기도 연천군,202405,40870,4670
경기도 연천군,202406,40880,4688
경기도 연천군,202407,40829,4780
경기도 연천군,202408,40744,4558
경기도 연천군,202409,40687,4616
경기도 연천군,202410,40662,4561
경기도 연천군,202411,40589,4656
경기도 연천군,202412,40651,4633
경기도 연천군,202501,40679,4661
경기도 연천군,202502,40758,4576
경기도 연천군,202503,40788,4480
경기도 연천군,202504,40816,4474
경기도 연천군,202505,40854,4568
경기도 연천군,202506,40854,4575
경기도 연천군,202507,40819,4479
경기도 연천군,202508,40811,4501
경기도 연천군,202509,40825,4408
경기도 연천군,202510,41149,4466
경기도 연천군,202511,41779,4425
경기도 연천군,202512,42141,4290
경기도 연천군,202601,42280,4334
경기도 연천군,202602,42383,4327
경기도 연천군,202603,42491,4281
경기도 연천군,202604,42620,4286
경기도 연천군,202605,42675,4313
경기도 연천군,202606,42781,4427
경기도 연천군,202607,42909,4228
경기도 오산시,202307,228434,26512
경기도 오산시,202308,228764,26803
경기도 오산시,202309,228978,27574
경기도 오산시,202310,228949,27092
경기도 오산시,202311,228924,26442
경기도 오산시,202312,228799,27303
경기도 오산시,202401,229248,27708
경기도 오산시,202402,231082,27189
경기도 오산시,202403,232113,27296
경기도 오산시,202404,233739,27344
경기도 오산시,202405,234839,27100
경기도 오산시,202406,236003,27456
경기도 오산시,202407,236960,26848
경기도 오산시,202408,237678,27153
경기도 오산시,202409,237947,27166
경기도 오산시,202410,238830,27389
경기도 오산시,202411,240292,27111
경기도 오산시,202412,241064,28061
경기도 오산시,202501,241646,27290
경기도 오산시,202502,242383,27243
경기도 오산시,202503,243357,27673
경기도 오산시,202504,244765,26551
경기도 오산시,202505,245682,27241
경기도 오산시,202506,246036,26953
경기도 오산시,202507,246118,27143
경기도 오산시,202508,246303,27417
경기도 오산시,202509,246447,27431
경기도 오산시,202510,246616,27167
경기도 오산시,202511,247339,27075
경기도 오산시,202512,248276,26527
경기도 오산시,202601,249021,27223
경기도 오산시,202602,249428,26958
경기도 오산시,202603,249698,27516
경기도 오산시,202604,250327,26737
경기도 오산시,202605,251369,26938
경기도 오산시,202606,252545,27356
경기도 오산시,202607,253712,27118
경기도 용인시 기흥구,202307,434123,7173
경기도 용인시 기흥구,202308,433947,7271
경기도 용인시 기흥구,202309,433737,7344
경기도 용인시 기흥구,202310,433735,7423
경기도 용인시 기흥구,202311,434061,7489
경기도 용인시 기흥구,202312,434611,7675
경기도 용인시 기흥구,202401,435697,7591
경기도 용인시 기흥구,202402,435617,7596
경기도 용인시 기흥구,202403,435589,7771
경기도 용인시 기흥구,202404,435083,7802
경기도 용인시 기흥구,202405,435287,7822
경기도 용인시 기흥구,202406,435709,7881
경기도 용인시 기흥구,202407,435775,7859
경기도 용인시 기흥구,202408,435785,7954
경기도 용인시 기흥구,202409,435088,8017
경기도 용인시 기흥구,202410,434629,8098
경기도 용인시 기흥구,202411,434418,8229
경기도 용인시 기흥구,202412,434311,8252
경기도 용인시 기흥구,202501,433859,8289
경기도 용인시 기흥구,202502,433161,8398
경기도 용인시 기흥구,202503,432863,8627
경기도 용인시 기흥구,202504,432589,8520
경기도 용인시 기흥구,202505,432347,8539
경기도 용인시 기흥구,202506,432414,8584
경기도 용인시 기흥구,202507,432371,8522
경기도 용인시 기흥구,202508,432570,8709
경기도 용인시 기흥구,202509,432480,8679
경기도 용인시 기흥구,202510,432665,8753
경기도 용인시 기흥구,202511,432706,8797
경기도 용인시 기흥구,202512,432992,8829
경기도 용인시 기흥구,202601,432437,9062
경기도 용인시 기흥구,202602,432305,9165
경기도 용인시 기흥구,202603,432227,9066
경기도 용인시 기흥구,202604,432257,9235
경기도 용인시 기흥구,202605,432332,9193
경기도 용인시 기흥구,202606,432561,9185
경기도 용인시 기흥구,202607,432384,9295
경기도 용인시 수지구,202307,375878,21613
경기도 용인시 수지구,202308,375864,21551
경기도 용인시 수지구,202309,375849,21173
경기도 용인시 수지구,202310,375626,21482
경기도 용인시 수지구,202311,375472,21480
경기도 용인시 수지구,202312,375343,21715
경기도 용인시 수지구,202401,375310,21771
경기도 용인시 수지구,202402,375366,21488
경기도 용인시 수지구,202403,374975,21441
경기도 용인시 수지구,202404,374664,21583
경기도 용인시 수지구,202405,374175,21303
경기도 용인시 수지구,202406,373903,21328
경기도 용인시 수지구,202407,373770,20845
경기도 용인시 수지구,202408,373575,21067
경기도 용인시 수지구,202409,373453,21174
경기도 용인시 수지구,202410,373323,21004
경기도 용인시 수지구,202411,373174,21108
경기도 용인시 수지구,202412,373250,20844
경기도 용인시 수지구,202501,373673,21037
경기도 용인시 수지구,202502,373826,20823
경기도 용인시 수지구,202503,373606,20555
경기도 용인시 수지구,202504,373242,20850
경기도 용인시 수지구,202505,373273,21069
경기도 용인시 수지구,202506,373043,20266
경기도 용인시 수지구,202507,372839,20521
경기도 용인시 수지구,202508,372671,20673
경기도 용인시 수지구,202509,372524,20672
경기도 용인시 수지구,202510,372468,20498
경기도 용인시 수지구,202511,372167,20369
경기도 용인시 수지구,202512,371994,20318
경기도 용인시 수지구,202601,371863,19994
경기도 용인시 수지구,202602,371203,19886
경기도 용인시 수지구,202603,369925,20332
경기도 용인시 수지구,202604,368845,19901
경기도 용인시 수지구,202605,367707,19842
경기도 용인시 수지구,202606,367126,20129
경기도 용인시 수지구,202607,366772,20083
경기도 용인시 처인구,202307,262196,15296
경기도 용인시 처인구,202308,263000,15423
경기도 용인시 처인구,202309,262532,15872
경기도 용인시 처인구,202310,261632,15665
경기도 용인시 처인구,202311,260883,15989
경기도 용인시 처인구,202312,260559,15528
경기도 용인시 처인구,202401,260791,15957
경기도 용인시 처인구,202402,262015,16071
경기도 용인시 처인구,202403,262528,16120
경기도 용인시 처인구,202404,264536,16066
경기도 용인시 처인구,202405,266993,16531
경기도 용인시 처인구,202406,267813,16142
경기도 용인시 처인구,202407,268836,16116
경기도 용인시 처인구,202408,269570,16411
경기도 용인시 처인구,202409,271197,16440
경기도 용인시 처인구,202410,272307,16395
경기도 용인시 처인구,202411,271784,16444
경기도 용인시 처인구,202412,273168,17199
경기도 용인시 처인구,202501,274472,17222
경기도 용인시 처인구,202502,276415,17214
경기도 용인시 처인구,202503,277418,16776
경기도 용인시 처인구,202504,278767,17268
경기도 용인시 처인구,202505,280413,17233
경기도 용인시 처인구,202506,281186,17171
경기도 용인시 처인구,202507,281680,17895
경기도 용인시 처인구,202508,283248,17636
경기도 용인시 처인구,202509,282418,17261
경기도 용인시 처인구,202510,282156,17923
경기도 용인시 처인구,202511,281419,17903
경기도 용인시 처인구,202512,281073,17712
경기도 용인시 처인구,202601,281569,17935
경기도 용인시 처인구,202602,282147,17805
경기도 용인시 처인구,202603,283163,17841
경기도 용인시 처인구,202604,284074,18125
경기도 용인시 처인구,202605,284570,18596
경기도 용인시 처인구,202606,285438,18272
경기도 용인시 처인구,202607,286304,18236
경기도 의왕시,202307,157005,13137
경기도 의왕시,202308,156816,13277
경기도 의왕시,202309,157311,13617
경기도 의왕시,202310,157568,14040
경기도 의왕시,202311,158353,13521
경기도 의왕시,202312,158178,13680
경기도 의왕시,202401,157536,13714
경기도 의왕시,202402,157010,13618
경기도 의왕시,202403,156452,13429
경기도 의왕시,202404,155796,13895
경기도 의왕시,202405,155054,13797
경기도 의왕시,202406,154908,13954
경기도 의왕시,202407,154639,14010
경기도 의왕시,202408,154427,13631
경기도 의왕시,202409,154227,13808
경기도 의왕시,202410,154012,14043
경기도 의왕시,202411,153950,14074
경기도 의왕시,202412,153759,13946
경기도 의왕시,202501,153627,14042
경기도 의왕시,202502,153359,14156
경기도 의왕시,202503,153233,13897
경기도 의왕시,202504,153254,14298
경기도 의왕시,202505,153192,14186
경기도 의왕시,202506,154626,14356
경기도 의왕시,202507,156087,14517
경기도 의왕시,202508,156826,14230
경기도 의왕시,202509,157542,14286
경기도 의왕시,202510,158390,14336
경기도 의왕시,202511,159052,14548
경기도 의왕시,202512,159681,14262
경기도 의왕시,202601,160153,14489
경기도 의왕시,202602,160501,14429
경기도 의왕시,202603,161537,14575
경기도 의왕시,202604,162301,14287
경기도 의왕시,202605,162411,14693
경기도 의왕시,202606,163556,14675
경기도 의왕시,202607,165036,14910
경기도 의정부시,202307,462159,25790
경기도 의정부시,202308,462196,25755
경기도 의정부시,202309,462334,25857
경기도 의정부시,202310,462507,25760
경기도 의정부시,202311,462044,26383
경기도 의정부시,202312,461669,25800
경기도 의정부시,202401,461199,26893
경기도 의정부시,202402,460565,27125
경기도 의정부시,202403,459983,26636
경기도 의정부시,202404,459539,27562
경기도 의정부시,202405,459198,27915
경기도 의정부시,202406,458720,27147
경기도 의정부시,202407,458203,27647
경기도 의정부시,202408,457840,28104
경기도 의정부시,202409,457824,28307
경기도 의정부시,202410,458152,28028
경기도 의정부시,202411,458520,28269
경기도 의정부시,202412,458768,28273
경기도 의정부시,202501,458661,28651
경기도 의정부시,202502,459026,28169
경기도 의정부시,202503,459128,29163
경기도 의정부시,202504,459181,28560
경기도 의정부시,202505,459174,29578
경기도 의정부시,202506,459267,28880
경기도 의정부시,202507,459136,29671
경기도 의정부시,202508,459035,29960
경기도 의정부시,202509,459218,29449
경기도 의정부시,202510,459304,30099
경기도 의정부시,202511,458989,30004
경기도 의정부시,202512,459131,30501
경기도 의정부시,202601,459102,30258
경기도 의정부시,202602,459176,31105
경기도 의정부시,202603,459054,30450
경기도 의정부시,202604,459346,31127
경기도 의정부시,202605,459445,30584
경기도 의정부시,202606,459563,31383
경기도 의정부시,202607,459526,31696
경기도 이천시,202307,222879,21785
경기도 이천시,202308,222906,21935
경기도 이천시,202309,222812,22054
경기도 이천시,202310,222780,22119
경기도 이천시,202311,221895,21687
경기도 이천시,202312,221345,22013
경기도 이천시,202401,220925,21855
경기도 이천시,202402,220719,22028
경기도 이천시,202403,220581,22289
경기도 이천시,202404,220716,22146
경기도 이천시,202405,220932,22352
경기도 이천시,202406,221845,22329
경기도 이천시,202407,222295,22418
경기도 이천시,202408,222799,22775
경기도 이천시,202409,222655,23085
경기도 이천시,202410,222550,22818
경기도 이천시,202411,221864,22948
경기도 이천시,202412,221683,22917
경기도 이천시,202501,221660,23188
경기도 이천시,202502,221564,22983
경기도 이천시,202503,221515,22980
경기도 이천시,202504,221920,23318
경기도 이천시,202505,222052,23146
경기도 이천시,202506,222610,22928
경기도 이천시,202507,223445,23572
경기도 이천시,202508,224024,23620
경기도 이천시,202509,223508,22703
경기도 이천시,202510,223390,23103
경기도 이천시,202511,222712,23607
경기도 이천시,202512,222248,23834
경기도 이천시,202601,222161,23341
경기도 이천시,202602,222186,23535
경기도 이천시,202603,222519,24181
경기도 이천시,202604,222799,23340
경기도 이천시,202605,222921,23767
경기도 이천시,202606,224025,24024
경기도 이천시,202607,225193,24248
경기도 파주시,202307,494664,19221
경기도 파주시,202308,494731,19188
경기도 파주시,202309,495040,19725
경기도 파주시,202310,495523,19932
경기도 파주시,202311,495706,20326
경기도 파주시,202312,495664,20651
경기도 파주시,202401,497802,20436
경기도 파주시,202402,500375,20180
경기도 파주시,202403,501477,20539
경기도 파주시,202404,502930,21001
경기도 파주시,202405,503599,20851
경기도 파주시,202406,504215,20984
경기도 파주시,202407,505412,20969
경기도 파주시,202408,506185,21648
경기도 파주시,202409,506594,21790
경기도 파주시,202410,507247,21959
경기도 파주시,202411,507897,22360
경기도 파주시,202412,509088,22353
경기도 파주시,202501,511434,22124
경기도 파주시,202502,512543,22080
경기도 파주시,202503,513303,22485
경기도 파주시,202504,514374,22752
경기도 파주시,202505,515362,22636
경기도 파주시,202506,516798,22147
경기도 파주시,202507,518632,22950
경기도 파주시,202508,519325,22673
경기도 파주시,202509,520470,23346
경기도 파주시,202510,521631,23328
경기도 파주시,202511,522377,23714
경기도 파주시,202512,523809,24315
경기도 파주시,202601,524973,24084
경기도 파주시,202602,526410,24066
경기도 파주시,202603,528015,24182
경기도 파주시,202604,529217,23999
경기도 파주시,202605,529967,24527
경기도 파주시,202606,531236,24273
경기도 파주시,202607,532338,24986
경기도 평택시,202307,584271,39628
경기도 평택시,202308,584764,40904
경기도 평택시,202309,585551,40438
경기도 평택시,202310,586610,41702
경기도 평택시,202311,587327,40686
경기도 평택시,202312,588147,40669
경기도 평택시,202401,589007,40293
경기도 평택시,202402,589245,40559
경기도 평택시,202403,589918,40995
경기도 평택시,202404,590396,40799
경기도 평택시,202405,590681,40633
경기도 평택시,202406,591305,40685
경기도 평택시,202407,591780,41386
경기도 평택시,202408,592342,40916
경기도 평택시,202409,593341,41756
경기도 평택시,202410,594152,41947
경기도 평택시,202411,594775,42418
경기도 평택시,202412,595603,41368
경기도 평택시,202501,596178,42359
경기도 평택시,202502,596641,42472
경기도 평택시,202503,597034,43944
경기도 평택시,202504,597755,43149
경기도 평택시,202505,598747,42921
경기도 평택시,202506,599477,42758
경기도 평택시,202507,600079,42775
경기도 평택시,202508,601173,42885
경기도 평택시,202509,602693,43363
경기도 평택시,202510,604507,41992
경기도 평택시,202511,605957,42528
경기도 평택시,202512,607509,42624
경기도 평택시,202601,609230,43605
경기도 평택시,202602,610563,43603
경기도 평택시,202603,612231,43221
경기도 평택시,202604,613662,43588
경기도 평택시,202605,615402,42511
경기도 평택시,202606,616829,44453
경기도 평택시,202607,617903,43893
경기도 포천시,202307,143502,7772
경기도 포천시,202308,143321,7874
경기도 포천시,202309,143229,7889
경기도 포천시,202310,143001,8019
경기도 포천시,202311,142865,8210
경기도 포천시,202312,142684,8176
경기도 포천시,202401,142530,8112
경기도 포천시,202402,142174,8054
경기도 포천시,202403,141934,8265
경기도 포천시,202404,141929,8240
경기도 포천시,202405,141817,8350
경기도 포천시,202406,141753,8209
경기도 포천시,202407,141526,8212
경기도 포천시,202408,141356,8357
경기도 포천시,202409,141223,8464
경기도 포천시,202410,140984,8224
경기도 포천시,202411,140917,8314
경기도 포천시,202412,140818,8589
경기도 포천시,202501,140802,8628
경기도 포천시,202502,140622,8410
경기도 포천시,202503,140644,8592
경기도 포천시,202504,140548,8569
경기도 포천시,202505,140586,8693
경기도 포천시,202506,140541,8645
경기도 포천시,202507,140356,8611
경기도 포천시,202508,140260,8847
경기도 포천시,202509,140135,8675
경기도 포천시,202510,140051,8792
경기도 포천시,202511,139904,8572
경기도 포천시,202512,139867,8878
경기도 포천시,202601,139886,8968
경기도 포천시,202602,139783,8867
경기도 포천시,202603,139859,8845
경기도 포천시,202604,139864,8967
경기도 포천시,202605,139895,9101
경기도 포천시,202606,139905,8929
경기도 포천시,202607,139891,9029
경기도 하남시,202307,327366,25559
경기도 하남시,202308,327963,25347
경기도 하남시,202309,328413,26782
경기도 하남시,202310,328371,26024
경기도 하남시,202311,328590,26267
경기도 하남시,202312,328626,26740
경기도 하남시,202401,328461,27431
경기도 하남시,202402,328256,26797
경기도 하남시,202403,327975,27701
경기도 하남시,202404,328254,27521
경기도 하남시,202405,328625,27930
경기도 하남시,202406,328800,27579
경기도 하남시,202407,328791,28510
경기도 하남시,202408,328509,28291
경기도 하남시,202409,328483,28474
경기도 하남시,202410,328289,28825
경기도 하남시,202411,328084,29117
경기도 하남시,202412,327875,29158
경기도 하남시,202501,327635,28995
경기도 하남시,202502,327174,29610
경기도 하남시,202503,326888,30006
경기도 하남시,202504,326889,29734
경기도 하남시,202505,327003,30047
경기도 하남시,202506,326975,29329
경기도 하남시,202507,326785,30420
경기도 하남시,202508,326609,30518
경기도 하남시,202509,326545,31014
경기도 하남시,202510,326619,30782
경기도 하남시,202511,326639,30760
경기도 하남시,202512,326708,31508
경기도 하남시,202601,326816,31540
경기도 하남시,202602,326516,32246
경기도 하남시,202603,326600,31998
경기도 하남시,202604,326468,32048
경기도 하남시,202605,326350,32392
경기도 하남시,202606,326286,32305
경기도 하남시,202607,326217,33061
경기도 화성시,202307,930232,107503
경기도 화성시,202308,931883,109889
경기도 화성시,202309,934787,107550
경기도 화성시,202310,936932,107297
경기도 화성시,202311,938991,107525
경기도 화성시,202312,941840,105795
경기도 화성시,202401,944075,109191
경기도 화성시,202402,945857,106966
경기도 화성시,202403,947423,109117
경기도 화성시,202404,948716,107503
경기도 화성시,202405,949720,107681
경기도 화성시,202406,951137,103649
경기도 화성시,202407,954023,104711
경기도 화성시,202408,955980,103610
경기도 화성시,202409,959230,103120
경기도 화성시,202410,962583,101264
경기도 화성시,202411,964279,104006
경기도 화성시,202412,966277,103261
경기도 화성시,202501,969284,102669
경기도 화성시,202502,972503,98621
경기도 화성시,202503,974114,101537
경기도 화성시,202504,974726,101178
경기도 화성시,202505,975714,100884
경기도 화성시,202506,977119,99332
경기도 화성시,202507,979271,99313
경기도 화성시,202508,981863,99874
경기도 화성시,202509,984199,98818
경기도 화성시,202510,985702,99280
경기도 화성시,202511,986523,97005
경기도 화성시,202512,987469,100746
경기도 화성시,202601,988605,97347
경기도 화성시,202602,990496,95635
경기도 화성시,202603,992805,98534
경기도 화성시,202604,994124,96328
경기도 화성시,202605,995246,96031
경기도 화성시,202606,996275,95068
경기도 화성시,202607,997198,93259
경상남도 거제시,202307,233796,14616
경상남도 거제시,202308,233664,15068
경상남도 거제시,202309,233558,14699
경상남도 거제시,202310,233500,15001
경상남도 거제시,202311,233262,14705
경상남도 거제시,202312,233181,14732
경상남도 거제시,202401,233079,14564
경상남도 거제시,202402,232693,14606
경상남도 거제시,202403,232347,14760
경상남도 거제시,202404,232295,14540
경상남도 거제시,202405,232208,14641
경상남도 거제시,202406,232157,14482
경상남도 거제시,202407,232221,14383
경상남도 거제시,202408,232129,14170
경상남도 거제시,202409,232127,14339
경상남도 거제시,202410,232027,14374
경상남도 거제시,202411,232075,13999
경상남도 거제시,202412,232100,14262
경상남도 거제시,202501,231903,14195
경상남도 거제시,202502,231220,14426
경상남도 거제시,202503,231101,13822
경상남도 거제시,202504,231254,13810
경상남도 거제시,202505,231181,14219
경상남도 거제시,202506,231055,14105
경상남도 거제시,202507,230852,14073
경상남도 거제시,202508,230632,14074
경상남도 거제시,202509,230528,13983
경상남도 거제시,202510,230563,13914
경상남도 거제시,202511,230416,14016
경상남도 거제시,202512,230260,13687
경상남도 거제시,202601,229987,13737
경상남도 거제시,202602,229243,13668
경상남도 거제시,202603,228717,13876
경상남도 거제시,202604,228639,13433
경상남도 거제시,202605,228414,13504
경상남도 거제시,202606,228232,13494
경상남도 거제시,202607,228091,13636
경상남도 거창군,202307,60135,2063
경상남도 거창군,202308,60028,2117
경상남도 거창군,202309,60014,2077
경상남도 거창군,202310,60004,2195
경상남도 거창군,202311,59985,2248
경상남도 거창군,202312,59894,2226
경상남도 거창군,202401,59757,2244
경상남도 거창군,202402,59704,2332
경상남도 거창군,202403,59882,2322
경상남도 거창군,202404,59822,2356
경상남도 거창군,202405,59784,2387
경상남도 거창군,202406,59718,2448
경상남도 거창군,202407,59666,2459
경상남도 거창군,202408,59623,2446
경상남도 거창군,202409,59587,2512
경상남도 거창군,202410,59573,2618
경상남도 거창군,202411,59546,2607
경상남도 거창군,202412,59434,2627
경상남도 거창군,202501,59359,2648
경상남도 거창군,202502,59296,2704
경상남도 거창군,202503,59288,2742
경상남도 거창군,202504,59334,2825
경상남도 거창군,202505,59276,2853
경상남도 거창군,202506,59199,2840
경상남도 거창군,202507,59103,2880
경상남도 거창군,202508,59032,2927
경상남도 거창군,202509,58995,2922
경상남도 거창군,202510,59005,2989
경상남도 거창군,202511,58986,3022
경상남도 거창군,202512,58822,2971
경상남도 거창군,202601,58738,3093
경상남도 거창군,202602,58578,3116
경상남도 거창군,202603,58751,3154
경상남도 거창군,202604,58733,3191
경상남도 거창군,202605,58720,3213
경상남도 거창군,202606,58697,3208
경상남도 거창군,202607,58611,3335
경상남도 고성군,202307,49647,2312
경상남도 고성군,202308,49511,2338
경상남도 고성군,202309,49483,2331
경상남도 고성군,202310,49379,2338
경상남도 고성군,202311,49387,2444
경상남도 고성군,202312,49353,2480
경상남도 고성군,202401,49193,2458
경상남도 고성군,202402,49077,2488
경상남도 고성군,202403,48931,2464
경상남도 고성군,202404,48812,2505
경상남도 고성군,202405,48674,2486
경상남도 고성군,202406,48544,2483
경상남도 고성군,202407,48481,2633
경상남도 고성군,202408,48350,2606
경상남도 고성군,202409,48243,2662
경상남도 고성군,202410,48154,2675
경상남도 고성군,202411,48049,2653
경상남도 고성군,202412,47885,2774
경상남도 고성군,202501,47795,2745
경상남도 고성군,202502,47603,2724
경상남도 고성군,202503,47536,2816
경상남도 고성군,202504,47496,2812
경상남도 고성군,202505,47471,2842
경상남도 고성군,202506,47392,2835
경상남도 고성군,202507,47286,2875
경상남도 고성군,202508,47190,2878
경상남도 고성군,202509,47132,2868
경상남도 고성군,202510,47044,2947
경상남도 고성군,202511,46985,3007
경상남도 고성군,202512,46991,3056
경상남도 고성군,202601,46909,2945
경상남도 고성군,202602,46791,2978
경상남도 고성군,202603,46733,3082
경상남도 고성군,202604,46739,3128
경상남도 고성군,202605,46749,3132
경상남도 고성군,202606,46715,3144
경상남도 고성군,202607,46678,3172
경상남도 김해시,202307,531645,43240
경상남도 김해시,202308,531686,43677
경상남도 김해시,202309,531870,43940
경상남도 김해시,202310,532036,43584
경상남도 김해시,202311,532125,42571
경상남도 김해시,202312,532215,43249
경상남도 김해시,202401,532285,43046
경상남도 김해시,202402,531820,42881
경상남도 김해시,202403,531225,42961
경상남도 김해시,202404,531118,43221
경상남도 김해시,202405,530934,43423
경상남도 김해시,202406,530745,43502
경상남도 김해시,202407,530513,43552
경상남도 김해시,202408,530574,43340
경상남도 김해시,202409,530582,42812
경상남도 김해시,202410,530634,41964
경상남도 김해시,202411,530437,42705
경상남도 김해시,202412,530226,44123
경상남도 김해시,202501,530235,43962
경상남도 김해시,202502,529752,41804
경상남도 김해시,202503,530278,42976
경상남도 김해시,202504,530795,43546
경상남도 김해시,202505,530908,41525
경상남도 김해시,202506,531062,43043
경상남도 김해시,202507,531229,43601
경상남도 김해시,202508,531347,42837
경상남도 김해시,202509,531507,43860
경상남도 김해시,202510,531671,42554
경상남도 김해시,202511,531618,43520
경상남도 김해시,202512,531605,43343
경상남도 김해시,202601,531853,42481
경상남도 김해시,202602,531305,43029
경상남도 김해시,202603,531001,43891
경상남도 김해시,202604,531292,42616
경상남도 김해시,202605,531299,43992
경상남도 김해시,202606,531436,43596
경상남도 김해시,202607,531406,43445
경상남도 남해군,202307,41046,2801
경상남도 남해군,202308,40916,2723
경상남도 남해군,202309,40883,2786
경상남도 남해군,202310,40845,2698
경상남도 남해군,202311,40749,2744
경상남도 남해군,202312,40677,2726
경상남도 남해군,202401,40598,2710
경상남도 남해군,202402,40448,2791
경상남도 남해군,202403,40380,2723
경상남도 남해군,202404,40289,2711
경상남도 남해군,202405,40245,2710
경상남도 남해군,202406,40204,2693
경상남도 남해군,202407,40149,2681
경상남도 남해군,202408,40063,2758
경상남도 남해군,202409,39962,2721
경상남도 남해군,202410,39837,2763
경상남도 남해군,202411,39815,2641
경상남도 남해군,202412,39730,2707
경상남도 남해군,202501,39628,2675
경상남도 남해군,202502,39495,2736
경상남도 남해군,202503,39462,2732
경상남도 남해군,202504,39427,2701
경상남도 남해군,202505,39382,2683
경상남도 남해군,202506,39331,2657
경상남도 남해군,202507,39250,2711
경상남도 남해군,202508,39181,2722
경상남도 남해군,202509,39198,2650
경상남도 남해군,202510,39527,2697
경상남도 남해군,202511,40332,2670
경상남도 남해군,202512,40662,2733
경상남도 남해군,202601,40770,2686
경상남도 남해군,202602,40782,2684
경상남도 남해군,202603,40949,2582
경상남도 남해군,202604,40965,2675
경상남도 남해군,202605,40995,2667
경상남도 남해군,202606,41049,2675
경상남도 남해군,202607,41023,2622
경상남도 밀양시,202307,102022,9015
경상남도 밀양시,202308,101876,9050
경상남도 밀양시,202309,101815,8990
경상남도 밀양시,202310,101779,8800
경상남도 밀양시,202311,101693,8985
경상남도 밀양시,202312,101626,8829
경상남도 밀양시,202401,101498,8775
경상남도 밀양시,202402,101350,8635
경상남도 밀양시,202403,101194,8856
경상남도 밀양시,202404,101133,8587
경상남도 밀양시,202405,100992,8599
경상남도 밀양시,202406,100876,8606
경상남도 밀양시,202407,100767,8466
경상남도 밀양시,202408,100568,8458
경상남도 밀양시,202409,100426,8486
경상남도 밀양시,202410,100378,8547
경상남도 밀양시,202411,100343,8316
경상남도 밀양시,202412,100330,8288
경상남도 밀양시,202501,100184,8217
경상남도 밀양시,202502,99931,8313
경상남도 밀양시,202503,99902,8091
경상남도 밀양시,202504,99805,8154
경상남도 밀양시,202505,99716,8016
경상남도 밀양시,202506,99599,8079
경상남도 밀양시,202507,99429,7940
경상남도 밀양시,202508,99274,7988
경상남도 밀양시,202509,99125,7903
경상남도 밀양시,202510,99074,7954
경상남도 밀양시,202511,98995,8057
경상남도 밀양시,202512,98898,7802
경상남도 밀양시,202601,98735,7879
경상남도 밀양시,202602,98547,7631
경상남도 밀양시,202603,98419,7687
경상남도 밀양시,202604,98379,7604
경상남도 밀양시,202605,98290,7585
경상남도 밀양시,202606,98260,7543
경상남도 밀양시,202607,98168,7568
경상남도 사천시,202307,108646,7366
경상남도 사천시,202308,108502,7256
경상남도 사천시,202309,108566,7325
경상남도 사천시,202310,108677,7446
경상남도 사천시,202311,108672,7500
경상남도 사천시,202312,108705,7505
경상남도 사천시,202401,108746,7608
경상남도 사천시,202402,108655,7694
경상남도 사천시,202403,108627,7410
경상남도 사천시,202404,108666,7609
경상남도 사천시,202405,108602,7828
경상남도 사천시,202406,108548,8096
경상남도 사천시,202407,108482,7923
경상남도 사천시,202408,108397,7992
경상남도 사천시,202409,108342,8135
경상남도 사천시,202410,108292,8096
경상남도 사천시,202411,108277,7994
경상남도 사천시,202412,108198,8035
경상남도 사천시,202501,108118,7948
경상남도 사천시,202502,107803,8251
경상남도 사천시,202503,107780,8185
경상남도 사천시,202504,107784,8579
경상남도 사천시,202505,107732,8242
경상남도 사천시,202506,107733,8439
경상남도 사천시,202507,107841,8440
경상남도 사천시,202508,107926,8462
경상남도 사천시,202509,107868,8393
경상남도 사천시,202510,107742,8443
경상남도 사천시,202511,107655,8588
경상남도 사천시,202512,107619,8750
경상남도 사천시,202601,107640,8695
경상남도 사천시,202602,107577,8729
경상남도 사천시,202603,107470,8703
경상남도 사천시,202604,107491,8841
경상남도 사천시,202605,107509,8864
경상남도 사천시,202606,107583,9267
경상남도 사천시,202607,107548,9060
경상남도 산청군,202307,33962,1666
경상남도 산청군,202308,33875,1692
경상남도 산청군,202309,33786,1667
경상남도 산청군,202310,33723,1648
경상남도 산청군,202311,33679,1677
경상남도 산청군,202312,33667,1682
경상남도 산청군,202401,33641,1679
경상남도 산청군,202402,33610,1664
경상남도 산청군,202403,33575,1702
경상남도 산청군,202404,33515,1670
경상남도 산청군,202405,33469,1643
경상남도 산청군,202406,33433,1674
경상남도 산청군,202407,33390,1659
경상남도 산청군,202408,33329,1703
경상남도 산청군,202409,33292,1699
경상남도 산청군,202410,33266,1651
경상남도 산청군,202411,33227,1688
경상남도 산청군,202412,33176,1731
경상남도 산청군,202501,33122,1711
경상남도 산청군,202502,33061,1673
경상남도 산청군,202503,33077,1671
경상남도 산청군,202504,33076,1705
경상남도 산청군,202505,33041,1672
경상남도 산청군,202506,33006,1653
경상남도 산청군,202507,32944,1679
경상남도 산청군,202508,32913,1664
경상남도 산청군,202509,32841,1716
경상남도 산청군,202510,32774,1700
경상남도 산청군,202511,32688,1686
경상남도 산청군,202512,32666,1696
경상남도 산청군,202601,32661,1710
경상남도 산청군,202602,32601,1656
경상남도 산청군,202603,32584,1690
경상남도 산청군,202604,32641,1681
경상남도 산청군,202605,32592,1726
경상남도 산청군,202606,32557,1704
경상남도 산청군,202607,32554,1710
경상남도 양산시,202307,354023,18588
경상남도 양산시,202308,354019,18588
경상남도 양산시,202309,354176,18624
경상남도 양산시,202310,354286,19367
경상남도 양산시,202311,354411,19320
경상남도 양산시,202312,354251,19573
경상남도 양산시,202401,354479,19490
경상남도 양산시,202402,354542,19444
경상남도 양산시,202403,354653,19845
경상남도 양산시,202404,354702,20048
경상남도 양산시,202405,354837,20149
경상남도 양산시,202406,355407,19789
경상남도 양산시,202407,355958,19839
경상남도 양산시,202408,356526,20162
경상남도 양산시,202409,357219,20223
경상남도 양산시,202410,357805,20858
경상남도 양산시,202411,358244,20920
경상남도 양산시,202412,358691,20853
경상남도 양산시,202501,359080,20788
경상남도 양산시,202502,359140,21131
경상남도 양산시,202503,359210,21253
경상남도 양산시,202504,359302,21454
경상남도 양산시,202505,359305,21128
경상남도 양산시,202506,359446,21623
경상남도 양산시,202507,359477,21515
경상남도 양산시,202508,359563,21609
경상남도 양산시,202509,359717,21956
경상남도 양산시,202510,360034,21562
경상남도 양산시,202511,360169,22175
경상남도 양산시,202512,360304,22313
경상남도 양산시,202601,360500,22055
경상남도 양산시,202602,360484,22776
경상남도 양산시,202603,360382,22916
경상남도 양산시,202604,360544,23133
경상남도 양산시,202605,360617,22342
경상남도 양산시,202606,360583,22907
경상남도 양산시,202607,360462,23168
경상남도 의령군,202307,25697,1797
경상남도 의령군,202308,25618,1795
경상남도 의령군,202309,25568,1853
경상남도 의령군,202310,25538,1858
경상남도 의령군,202311,25467,1846
경상남도 의령군,202312,25419,1842
경상남도 의령군,202401,25385,1851
경상남도 의령군,202402,25340,1838
경상남도 의령군,202403,25296,1841
경상남도 의령군,202404,25301,1831
경상남도 의령군,202405,25260,1860
경상남도 의령군,202406,25203,1865
경상남도 의령군,202407,25188,1840
경상남도 의령군,202408,25177,1901
경상남도 의령군,202409,25115,1842
경상남도 의령군,202410,25082,1865
경상남도 의령군,202411,25039,1857
경상남도 의령군,202412,25097,1901
경상남도 의령군,202501,25041,1879
경상남도 의령군,202502,24947,1946
경상남도 의령군,202503,24893,1935
경상남도 의령군,202504,24855,1908
경상남도 의령군,202505,24820,1961
경상남도 의령군,202506,24801,1908
경상남도 의령군,202507,24748,1947
경상남도 의령군,202508,24703,1933
경상남도 의령군,202509,24618,1894
경상남도 의령군,202510,24587,1941
경상남도 의령군,202511,24571,1946
경상남도 의령군,202512,24580,1948
경상남도 의령군,202601,24538,1965
경상남도 의령군,202602,24478,1919
경상남도 의령군,202603,24451,2008
경상남도 의령군,202604,24451,1960
경상남도 의령군,202605,24432,1984
경상남도 의령군,202606,24483,1962
경상남도 의령군,202607,24468,2005
경상남도 진주시,202307,341674,36192
경상남도 진주시,202308,341478,36057
경상남도 진주시,202309,341293,35860
경상남도 진주시,202310,341033,35875
경상남도 진주시,202311,340846,36235
경상남도 진주시,202312,340363,36262
경상남도 진주시,202401,339813,35992
경상남도 진주시,202402,339348,36921
경상남도 진주시,202403,339327,36085
경상남도 진주시,202404,339174,35556
경상남도 진주시,202405,338996,36413
경상남도 진주시,202406,339036,36319
경상남도 진주시,202407,339042,36919
경상남도 진주시,202408,338866,36369
경상남도 진주시,202409,338686,35720
경상남도 진주시,202410,338565,36604
경상남도 진주시,202411,338336,36342
경상남도 진주시,202412,338067,37124
경상남도 진주시,202501,337731,37009
경상남도 진주시,202502,337796,36647
경상남도 진주시,202503,337560,37348
경상남도 진주시,202504,337279,36318
경상남도 진주시,202505,337063,36412
경상남도 진주시,202506,336840,37034
경상남도 진주시,202507,336633,36795
경상남도 진주시,202508,336328,36937
경상남도 진주시,202509,336297,36531
경상남도 진주시,202510,336125,36555
경상남도 진주시,202511,335634,37274
경상남도 진주시,202512,335244,37498
경상남도 진주시,202601,334649,38144
경상남도 진주시,202602,334425,37368
경상남도 진주시,202603,334640,37116
경상남도 진주시,202604,334403,37655
경상남도 진주시,202605,334405,37515
경상남도 진주시,202606,334082,37455
경상남도 진주시,202607,333800,37762
경상남도 창녕군,202307,57487,2562
경상남도 창녕군,202308,57367,2553
경상남도 창녕군,202309,57265,2575
경상남도 창녕군,202310,57149,2575
경상남도 창녕군,202311,57059,2510
경상남도 창녕군,202312,56961,2533
경상남도 창녕군,202401,56882,2458
경상남도 창녕군,202402,56771,2557
경상남도 창녕군,202403,56725,2524
경상남도 창녕군,202404,56600,2539
경상남도 창녕군,202405,56450,2468
경상남도 창녕군,202406,56364,2485
경상남도 창녕군,202407,56296,2515
경상남도 창녕군,202408,56160,2519
경상남도 창녕군,202409,56126,2510
경상남도 창녕군,202410,56020,2484
경상남도 창녕군,202411,55939,2593
경상남도 창녕군,202412,55962,2547
경상남도 창녕군,202501,55919,2521
경상남도 창녕군,202502,55677,2568
경상남도 창녕군,202503,55589,2491
경상남도 창녕군,202504,55453,2535
경상남도 창녕군,202505,55404,2587
경상남도 창녕군,202506,55261,2540
경상남도 창녕군,202507,55055,2515
경상남도 창녕군,202508,54970,2522
경상남도 창녕군,202509,54898,2486
경상남도 창녕군,202510,54779,2525
경상남도 창녕군,202511,54726,2521
경상남도 창녕군,202512,54791,2483
경상남도 창녕군,202601,54814,2521
경상남도 창녕군,202602,54772,2473
경상남도 창녕군,202603,54634,2491
경상남도 창녕군,202604,54535,2523
경상남도 창녕군,202605,54432,2506
경상남도 창녕군,202606,54344,2525
경상남도 창녕군,202607,54220,2555
경상남도 창원시 마산합포구,202307,177151,8228
경상남도 창원시 마산합포구,202308,176937,8348
경상남도 창원시 마산합포구,202309,177514,8018
경상남도 창원시 마산합포구,202310,178135,8161
경상남도 창원시 마산합포구,202311,178347,8113
경상남도 창원시 마산합포구,202312,178474,8364
경상남도 창원시 마산합포구,202401,178243,8144
경상남도 창원시 마산합포구,202402,177992,8221
경상남도 창원시 마산합포구,202403,178225,8125
경상남도 창원시 마산합포구,202404,178307,8224
경상남도 창원시 마산합포구,202405,178353,7924
경상남도 창원시 마산합포구,202406,178267,8168
경상남도 창원시 마산합포구,202407,178268,8045
경상남도 창원시 마산합포구,202408,178165,7965
경상남도 창원시 마산합포구,202409,177931,7943
경상남도 창원시 마산합포구,202410,177758,8103
경상남도 창원시 마산합포구,202411,177603,8038
경상남도 창원시 마산합포구,202412,177437,8074
경상남도 창원시 마산합포구,202501,177308,7919
경상남도 창원시 마산합포구,202502,176727,7862
경상남도 창원시 마산합포구,202503,176427,7926
경상남도 창원시 마산합포구,202504,176197,7841
경상남도 창원시 마산합포구,202505,176030,7930
경상남도 창원시 마산합포구,202506,175856,7832
경상남도 창원시 마산합포구,202507,175740,7951
경상남도 창원시 마산합포구,202508,175653,8031
경상남도 창원시 마산합포구,202509,175657,8007
경상남도 창원시 마산합포구,202510,175565,8136
경상남도 창원시 마산합포구,202511,175361,7775
경상남도 창원시 마산합포구,202512,175225,8030
경상남도 창원시 마산합포구,202601,175063,7812
경상남도 창원시 마산합포구,202602,174811,7955
경상남도 창원시 마산합포구,202603,174570,7829
경상남도 창원시 마산합포구,202604,174431,7678
경상남도 창원시 마산합포구,202605,174240,7783
경상남도 창원시 마산합포구,202606,173966,7932
경상남도 창원시 마산합포구,202607,173837,7891
경상남도 창원시 마산회원구,202307,180914,15261
경상남도 창원시 마산회원구,202308,180678,15159
경상남도 창원시 마산회원구,202309,180203,15256
경상남도 창원시 마산회원구,202310,179581,15011
경상남도 창원시 마산회원구,202311,179300,14348
경상남도 창원시 마산회원구,202312,178985,14667
경상남도 창원시 마산회원구,202401,179461,14597
경상남도 창원시 마산회원구,202402,179728,14359
경상남도 창원시 마산회원구,202403,179476,14468
경상남도 창원시 마산회원구,202404,179245,14590
경상남도 창원시 마산회원구,202405,178975,14235
경상남도 창원시 마산회원구,202406,178604,14165
경상남도 창원시 마산회원구,202407,178209,14263
경상남도 창원시 마산회원구,202408,177993,14051
경상남도 창원시 마산회원구,202409,178099,13788
경상남도 창원시 마산회원구,202410,178403,13911
경상남도 창원시 마산회원구,202411,178259,13636
경상남도 창원시 마산회원구,202412,177962,14243
경상남도 창원시 마산회원구,202501,178043,13592
경상남도 창원시 마산회원구,202502,178202,13495
경상남도 창원시 마산회원구,202503,177964,13453
경상남도 창원시 마산회원구,202504,177935,13186
경상남도 창원시 마산회원구,202505,177828,13309
경상남도 창원시 마산회원구,202506,177706,13167
경상남도 창원시 마산회원구,202507,177527,13138
경상남도 창원시 마산회원구,202508,177244,13214
경상남도 창원시 마산회원구,202509,176923,13056
경상남도 창원시 마산회원구,202510,176500,12755
경상남도 창원시 마산회원구,202511,176082,12458
경상남도 창원시 마산회원구,202512,175623,12644
경상남도 창원시 마산회원구,202601,175356,12591
경상남도 창원시 마산회원구,202602,174896,12207
경상남도 창원시 마산회원구,202603,174273,12401
경상남도 창원시 마산회원구,202604,174078,12172
경상남도 창원시 마산회원구,202605,173870,12579
경상남도 창원시 마산회원구,202606,173562,12152
경상남도 창원시 마산회원구,202607,173303,12189
경상남도 창원시 성산구,202307,245713,18371
경상남도 창원시 성산구,202308,245447,17936
경상남도 창원시 성산구,202309,245184,17850
경상남도 창원시 성산구,202310,244980,18228
경상남도 창원시 성산구,202311,244733,17973
경상남도 창원시 성산구,202312,244544,17841
경상남도 창원시 성산구,202401,244156,18082
경상남도 창원시 성산구,202402,243408,17556
경상남도 창원시 성산구,202403,243043,18153
경상남도 창원시 성산구,202404,242712,17911
경상남도 창원시 성산구,202405,242798,18016
경상남도 창원시 성산구,202406,243736,17706
경상남도 창원시 성산구,202407,244240,17276
경상남도 창원시 성산구,202408,244341,18035
경상남도 창원시 성산구,202409,244268,17925
경상남도 창원시 성산구,202410,244119,17444
경상남도 창원시 성산구,202411,243973,18032
경상남도 창원시 성산구,202412,243799,17706
경상남도 창원시 성산구,202501,243575,17410
경상남도 창원시 성산구,202502,242700,17813
경상남도 창원시 성산구,202503,242659,17153
경상남도 창원시 성산구,202504,242514,17824
경상남도 창원시 성산구,202505,243096,17608
경상남도 창원시 성산구,202506,243557,17472
경상남도 창원시 성산구,202507,243648,17489
경상남도 창원시 성산구,202508,243593,17393
경상남도 창원시 성산구,202509,243788,17604
경상남도 창원시 성산구,202510,244977,17320
경상남도 창원시 성산구,202511,245821,17387
경상남도 창원시 성산구,202512,246211,17432
경상남도 창원시 성산구,202601,246480,16874
경상남도 창원시 성산구,202602,246425,17422
경상남도 창원시 성산구,202603,245581,17219
경상남도 창원시 성산구,202604,245426,16982
경상남도 창원시 성산구,202605,245275,16891
경상남도 창원시 성산구,202606,244656,17065
경상남도 창원시 성산구,202607,244460,17203
경상남도 창원시 의창구,202307,213982,35981
경상남도 창원시 의창구,202308,213768,35556
경상남도 창원시 의창구,202309,213540,35388
경상남도 창원시 의창구,202310,213274,34856
경상남도 창원시 의창구,202311,213056,34328
경상남도 창원시 의창구,202312,212626,35040
경상남도 창원시 의창구,202401,212214,35247
경상남도 창원시 의창구,202402,211830,34958
경상남도 창원시 의창구,202403,211501,34898
경상남도 창원시 의창구,202404,211388,35100
경상남도 창원시 의창구,202405,211045,35542
경상남도 창원시 의창구,202406,210338,35360
경상남도 창원시 의창구,202407,209892,34461
경상남도 창원시 의창구,202408,209625,35135
경상남도 창원시 의창구,202409,209242,34690
경상남도 창원시 의창구,202410,208953,34996
경상남도 창원시 의창구,202411,209113,35196
경상남도 창원시 의창구,202412,209081,34962
경상남도 창원시 의창구,202501,209114,34876
경상남도 창원시 의창구,202502,209070,34583
경상남도 창원시 의창구,202503,209116,35031
경상남도 창원시 의창구,202504,209050,35655
경상남도 창원시 의창구,202505,208752,35143
경상남도 창원시 의창구,202506,208444,35445
경상남도 창원시 의창구,202507,208276,35047
경상남도 창원시 의창구,202508,208186,35254
경상남도 창원시 의창구,202509,207979,35247
경상남도 창원시 의창구,202510,207398,36059
경상남도 창원시 의창구,202511,206912,35523
경상남도 창원시 의창구,202512,206611,35107
경상남도 창원시 의창구,202601,206517,34569
경상남도 창원시 의창구,202602,206466,35339
경상남도 창원시 의창구,202603,207369,35285
경상남도 창원시 의창구,202604,207639,35593
경상남도 창원시 의창구,202605,207914,34609
경상남도 창원시 의창구,202606,208869,34705
경상남도 창원시 의창구,202607,209308,35177
경상남도 창원시 진해구,202307,191762,24409
경상남도 창원시 진해구,202308,191518,24487
경상남도 창원시 진해구,202309,191199,24331
경상남도 창원시 진해구,202310,191031,24221
경상남도 창원시 진해구,202311,190735,24560
경상남도 창원시 진해구,202312,190601,24666
경상남도 창원시 진해구,202401,190361,23808
경상남도 창원시 진해구,202402,189856,24462
경상남도 창원시 진해구,202403,189501,24208
경상남도 창원시 진해구,202404,189279,24281
경상남도 창원시 진해구,202405,189195,24691
경상남도 창원시 진해구,202406,189043,24318
경상남도 창원시 진해구,202407,188837,24455
경상남도 창원시 진해구,202408,188779,23883
경상남도 창원시 진해구,202409,188655,24334
경상남도 창원시 진해구,202410,188496,24313
경상남도 창원시 진해구,202411,188300,24415
경상남도 창원시 진해구,202412,188142,24643
경상남도 창원시 진해구,202501,187946,23844
경상남도 창원시 진해구,202502,187196,23659
경상남도 창원시 진해구,202503,186728,24145
경상남도 창원시 진해구,202504,186492,24267
경상남도 창원시 진해구,202505,186301,23987
경상남도 창원시 진해구,202506,185965,23433
경상남도 창원시 진해구,202507,185764,23876
경상남도 창원시 진해구,202508,185547,23867
경상남도 창원시 진해구,202509,185207,23772
경상남도 창원시 진해구,202510,184786,23754
경상남도 창원시 진해구,202511,184444,24215
경상남도 창원시 진해구,202512,184245,23560
경상남도 창원시 진해구,202601,184029,23524
경상남도 창원시 진해구,202602,183373,23302
경상남도 창원시 진해구,202603,182998,23451
경상남도 창원시 진해구,202604,182810,24335
경상남도 창원시 진해구,202605,182650,23726
경상남도 창원시 진해구,202606,182437,23176
경상남도 창원시 진해구,202607,182245,23559
경상남도 통영시,202307,120889,2729
경상남도 통영시,202308,120763,2782
경상남도 통영시,202309,120687,2735
경상남도 통영시,202310,120567,2811
경상남도 통영시,202311,120431,2803
경상남도 통영시,202312,120247,2843
경상남도 통영시,202401,120022,2836
경상남도 통영시,202402,119653,2818
경상남도 통영시,202403,119459,2780
경상남도 통영시,202404,119277,2832
경상남도 통영시,202405,119119,2879
경상남도 통영시,202406,119039,2874
경상남도 통영시,202407,118919,2882
경상남도 통영시,202408,118743,2870
경상남도 통영시,202409,118599,2861
경상남도 통영시,202410,118449,2890
경상남도 통영시,202411,118297,2975
경상남도 통영시,202412,118179,2874
경상남도 통영시,202501,117946,2972
경상남도 통영시,202502,117648,2993
경상남도 통영시,202503,117494,2926
경상남도 통영시,202504,117396,2926
경상남도 통영시,202505,117349,2920
경상남도 통영시,202506,117256,3007
경상남도 통영시,202507,117070,3052
경상남도 통영시,202508,116963,3002
경상남도 통영시,202509,116815,3011
경상남도 통영시,202510,116644,3040
경상남도 통영시,202511,116490,3031
경상남도 통영시,202512,116381,3061
경상남도 통영시,202601,116136,3049
경상남도 통영시,202602,115921,3084
경상남도 통영시,202603,115687,3029
경상남도 통영시,202604,115550,3105
경상남도 통영시,202605,115548,3083
경상남도 통영시,202606,115623,3112
경상남도 통영시,202607,115598,3181
경상남도 하동군,202307,41897,2355
경상남도 하동군,202308,41766,2451
경상남도 하동군,202309,41728,2434
경상남도 하동군,202310,41635,2453
경상남도 하동군,202311,41556,2498
경상남도 하동군,202312,41461,2497
경상남도 하동군,202401,41342,2561
경상남도 하동군,202402,41243,2584
경상남도 하동군,202403,41183,2543
경상남도 하동군,202404,41157,2620
경상남도 하동군,202405,41085,2663
경상남도 하동군,202406,41012,2717
경상남도 하동군,202407,40911,2664
경상남도 하동군,202408,40841,2741
경상남도 하동군,202409,40766,2693
경상남도 하동군,202410,40735,2853
경상남도 하동군,202411,40674,2821
경상남도 하동군,202412,40614,2754
경상남도 하동군,202501,40530,2838
경상남도 하동군,202502,40428,2897
경상남도 하동군,202503,40360,2951
경상남도 하동군,202504,40317,2952
경상남도 하동군,202505,40253,2938
경상남도 하동군,202506,40179,3012
경상남도 하동군,202507,40139,3005
경상남도 하동군,202508,40103,2968
경상남도 하동군,202509,40030,3002
경상남도 하동군,202510,39966,3032
경상남도 하동군,202511,39900,3036
경상남도 하동군,202512,39835,3032
경상남도 하동군,202601,39803,3150
경상남도 하동군,202602,39696,3235
경상남도 하동군,202603,39631,3179
경상남도 하동군,202604,39616,3229
경상남도 하동군,202605,39569,3167
경상남도 하동군,202606,39463,3260
경상남도 하동군,202607,39405,3222
경상남도 함안군,202307,60546,2754
경상남도 함안군,202308,60414,2732
경상남도 함안군,202309,60319,2785
경상남도 함안군,202310,60162,2731
경상남도 함안군,202311,60077,2740
경상남도 함안군,202312,60027,2746
경상남도 함안군,202401,59905,2757
경상남도 함안군,202402,59804,2788
경상남도 함안군,202403,59633,2779
경상남도 함안군,202404,59459,2815
경상남도 함안군,202405,59352,2759
경상남도 함안군,202406,59246,2841
경상남도 함안군,202407,59193,2741
경상남도 함안군,202408,59080,2882
경상남도 함안군,202409,58942,2823
경상남도 함안군,202410,58845,2839
경상남도 함안군,202411,58742,2727
경상남도 함안군,202412,58662,2828
경상남도 함안군,202501,58673,2798
경상남도 함안군,202502,58425,2825
경상남도 함안군,202503,58283,2801
경상남도 함안군,202504,58189,2793
경상남도 함안군,202505,58070,2877
경상남도 함안군,202506,57970,2805
경상남도 함안군,202507,57828,2818
경상남도 함안군,202508,57686,2804
경상남도 함안군,202509,57573,2805
경상남도 함안군,202510,57531,2754
경상남도 함안군,202511,57457,2804
경상남도 함안군,202512,57396,2835
경상남도 함안군,202601,57392,2836
경상남도 함안군,202602,57191,2846
경상남도 함안군,202603,57057,2825
경상남도 함안군,202604,56973,2799
경상남도 함안군,202605,56844,2894
경상남도 함안군,202606,56728,2829
경상남도 함안군,202607,56597,2846
경상남도 함양군,202307,37095,3190
경상남도 함양군,202308,36995,3202
경상남도 함양군,202309,36978,3233
경상남도 함양군,202310,36918,3274
경상남도 함양군,202311,36877,3263
경상남도 함양군,202312,36821,3238
경상남도 함양군,202401,36751,3311
경상남도 함양군,202402,36603,3343
경상남도 함양군,202403,36520,3320
경상남도 함양군,202404,36478,3311
경상남도 함양군,202405,36409,3269
경상남도 함양군,202406,36378,3277
경상남도 함양군,202407,36320,3308
경상남도 함양군,202408,36249,3376
경상남도 함양군,202409,36187,3289
경상남도 함양군,202410,36140,3277
경상남도 함양군,202411,36068,3298
경상남도 함양군,202412,36030,3298
경상남도 함양군,202501,35904,3315
경상남도 함양군,202502,35798,3318
경상남도 함양군,202503,35766,3284
경상남도 함양군,202504,35742,3351
경상남도 함양군,202505,35716,3417
경상남도 함양군,202506,35663,3420
경상남도 함양군,202507,35584,3477
경상남도 함양군,202508,35518,3387
경상남도 함양군,202509,35454,3445
경상남도 함양군,202510,35445,3558
경상남도 함양군,202511,35411,3450
경상남도 함양군,202512,35378,3390
경상남도 함양군,202601,35320,3499
경상남도 함양군,202602,35293,3442
경상남도 함양군,202603,35228,3434
경상남도 함양군,202604,35163,3474
경상남도 함양군,202605,35137,3475
경상남도 함양군,202606,35062,3494
경상남도 함양군,202607,35043,3503
경상남도 합천군,202307,41347,2462
경상남도 합천군,202308,41244,2449
경상남도 합천군,202309,41167,2506
경상남도 합천군,202310,41070,2452
경상남도 합천군,202311,40987,2494
경상남도 합천군,202312,40914,2474
경상남도 합천군,202401,40810,2421
경상남도 합천군,202402,40720,2477
경상남도 합천군,202403,40678,2452
경상남도 합천군,202404,40602,2437
경상남도 합천군,202405,40524,2463
경상남도 합천군,202406,40480,2458
경상남도 합천군,202407,40380,2412
경상남도 합천군,202408,40291,2460
경상남도 합천군,202409,40166,2413
경상남도 합천군,202410,40107,2418
경상남도 합천군,202411,40037,2426
경상남도 합천군,202412,39952,2441
경상남도 합천군,202501,39860,2439
경상남도 합천군,202502,39668,2372
경상남도 합천군,202503,39599,2407
경상남도 합천군,202504,39554,2388
경상남도 합천군,202505,39453,2379
경상남도 합천군,202506,39379,2433
경상남도 합천군,202507,39271,2435
경상남도 합천군,202508,39205,2449
경상남도 합천군,202509,39118,2460
경상남도 합천군,202510,39044,2459
경상남도 합천군,202511,39007,2376
경상남도 합천군,202512,38935,2440
경상남도 합천군,202601,38882,2400
경상남도 합천군,202602,38758,2372
경상남도 합천군,202603,38742,2435
경상남도 합천군,202604,38705,2415
경상남도 합천군,202605,38721,2330
경상남도 합천군,202606,38654,2384
경상남도 합천군,202607,38614,2431
경상북도 경산시,202307,266342,21177
경상북도 경산시,202308,266228,21494
경상북도 경산시,202309,266151,21039
경상북도 경산시,202310,265910,21589
경상북도 경산시,202311,265601,21965
경상북도 경산시,202312,265283,21995
경상북도 경산시,202401,264885,22063
경상북도 경산시,202402,264829,22912
경상북도 경산시,202403,265167,22613
경상북도 경산시,202404,265247,22476
경상북도 경산시,202405,265696,23709
경상북도 경산시,202406,265791,23076
경상북도 경산시,202407,265753,23442
경상북도 경산시,202408,265829,23582
경상북도 경산시,202409,266031,23924
경상북도 경산시,202410,265875,24061
경상북도 경산시,202411,265786,24035
경상북도 경산시,202412,265485,24510
경상북도 경산시,202501,265101,24313
경상북도 경산시,202502,265646,25008
경상북도 경산시,202503,265331,25219
경상북도 경산시,202504,264996,25761
경상북도 경산시,202505,264794,25206
경상북도 경산시,202506,264711,25827
경상북도 경산시,202507,264423,25420
경상북도 경산시,202508,264167,25540
경상북도 경산시,202509,264156,25971
경상북도 경산시,202510,263876,26335
경상북도 경산시,202511,263544,26472
경상북도 경산시,202512,263032,27224
경상북도 경산시,202601,262566,26962
경상북도 경산시,202602,262519,27162
경상북도 경산시,202603,262690,27210
경상북도 경산시,202604,262740,27590
경상북도 경산시,202605,262860,27775
경상북도 경산시,202606,262628,27870
경상북도 경산시,202607,262395,28147
경상북도 경주시,202307,247666,18775
경상북도 경주시,202308,247555,18709
경상북도 경주시,202309,247454,18792
경상북도 경주시,202310,247252,18739
경상북도 경주시,202311,246919,18469
경상북도 경주시,202312,246660,19118
경상북도 경주시,202401,246308,19080
경상북도 경주시,202402,245893,19339
경상북도 경주시,202403,245569,18719
경상북도 경주시,202404,245286,18992
경상북도 경주시,202405,245128,18970
경상북도 경주시,202406,244880,19407
경상북도 경주시,202407,244814,19595
경상북도 경주시,202408,244690,18651
경상북도 경주시,202409,244586,19104
경상북도 경주시,202410,244504,19455
경상북도 경주시,202411,244268,19290
경상북도 경주시,202412,243935,19605
경상북도 경주시,202501,243762,19481
경상북도 경주시,202502,243516,19521
경상북도 경주시,202503,243587,19812
경상북도 경주시,202504,243659,19510
경상북도 경주시,202505,243670,19277
경상북도 경주시,202506,243587,19410
경상북도 경주시,202507,243535,19522
경상북도 경주시,202508,243441,19971
경상북도 경주시,202509,243424,19508
경상북도 경주시,202510,243553,19658
경상북도 경주시,202511,243443,19386
경상북도 경주시,202512,243248,19339
경상북도 경주시,202601,242990,19749
경상북도 경주시,202602,242686,19959
경상북도 경주시,202603,242510,19341
경상북도 경주시,202604,242421,18976
경상북도 경주시,202605,242387,20146
경상북도 경주시,202606,242311,19829
경상북도 경주시,202607,242142,19753
경상북도 고령군,202307,30140,2696
경상북도 고령군,202308,30058,2715
경상북도 고령군,202309,30064,2692
경상북도 고령군,202310,30128,2679
경상북도 고령군,202311,30119,2668
경상북도 고령군,202312,30077,2675
경상북도 고령군,202401,29964,2650
경상북도 고령군,202402,29945,2615
경상북도 고령군,202403,29988,2630
경상북도 고령군,202404,30128,2622
경상북도 고령군,202405,30210,2641
경상북도 고령군,202406,30191,2642
경상북도 고령군,202407,30169,2598
경상북도 고령군,202408,30139,2633
경상북도 고령군,202409,30137,2642
경상북도 고령군,202410,30095,2621
경상북도 고령군,202411,30061,2559
경상북도 고령군,202412,30003,2631
경상북도 고령군,202501,29983,2650
경상북도 고령군,202502,29939,2681
경상북도 고령군,202503,29916,2666
경상북도 고령군,202504,29892,2618
경상북도 고령군,202505,29856,2565
경상북도 고령군,202506,29815,2602
경상북도 고령군,202507,29752,2592
경상북도 고령군,202508,29693,2573
경상북도 고령군,202509,29610,2601
경상북도 고령군,202510,29565,2621
경상북도 고령군,202511,29536,2627
경상북도 고령군,202512,29606,2605
경상북도 고령군,202601,29584,2644
경상북도 고령군,202602,29560,2545
경상북도 고령군,202603,29543,2633
경상북도 고령군,202604,29586,2595
경상북도 고령군,202605,29519,2609
경상북도 고령군,202606,29485,2646
경상북도 고령군,202607,29411,2604
경상북도 구미시,202307,405201,19142
경상북도 구미시,202308,404944,19057
경상북도 구미시,202309,404757,19552
경상북도 구미시,202310,404493,18948
경상북도 구미시,202311,404163,19138
경상북도 구미시,202312,404209,19440
경상북도 구미시,202401,404225,19106
경상북도 구미시,202402,404048,19344
경상북도 구미시,202403,403915,18956
경상북도 구미시,202404,403716,18867
경상북도 구미시,202405,403617,19290
경상북도 구미시,202406,403622,19300
경상북도 구미시,202407,403562,19098
경상북도 구미시,202408,403629,18952
경상북도 구미시,202409,403452,19198
경상북도 구미시,202410,403482,18778
경상북도 구미시,202411,403552,19108
경상북도 구미시,202412,403573,18819
경상북도 구미시,202501,403158,19373
경상북도 구미시,202502,402392,18682
경상북도 구미시,202503,402520,19065
경상북도 구미시,202504,402518,19146
경상북도 구미시,202505,402479,19363
경상북도 구미시,202506,402792,19247
경상북도 구미시,202507,402891,19090
경상북도 구미시,202508,402995,18888
경상북도 구미시,202509,403016,19050
경상북도 구미시,202510,402996,19021
경상북도 구미시,202511,402926,19000
경상북도 구미시,202512,402714,19170
경상북도 구미시,202601,402503,19521
경상북도 구미시,202602,402103,19553
경상북도 구미시,202603,402112,19296
경상북도 구미시,202604,401993,19354
경상북도 구미시,202605,401766,18995
경상북도 구미시,202606,401620,19507
경상북도 구미시,202607,401590,19434
경상북도 김천시,202307,138151,5481
경상북도 김천시,202308,137877,5469
경상북도 김천시,202309,137711,5561
경상북도 김천시,202310,137612,5601
경상북도 김천시,202311,137480,5641
경상북도 김천시,202312,137162,5599
경상북도 김천시,202401,136897,5720
경상북도 김천시,202402,136580,5690
경상북도 김천시,202403,136422,5658
경상북도 김천시,202404,136314,5809
경상북도 김천시,202405,136097,5760
경상북도 김천시,202406,135861,5930
경상북도 김천시,202407,135660,5952
경상북도 김천시,202408,135509,5966
경상북도 김천시,202409,135419,6002
경상북도 김천시,202410,135330,5972
경상북도 김천시,202411,135206,6128
경상북도 김천시,202412,135093,6076
경상북도 김천시,202501,135258,6268
경상북도 김천시,202502,134878,6257
경상북도 김천시,202503,134873,6291
경상북도 김천시,202504,134865,6307
경상북도 김천시,202505,134731,6243
경상북도 김천시,202506,134584,6321
경상북도 김천시,202507,134327,6382
경상북도 김천시,202508,134201,6436
경상북도 김천시,202509,134085,6304
경상북도 김천시,202510,133919,6758
경상북도 김천시,202511,133788,6530
경상북도 김천시,202512,133478,6642
경상북도 김천시,202601,133140,6649
경상북도 김천시,202602,132778,6734
경상북도 김천시,202603,132848,6737
경상북도 김천시,202604,132758,6729
경상북도 김천시,202605,132548,6967
경상북도 김천시,202606,132450,6750
경상북도 김천시,202607,132263,6918
경상북도 문경시,202307,69187,4640
경상북도 문경시,202308,69024,4737
경상북도 문경시,202309,68955,4712
경상북도 문경시,202310,68837,4728
경상북도 문경시,202311,68689,4675
경상북도 문경시,202312,68529,4737
경상북도 문경시,202401,68305,4728
경상북도 문경시,202402,68145,4719
경상북도 문경시,202403,68011,4745
경상북도 문경시,202404,67986,4817
경상북도 문경시,202405,67831,4732
경상북도 문경시,202406,67708,4741
경상북도 문경시,202407,67537,4725
경상북도 문경시,202408,67510,4896
경상북도 문경시,202409,67329,4844
경상북도 문경시,202410,67182,4791
경상북도 문경시,202411,67100,4920
경상북도 문경시,202412,67021,4787
경상북도 문경시,202501,66790,4849
경상북도 문경시,202502,66474,4865
경상북도 문경시,202503,66443,4942
경상북도 문경시,202504,66277,4902
경상북도 문경시,202505,66157,4775
경상북도 문경시,202506,66027,4943
경상북도 문경시,202507,65801,4838
경상북도 문경시,202508,65652,4853
경상북도 문경시,202509,65532,4942
경상북도 문경시,202510,65439,4867
경상북도 문경시,202511,65324,4974
경상북도 문경시,202512,65122,4926
경상북도 문경시,202601,64967,5027
경상북도 문경시,202602,64767,4921
경상북도 문경시,202603,64681,4909
경상북도 문경시,202604,64650,4856
경상북도 문경시,202605,64570,4938
경상북도 문경시,202606,64552,4912
경상북도 문경시,202607,64439,4963
경상북도 봉화군,202307,29822,1231
경상북도 봉화군,202308,29768,1215
경상북도 봉화군,202309,29711,1236
경상북도 봉화군,202310,29618,1242
경상북도 봉화군,202311,29531,1232
경상북도 봉화군,202312,29461,1247
경상북도 봉화군,202401,29390,1248
경상북도 봉화군,202402,29293,1214
경상북도 봉화군,202403,29217,1233
경상북도 봉화군,202404,29256,1252
경상북도 봉화군,202405,29185,1213
경상북도 봉화군,202406,29113,1243
경상북도 봉화군,202407,29059,1214
경상북도 봉화군,202408,28976,1206
경상북도 봉화군,202409,28944,1234
경상북도 봉화군,202410,28857,1217
경상북도 봉화군,202411,28775,1232
경상북도 봉화군,202412,28682,1229
경상북도 봉화군,202501,28568,1232
경상북도 봉화군,202502,28446,1236
경상북도 봉화군,202503,28442,1212
경상북도 봉화군,202504,28442,1210
경상북도 봉화군,202505,28407,1223
경상북도 봉화군,202506,28365,1219
경상북도 봉화군,202507,28306,1210
경상북도 봉화군,202508,28228,1214
경상북도 봉화군,202509,28180,1210
경상북도 봉화군,202510,28165,1211
경상북도 봉화군,202511,28164,1227
경상북도 봉화군,202512,28173,1209
경상북도 봉화군,202601,28114,1225
경상북도 봉화군,202602,28021,1223
경상북도 봉화군,202603,28036,1219
경상북도 봉화군,202604,28023,1210
경상북도 봉화군,202605,27971,1210
경상북도 봉화군,202606,27986,1219
경상북도 봉화군,202607,27940,1217
경상북도 상주시,202307,94233,8503
경상북도 상주시,202308,94099,8652
경상북도 상주시,202309,94015,8344
경상북도 상주시,202310,93829,8531
경상북도 상주시,202311,93725,8600
경상북도 상주시,202312,93689,8437
경상북도 상주시,202401,93475,8747
경상북도 상주시,202402,93275,8652
경상북도 상주시,202403,93254,8754
경상북도 상주시,202404,93050,8685
경상북도 상주시,202405,92894,8633
경상북도 상주시,202406,92744,8838
경상북도 상주시,202407,92613,8623
경상북도 상주시,202408,92419,8902
경상북도 상주시,202409,92287,9005
경상북도 상주시,202410,92093,9096
경상북도 상주시,202411,91821,8750
경상북도 상주시,202412,91662,8761
경상북도 상주시,202501,91602,8875
경상북도 상주시,202502,91289,9005
경상북도 상주시,202503,91219,8890
경상북도 상주시,202504,91049,8960
경상북도 상주시,202505,90921,9025
경상북도 상주시,202506,90828,9016
경상북도 상주시,202507,90630,9058
경상북도 상주시,202508,90355,9023
경상북도 상주시,202509,90241,9070
경상북도 상주시,202510,90068,9027
경상북도 상주시,202511,89874,9123
경상북도 상주시,202512,89719,9194
경상북도 상주시,202601,89627,9416
경상북도 상주시,202602,89432,9180
경상북도 상주시,202603,89407,9486
경상북도 상주시,202604,89296,9229
경상북도 상주시,202605,89217,9329
경상북도 상주시,202606,89061,9431
경상북도 상주시,202607,88907,9300
경상북도 성주군,202307,42232,4094
경상북도 성주군,202308,42159,4021
경상북도 성주군,202309,42112,4073
경상북도 성주군,202310,42080,4035
경상북도 성주군,202311,42044,4115
경상북도 성주군,202312,41958,3965
경상북도 성주군,202401,41909,4091
경상북도 성주군,202402,41875,3962
경상북도 성주군,202403,41847,3972
경상북도 성주군,202404,41812,4012
경상북도 성주군,202405,41737,3924
경상북도 성주군,202406,41694,3914
경상북도 성주군,202407,41599,3902
경상북도 성주군,202408,41567,3862
경상북도 성주군,202409,41468,3901
경상북도 성주군,202410,41385,3772
경상북도 성주군,202411,41344,3853
경상북도 성주군,202412,41326,3856
경상북도 성주군,202501,41270,3813
경상북도 성주군,202502,41159,3749
경상북도 성주군,202503,41087,3759
경상북도 성주군,202504,41023,3797
경상북도 성주군,202505,40969,3633
경상북도 성주군,202506,40903,3730
경상북도 성주군,202507,40864,3633
경상북도 성주군,202508,40834,3661
경상북도 성주군,202509,40753,3656
경상북도 성주군,202510,40661,3631
경상북도 성주군,202511,40604,3578
경상북도 성주군,202512,40626,3536
경상북도 성주군,202601,40545,3530
경상북도 성주군,202602,40480,3549
경상북도 성주군,202603,40465,3464
경상북도 성주군,202604,40452,3529
경상북도 성주군,202605,40462,3466
경상북도 성주군,202606,40373,3489
경상북도 성주군,202607,40286,3610
경상북도 안동시,202307,153267,9402
경상북도 안동시,202308,153150,9405
경상북도 안동시,202309,153018,9472
경상북도 안동시,202310,152949,9739
경상북도 안동시,202311,152819,9682
경상북도 안동시,202312,152631,9963
경상북도 안동시,202401,152447,9819
경상북도 안동시,202402,152354,9963
경상북도 안동시,202403,152429,10076
경상북도 안동시,202404,152681,10120
경상북도 안동시,202405,153202,10116
경상북도 안동시,202406,153519,10313
경상북도 안동시,202407,153364,10508
경상북도 안동시,202408,153134,10432
경상북도 안동시,202409,153052,10509
경상북도 안동시,202410,153200,10725
경상북도 안동시,202411,153141,10716
경상북도 안동시,202412,152855,10732
경상북도 안동시,202501,152598,10971
경상북도 안동시,202502,152251,10874
경상북도 안동시,202503,152594,10652
경상북도 안동시,202504,153675,11134
경상북도 안동시,202505,153564,11116
경상북도 안동시,202506,153459,11481
경상북도 안동시,202507,153319,11208
경상북도 안동시,202508,153153,11514
경상북도 안동시,202509,153108,11359
경상북도 안동시,202510,152844,11529
경상북도 안동시,202511,152741,11517
경상북도 안동시,202512,152319,11839
경상북도 안동시,202601,151860,11987
경상북도 안동시,202602,151460,11822
경상북도 안동시,202603,151808,11990
경상북도 안동시,202604,152190,11814
경상북도 안동시,202605,151967,12082
경상북도 안동시,202606,151585,12418
경상북도 안동시,202607,151305,12088
경상북도 영덕군,202307,34227,1096
경상북도 영덕군,202308,34162,1086
경상북도 영덕군,202309,34100,1127
경상북도 영덕군,202310,34056,1113
경상북도 영덕군,202311,34011,1117
경상북도 영덕군,202312,33956,1170
경상북도 영덕군,202401,33885,1152
경상북도 영덕군,202402,33801,1172
경상북도 영덕군,202403,33686,1174
경상북도 영덕군,202404,33615,1173
경상북도 영덕군,202405,33534,1182
경상북도 영덕군,202406,33421,1237
경상북도 영덕군,202407,33401,1236
경상북도 영덕군,202408,33339,1264
경상북도 영덕군,202409,33261,1239
경상북도 영덕군,202410,33184,1267
경상북도 영덕군,202411,33153,1295
경상북도 영덕군,202412,33118,1291
경상북도 영덕군,202501,33032,1324
경상북도 영덕군,202502,32909,1293
경상북도 영덕군,202503,32909,1337
경상북도 영덕군,202504,32953,1349
경상북도 영덕군,202505,32907,1341
경상북도 영덕군,202506,32868,1369
경상북도 영덕군,202507,32843,1354
경상북도 영덕군,202508,32791,1401
경상북도 영덕군,202509,32752,1405
경상북도 영덕군,202510,32742,1413
경상북도 영덕군,202511,32634,1443
경상북도 영덕군,202512,32622,1455
경상북도 영덕군,202601,32553,1438
경상북도 영덕군,202602,32516,1456
경상북도 영덕군,202603,32468,1447
경상북도 영덕군,202604,32462,1486
경상북도 영덕군,202605,32449,1516
경상북도 영덕군,202606,32484,1532
경상북도 영덕군,202607,32460,1521
경상북도 영양군,202307,15785,283
경상북도 영양군,202308,15767,284
경상북도 영양군,202309,15752,285
경상북도 영양군,202310,15711,288
경상북도 영양군,202311,15677,281
경상북도 영양군,202312,15635,285
경상북도 영양군,202401,15616,289
경상북도 영양군,202402,15563,289
경상북도 영양군,202403,15533,286
경상북도 영양군,202404,15496,287
경상북도 영양군,202405,15487,291
경상북도 영양군,202406,15470,294
경상북도 영양군,202407,15432,289
경상북도 영양군,202408,15416,287
경상북도 영양군,202409,15385,287
경상북도 영양군,202410,15346,290
경상북도 영양군,202411,15317,290
경상북도 영양군,202412,15309,287
경상북도 영양군,202501,15290,286
경상북도 영양군,202502,15251,288
경상북도 영양군,202503,15241,288
경상북도 영양군,202504,15262,287
경상북도 영양군,202505,15249,287
경상북도 영양군,202506,15215,289
경상북도 영양군,202507,15198,294
경상북도 영양군,202508,15149,288
경상북도 영양군,202509,15169,284
경상북도 영양군,202510,15452,291
경상북도 영양군,202511,15776,291
경상북도 영양군,202512,15924,298
경상북도 영양군,202601,15980,293
경상북도 영양군,202602,15969,291
경상북도 영양군,202603,15988,296
경상북도 영양군,202604,15973,295
경상북도 영양군,202605,15950,292
경상북도 영양군,202606,15953,285
경상북도 영양군,202607,15954,288
경상북도 영주시,202307,100160,3773
경상북도 영주시,202308,99996,3838
경상북도 영주시,202309,99811,3785
경상북도 영주시,202310,100013,3921
경상북도 영주시,202311,100018,3961
경상북도 영주시,202312,100002,4050
경상북도 영주시,202401,99906,4089
경상북도 영주시,202402,99772,4100
경상북도 영주시,202403,99879,4215
경상북도 영주시,202404,99762,4317
경상북도 영주시,202405,99625,4365
경상북도 영주시,202406,99543,4275
경상북도 영주시,202407,99409,4443
경상북도 영주시,202408,99283,4454
경상북도 영주시,202409,99111,4487
경상북도 영주시,202410,98977,4482
경상북도 영주시,202411,98826,4653
경상북도 영주시,202412,98668,4715
경상북도 영주시,202501,98579,4725
경상북도 영주시,202502,98320,4810
경상북도 영주시,202503,98267,4759
경상북도 영주시,202504,98028,4900
경상북도 영주시,202505,97869,5074
경상북도 영주시,202506,97838,4960
경상북도 영주시,202507,97641,5040
경상북도 영주시,202508,97504,5059
경상북도 영주시,202509,97349,5227
경상북도 영주시,202510,97234,5136
경상북도 영주시,202511,97069,5283
경상북도 영주시,202512,96962,5354
경상북도 영주시,202601,96823,5374
경상북도 영주시,202602,96593,5413
경상북도 영주시,202603,96478,5384
경상북도 영주시,202604,96358,5596
경상북도 영주시,202605,96313,5653
경상북도 영주시,202606,96237,5737
경상북도 영주시,202607,96139,5898
경상북도 영천시,202307,100466,5273
경상북도 영천시,202308,100302,5379
경상북도 영천시,202309,100199,5406
경상북도 영천시,202310,100040,5441
경상북도 영천시,202311,100069,5467
경상북도 영천시,202312,99994,5478
경상북도 영천시,202401,99896,5564
경상북도 영천시,202402,99992,5638
경상북도 영천시,202403,99982,5541
경상북도 영천시,202404,99932,5568
경상북도 영천시,202405,99838,5471
경상북도 영천시,202406,99801,5659
경상북도 영천시,202407,99422,5682
경상북도 영천시,202408,99116,5649
경상북도 영천시,202409,98817,5710
경상북도 영천시,202410,98553,5765
경상북도 영천시,202411,98286,5741
경상북도 영천시,202412,97940,5805
경상북도 영천시,202501,97671,5849
경상북도 영천시,202502,97238,5779
경상북도 영천시,202503,97059,5766
경상북도 영천시,202504,96934,5831
경상북도 영천시,202505,96837,5963
경상북도 영천시,202506,96598,5949
경상북도 영천시,202507,96222,5851
경상북도 영천시,202508,95950,5959
경상북도 영천시,202509,95723,5934
경상북도 영천시,202510,95539,6066
경상북도 영천시,202511,95340,5954
경상북도 영천시,202512,94999,6090
경상북도 영천시,202601,94754,6089
경상북도 영천시,202602,94568,6009
경상북도 영천시,202603,94446,6115
경상북도 영천시,202604,94296,6065
경상북도 영천시,202605,94140,6163
경상북도 영천시,202606,93916,6031
경상북도 영천시,202607,93657,6143
경상북도 예천군,202307,55557,5954
경상북도 예천군,202308,55470,5847
경상북도 예천군,202309,55418,5712
경상북도 예천군,202310,55342,5825
경상북도 예천군,202311,55251,5781
경상북도 예천군,202312,55205,5837
경상북도 예천군,202401,55189,5563
경상북도 예천군,202402,55113,5721
경상북도 예천군,202403,55018,5718
경상북도 예천군,202404,54979,5734
경상북도 예천군,202405,54910,5734
경상북도 예천군,202406,54839,5715
경상북도 예천군,202407,54776,5604
경상북도 예천군,202408,54775,5572
경상북도 예천군,202409,54761,5465
경상북도 예천군,202410,54632,5556
경상북도 예천군,202411,54521,5380
경상북도 예천군,202412,54477,5545
경상북도 예천군,202501,54349,5444
경상북도 예천군,202502,54194,5470
경상북도 예천군,202503,54174,5518
경상북도 예천군,202504,54087,5312
경상북도 예천군,202505,54044,5379
경상북도 예천군,202506,53994,5281
경상북도 예천군,202507,53966,5419
경상북도 예천군,202508,53924,5369
경상북도 예천군,202509,53899,5324
경상북도 예천군,202510,53817,5347
경상북도 예천군,202511,53774,5258
경상북도 예천군,202512,53778,5152
경상북도 예천군,202601,53770,5222
경상북도 예천군,202602,53700,5293
경상북도 예천군,202603,53563,5129
경상북도 예천군,202604,53425,5016
경상북도 예천군,202605,53362,5009
경상북도 예천군,202606,53317,5089
경상북도 예천군,202607,53237,5048
경상북도 울릉군,202307,9071,569
경상북도 울릉군,202308,9062,548
경상북도 울릉군,202309,9032,555
경상북도 울릉군,202310,9009,556
경상북도 울릉군,202311,8985,554
경상북도 울릉군,202312,8991,555
경상북도 울릉군,202401,8947,543
경상북도 울릉군,202402,8966,544
경상북도 울릉군,202403,8987,538
경상북도 울릉군,202404,9012,542
경상북도 울릉군,202405,9036,542
경상북도 울릉군,202406,9080,528
경상북도 울릉군,202407,9125,534
경상북도 울릉군,202408,9107,520
경상북도 울릉군,202409,9087,536
경상북도 울릉군,202410,9076,524
경상북도 울릉군,202411,9061,510
경상북도 울릉군,202412,9062,518
경상북도 울릉군,202501,9027,521
경상북도 울릉군,202502,8991,517
경상북도 울릉군,202503,9006,505
경상북도 울릉군,202504,8984,517
경상북도 울릉군,202505,8967,506
경상북도 울릉군,202506,8988,510
경상북도 울릉군,202507,8889,502
경상북도 울릉군,202508,8828,507
경상북도 울릉군,202509,8791,497
경상북도 울릉군,202510,8728,495
경상북도 울릉군,202511,8683,488
경상북도 울릉군,202512,8668,491
경상북도 울릉군,202601,8678,488
경상북도 울릉군,202602,8695,483
경상북도 울릉군,202603,8715,488
경상북도 울릉군,202604,8718,478
경상북도 울릉군,202605,8728,473
경상북도 울릉군,202606,8741,472
경상북도 울릉군,202607,8752,466
경상북도 울진군,202307,46705,2543
경상북도 울진군,202308,46672,2568
경상북도 울진군,202309,46656,2636
경상북도 울진군,202310,46582,2580
경상북도 울진군,202311,46555,2544
경상북도 울진군,202312,46558,2620
경상북도 울진군,202401,46452,2603
경상북도 울진군,202402,46358,2551
경상북도 울진군,202403,46286,2519
경상북도 울진군,202404,46235,2516
경상북도 울진군,202405,46193,2577
경상북도 울진군,202406,46173,2510
경상북도 울진군,202407,46132,2496
경상북도 울진군,202408,46063,2564
경상북도 울진군,202409,46000,2537
경상북도 울진군,202410,46038,2522
경상북도 울진군,202411,46054,2416
경상북도 울진군,202412,46007,2513
경상북도 울진군,202501,45989,2412
경상북도 울진군,202502,45869,2439
경상북도 울진군,202503,45930,2392
경상북도 울진군,202504,45899,2438
경상북도 울진군,202505,45898,2395
경상북도 울진군,202506,45887,2430
경상북도 울진군,202507,45844,2360
경상북도 울진군,202508,45811,2391
경상북도 울진군,202509,45821,2432
경상북도 울진군,202510,45825,2408
경상북도 울진군,202511,45803,2361
경상북도 울진군,202512,45790,2340
경상북도 울진군,202601,45751,2363
경상북도 울진군,202602,45860,2320
경상북도 울진군,202603,45927,2318
경상북도 울진군,202604,45978,2281
경상북도 울진군,202605,45991,2317
경상북도 울진군,202606,46090,2315
경상북도 울진군,202607,46112,2294
경상북도 의성군,202307,49884,2526
경상북도 의성군,202308,49877,2559
경상북도 의성군,202309,49859,2502
경상북도 의성군,202310,50007,2532
경상북도 의성군,202311,49931,2524
경상북도 의성군,202312,49928,2503
경상북도 의성군,202401,49726,2563
경상북도 의성군,202402,49572,2523
경상북도 의성군,202403,49543,2540
경상북도 의성군,202404,49434,2556
경상북도 의성군,202405,49331,2566
경상북도 의성군,202406,49221,2611
경상북도 의성군,202407,49099,2586
경상북도 의성군,202408,48961,2550
경상북도 의성군,202409,48839,2614
경상북도 의성군,202410,48734,2543
경상북도 의성군,202411,48636,2658
경상북도 의성군,202412,48544,2510
경상북도 의성군,202501,48475,2585
경상북도 의성군,202502,48299,2607
경상북도 의성군,202503,48312,2630
경상북도 의성군,202504,48306,2626
경상북도 의성군,202505,48237,2666
경상북도 의성군,202506,48184,2660
경상북도 의성군,202507,48101,2648
경상북도 의성군,202508,47979,2663
경상북도 의성군,202509,47865,2699
경상북도 의성군,202510,47802,2663
경상북도 의성군,202511,47736,2684
경상북도 의성군,202512,47788,2633
경상북도 의성군,202601,47773,2680
경상북도 의성군,202602,47763,2747
경상북도 의성군,202603,47717,2681
경상북도 의성군,202604,47726,2676
경상북도 의성군,202605,47790,2698
경상북도 의성군,202606,47850,2694
경상북도 의성군,202607,47819,2765
경상북도 청도군,202307,41394,1830
경상북도 청도군,202308,41371,1816
경상북도 청도군,202309,41335,1861
경상북도 청도군,202310,41278,1914
경상북도 청도군,202311,41252,1909
경상북도 청도군,202312,41209,1971
경상북도 청도군,202401,41161,1987
경상북도 청도군,202402,41077,2030
경상북도 청도군,202403,41038,2032
경상북도 청도군,202404,41033,2064
경상북도 청도군,202405,40971,2061
경상북도 청도군,202406,40879,2078
경상북도 청도군,202407,40826,2141
경상북도 청도군,202408,40741,2156
경상북도 청도군,202409,40673,2180
경상북도 청도군,202410,40605,2218
경상북도 청도군,202411,40518,2214
경상북도 청도군,202412,40484,2263
경상북도 청도군,202501,40449,2339
경상북도 청도군,202502,40381,2316
경상북도 청도군,202503,40337,2346
경상북도 청도군,202504,40259,2355
경상북도 청도군,202505,40218,2396
경상북도 청도군,202506,40187,2432
경상북도 청도군,202507,40191,2455
경상북도 청도군,202508,40152,2469
경상북도 청도군,202509,40104,2519
경상북도 청도군,202510,40061,2511
경상북도 청도군,202511,40017,2607
경상북도 청도군,202512,40032,2601
경상북도 청도군,202601,40028,2635
경상북도 청도군,202602,40033,2669
경상북도 청도군,202603,40038,2659
경상북도 청도군,202604,40049,2674
경상북도 청도군,202605,39973,2774
경상북도 청도군,202606,39935,2772
경상북도 청도군,202607,39902,2748
경상북도 청송군,202307,24109,1234
경상북도 청송군,202308,24050,1224
경상북도 청송군,202309,24031,1235
경상북도 청송군,202310,24000,1238
경상북도 청송군,202311,24001,1238
경상북도 청송군,202312,23982,1243
경상북도 청송군,202401,23995,1224
경상북도 청송군,202402,23924,1252
경상북도 청송군,202403,23913,1187
경상북도 청송군,202404,23899,1229
경상북도 청송군,202405,23873,1201
경상북도 청송군,202406,23849,1180
경상북도 청송군,202407,23810,1184
경상북도 청송군,202408,23782,1212
경상북도 청송군,202409,23736,1215
경상북도 청송군,202410,23711,1167
경상북도 청송군,202411,23693,1170
경상북도 청송군,202412,23674,1208
경상북도 청송군,202501,23647,1168
경상북도 청송군,202502,23581,1153
경상북도 청송군,202503,23560,1182
경상북도 청송군,202504,23575,1206
경상북도 청송군,202505,23524,1173
경상북도 청송군,202506,23513,1159
경상북도 청송군,202507,23522,1161
경상북도 청송군,202508,23475,1168
경상북도 청송군,202509,23456,1171
경상북도 청송군,202510,23389,1180
경상북도 청송군,202511,23356,1152
경상북도 청송군,202512,23328,1131
경상북도 청송군,202601,23290,1139
경상북도 청송군,202602,23279,1126
경상북도 청송군,202603,23249,1163
경상북도 청송군,202604,23221,1145
경상북도 청송군,202605,23246,1119
경상북도 청송군,202606,23984,1147
경상북도 청송군,202607,24400,1116
경상북도 칠곡군,202307,111007,4095
경상북도 칠곡군,202308,110898,4152
경상북도 칠곡군,202309,110814,4152
경상북도 칠곡군,202310,110579,4215
경상북도 칠곡군,202311,110489,4211
경상북도 칠곡군,202312,110192,4265
경상북도 칠곡군,202401,109918,4305
경상북도 칠곡군,202402,109520,4410
경상북도 칠곡군,202403,109099,4398
경상북도 칠곡군,202404,108871,4348
경상북도 칠곡군,202405,108690,4508
경상북도 칠곡군,202406,108460,4575
경상북도 칠곡군,202407,108244,4506
경상북도 칠곡군,202408,108014,4580
경상북도 칠곡군,202409,107734,4547
경상북도 칠곡군,202410,107491,4647
경상북도 칠곡군,202411,107200,4710
경상북도 칠곡군,202412,106978,4741
경상북도 칠곡군,202501,106733,4666
경상북도 칠곡군,202502,106358,4710
경상북도 칠곡군,202503,106110,4752
경상북도 칠곡군,202504,105855,4776
경상북도 칠곡군,202505,105738,4842
경상북도 칠곡군,202506,105494,4944
경상북도 칠곡군,202507,105164,4882
경상북도 칠곡군,202508,104921,4915
경상북도 칠곡군,202509,104815,5109
경상북도 칠곡군,202510,104736,5069
경상북도 칠곡군,202511,104605,5041
경상북도 칠곡군,202512,104461,5024
경상북도 칠곡군,202601,104228,5101
경상북도 칠곡군,202602,103986,5033
경상북도 칠곡군,202603,103637,5255
경상북도 칠곡군,202604,103458,5134
경상북도 칠곡군,202605,103271,5191
경상북도 칠곡군,202606,103193,5286
경상북도 칠곡군,202607,103199,5301
경상북도 포항시 남구,202307,226041,10217
경상북도 포항시 남구,202308,225939,10091
경상북도 포항시 남구,202309,225830,10109
경상북도 포항시 남구,202310,225785,10184
경상북도 포항시 남구,202311,225651,10188
경상북도 포항시 남구,202312,225581,10203
경상북도 포항시 남구,202401,225469,9990
경상북도 포항시 남구,202402,225390,9877
경상북도 포항시 남구,202403,224839,9884
경상북도 포항시 남구,202404,223693,9945
경상북도 포항시 남구,202405,222891,9759
경상북도 포항시 남구,202406,222463,9770
경상북도 포항시 남구,202407,222031,9841
경상북도 포항시 남구,202408,221694,9642
경상북도 포항시 남구,202409,221485,9739
경상북도 포항시 남구,202410,221282,9464
경상북도 포항시 남구,202411,221012,9724
경상북도 포항시 남구,202412,219948,9356
경상북도 포항시 남구,202501,218962,9611
경상북도 포항시 남구,202502,218333,9224
경상북도 포항시 남구,202503,217826,9243
경상북도 포항시 남구,202504,217471,9029
경상북도 포항시 남구,202505,217169,9327
경상북도 포항시 남구,202506,216906,9261
경상북도 포항시 남구,202507,216653,9199
경상북도 포항시 남구,202508,216401,9049
경상북도 포항시 남구,202509,216121,9125
경상북도 포항시 남구,202510,215732,8970
경상북도 포항시 남구,202511,215205,8742
경상북도 포항시 남구,202512,214600,9007
경상북도 포항시 남구,202601,214282,8809
경상북도 포항시 남구,202602,213912,8706
경상북도 포항시 남구,202603,213391,8836
경상북도 포항시 남구,202604,213009,8689
경상북도 포항시 남구,202605,212776,8704
경상북도 포항시 남구,202606,211736,8541
경상북도 포항시 남구,202607,210931,8579
경상북도 포항시 북구,202307,265902,13460
경상북도 포항시 북구,202308,265709,13299
경상북도 포항시 북구,202309,265660,13486
경상북도 포항시 북구,202310,265606,13624
경상북도 포항시 북구,202311,265785,13787
경상북도 포항시 북구,202312,265956,13664
경상북도 포항시 북구,202401,265984,14152
경상북도 포항시 북구,202402,265790,14080
경상북도 포항시 북구,202403,266033,14217
경상북도 포항시 북구,202404,267413,14168
경상북도 포항시 북구,202405,268150,14387
경상북도 포항시 북구,202406,268580,14549
경상북도 포항시 북구,202407,268926,14609
경상북도 포항시 북구,202408,269078,14824
경상북도 포항시 북구,202409,269122,14801
경상북도 포항시 북구,202410,269170,14854
경상북도 포항시 북구,202411,269324,15307
경상북도 포항시 북구,202412,270306,15109
경상북도 포항시 북구,202501,271147,15270
경상북도 포항시 북구,202502,271208,15493
경상북도 포항시 북구,202503,271311,15273
경상북도 포항시 북구,202504,271507,15530
경상북도 포항시 북구,202505,271680,15496
경상북도 포항시 북구,202506,271694,15658
경상북도 포항시 북구,202507,271711,16324
경상북도 포항시 북구,202508,271752,15970
경상북도 포항시 북구,202509,271682,16250
경상북도 포항시 북구,202510,271986,16154
경상북도 포항시 북구,202511,272405,16373
경상북도 포항시 북구,202512,272865,16760
경상북도 포항시 북구,202601,273162,16632
경상북도 포항시 북구,202602,273297,16866
경상북도 포항시 북구,202603,273182,16997
경상북도 포항시 북구,202604,273187,16882
경상북도 포항시 북구,202605,273096,16867
경상북도 포항시 북구,202606,274077,17116
경상북도 포항시 북구,202607,274875,16982
대구광역시 군위군,202307,23117,961
대구광역시 군위군,202308,23081,949
대구광역시 군위군,202309,23059,942
대구광역시 군위군,202310,23001,951
대구광역시 군위군,202311,22965,951
대구광역시 군위군,202312,22936,919
대구광역시 군위군,202401,22880,913
대구광역시 군위군,202402,22823,940
대구광역시 군위군,202403,22768,928
대구광역시 군위군,202404,22744,936
대구광역시 군위군,202405,22702,892
대구광역시 군위군,202406,22655,898
대구광역시 군위군,202407,22597,910
대구광역시 군위군,202408,22522,915
대구광역시 군위군,202409,22508,901
대구광역시 군위군,202410,22451,896
대구광역시 군위군,202411,22398,898
대구광역시 군위군,202412,22408,903
대구광역시 군위군,202501,22358,868
대구광역시 군위군,202502,22375,880
대구광역시 군위군,202503,22390,861
대구광역시 군위군,202504,22377,865
대구광역시 군위군,202505,22354,863
대구광역시 군위군,202506,22343,881
대구광역시 군위군,202507,22339,855
대구광역시 군위군,202508,22295,860
대구광역시 군위군,202509,22299,867
대구광역시 군위군,202510,22281,866
대구광역시 군위군,202511,22277,870
대구광역시 군위군,202512,22397,878
대구광역시 군위군,202601,22485,845
대구광역시 군위군,202602,22518,836
대구광역시 군위군,202603,22538,843
대구광역시 군위군,202604,22619,828
대구광역시 군위군,202605,22626,821
대구광역시 군위군,202606,22574,825
대구광역시 군위군,202607,22504,823
대구광역시 남구,202307,139890,5394
대구광역시 남구,202308,139633,5421
대구광역시 남구,202309,139541,5362
대구광역시 남구,202310,139280,5320
대구광역시 남구,202311,138730,5286
대구광역시 남구,202312,138278,5196
대구광역시 남구,202401,137911,5300
대구광역시 남구,202402,137589,5358
대구광역시 남구,202403,137261,5283
대구광역시 남구,202404,136681,5123
대구광역시 남구,202405,136280,5328
대구광역시 남구,202406,136020,5163
대구광역시 남구,202407,135712,5238
대구광역시 남구,202408,135445,5176
대구광역시 남구,202409,135102,5102
대구광역시 남구,202410,134679,5078
대구광역시 남구,202411,134660,5116
대구광역시 남구,202412,135377,5159
대구광역시 남구,202501,135762,5116
대구광역시 남구,202502,136028,4855
대구광역시 남구,202503,135978,5026
대구광역시 남구,202504,135827,5049
대구광역시 남구,202505,135736,4909
대구광역시 남구,202506,135704,4921
대구광역시 남구,202507,135572,4943
대구광역시 남구,202508,135448,4876
대구광역시 남구,202509,135152,4795
대구광역시 남구,202510,134863,4929
대구광역시 남구,202511,134837,4815
대구광역시 남구,202512,134677,4752
대구광역시 남구,202601,135636,4771
대구광역시 남구,202602,136896,4739
대구광역시 남구,202603,137698,4772
대구광역시 남구,202604,138281,4739
대구광역시 남구,202605,139793,4719
대구광역시 남구,202606,140520,4605
대구광역시 남구,202607,140852,4638
대구광역시 달서구,202307,531709,21639
대구광역시 달서구,202308,530971,22211
대구광역시 달서구,202309,530262,22074
대구광역시 달서구,202310,529244,23049
대구광역시 달서구,202311,527499,22895
대구광역시 달서구,202312,526210,23139
대구광역시 달서구,202401,525030,23309
대구광역시 달서구,202402,524205,23378
대구광역시 달서구,202403,524085,24057
대구광역시 달서구,202404,523990,24163
대구광역시 달서구,202405,523220,24365
대구광역시 달서구,202406,522766,24605
대구광역시 달서구,202407,522931,24921
대구광역시 달서구,202408,522934,25251
대구광역시 달서구,202409,522203,25811
대구광역시 달서구,202410,521707,25448
대구광역시 달서구,202411,521176,25831
대구광역시 달서구,202412,520493,26171
대구광역시 달서구,202501,520157,26548
대구광역시 달서구,202502,519781,27141
대구광역시 달서구,202503,519276,26803
대구광역시 달서구,202504,519066,27976
대구광역시 달서구,202505,518860,27596
대구광역시 달서구,202506,518591,27475
대구광역시 달서구,202507,518635,27969
대구광역시 달서구,202508,518205,27467
대구광역시 달서구,202509,517559,28605
대구광역시 달서구,202510,517001,28868
대구광역시 달서구,202511,516248,29137
대구광역시 달서구,202512,515632,28878
대구광역시 달서구,202601,515076,29270
대구광역시 달서구,202602,514605,29973
대구광역시 달서구,202603,513733,30514
대구광역시 달서구,202604,513287,30307
대구광역시 달서구,202605,512699,31374
대구광역시 달서구,202606,512036,31704
대구광역시 달서구,202607,511591,31226
대구광역시 달성군,202307,262592,21076
대구광역시 달성군,202308,262626,22013
대구광역시 달성군,202309,262423,21856
대구광역시 달성군,202310,262100,22167
대구광역시 달성군,202311,261808,22699
대구광역시 달성군,202312,261645,22117
대구광역시 달성군,202401,261364,22215
대구광역시 달성군,202402,260871,22849
대구광역시 달성군,202403,260364,23253
대구광역시 달성군,202404,259722,22859
대구광역시 달성군,202405,259187,23217
대구광역시 달성군,202406,258853,23330
대구광역시 달성군,202407,258603,23246
대구광역시 달성군,202408,258279,23635
대구광역시 달성군,202409,257861,23621
대구광역시 달성군,202410,257520,24103
대구광역시 달성군,202411,257335,24271
대구광역시 달성군,202412,257150,24677
대구광역시 달성군,202501,257041,24332
대구광역시 달성군,202502,256424,25112
대구광역시 달성군,202503,256134,24515
대구광역시 달성군,202504,255949,24415
대구광역시 달성군,202505,255774,25476
대구광역시 달성군,202506,255523,25097
대구광역시 달성군,202507,255368,25254
대구광역시 달성군,202508,255173,25181
대구광역시 달성군,202509,254782,26108
대구광역시 달성군,202510,254527,25932
대구광역시 달성군,202511,254413,25845
대구광역시 달성군,202512,254227,26119
대구광역시 달성군,202601,253788,25788
대구광역시 달성군,202602,253106,26494
대구광역시 달성군,202603,252596,26925
대구광역시 달성군,202604,252202,26682
대구광역시 달성군,202605,251788,26481
대구광역시 달성군,202606,251577,26722
대구광역시 달성군,202607,251569,26713
대구광역시 동구,202307,339251,18284
대구광역시 동구,202308,340490,18326
대구광역시 동구,202309,341168,18218
대구광역시 동구,202310,341313,18382
대구광역시 동구,202311,341685,18650
대구광역시 동구,202312,341481,18729
대구광역시 동구,202401,341386,18976
대구광역시 동구,202402,340839,18967
대구광역시 동구,202403,340595,19147
대구광역시 동구,202404,340974,19626
대구광역시 동구,202405,341559,19442
대구광역시 동구,202406,341928,19552
대구광역시 동구,202407,342076,20136
대구광역시 동구,202408,342149,19880
대구광역시 동구,202409,342074,20144
대구광역시 동구,202410,341807,19958
대구광역시 동구,202411,341431,20266
대구광역시 동구,202412,341009,20814
대구광역시 동구,202501,340813,20612
대구광역시 동구,202502,340386,20750
대구광역시 동구,202503,340166,21157
대구광역시 동구,202504,339840,21043
대구광역시 동구,202505,339591,21016
대구광역시 동구,202506,339283,21150
대구광역시 동구,202507,339222,21628
대구광역시 동구,202508,339075,21823
대구광역시 동구,202509,338653,21450
대구광역시 동구,202510,338386,21527
대구광역시 동구,202511,338180,21883
대구광역시 동구,202512,338026,22171
대구광역시 동구,202601,337922,22544
대구광역시 동구,202602,337513,22580
대구광역시 동구,202603,337184,23048
대구광역시 동구,202604,337044,22301
대구광역시 동구,202605,337058,23423
대구광역시 동구,202606,337284,22836
대구광역시 동구,202607,337352,23286
대구광역시 북구,202307,424491,30974
대구광역시 북구,202308,423603,30534
대구광역시 북구,202309,422430,31128
대구광역시 북구,202310,421370,31857
대구광역시 북구,202311,419757,30504
대구광역시 북구,202312,418407,32652
대구광역시 북구,202401,417353,32230
대구광역시 북구,202402,416143,33318
대구광역시 북구,202403,415518,32299
대구광역시 북구,202404,415232,32889
대구광역시 북구,202405,415371,33755
대구광역시 북구,202406,415244,33431
대구광역시 북구,202407,414910,33803
대구광역시 북구,202408,414356,33174
대구광역시 북구,202409,413691,34035
대구광역시 북구,202410,413063,34750
대구광역시 북구,202411,412530,34193
대구광역시 북구,202412,411821,34609
대구광역시 북구,202501,411171,35376
대구광역시 북구,202502,411018,34938
대구광역시 북구,202503,410462,35608
대구광역시 북구,202504,410296,35582
대구광역시 북구,202505,410301,36384
대구광역시 북구,202506,410185,35993
대구광역시 북구,202507,410000,36536
대구광역시 북구,202508,410105,36878
대구광역시 북구,202509,410092,36525
대구광역시 북구,202510,409839,37649
대구광역시 북구,202511,409372,37589
대구광역시 북구,202512,408754,37023
대구광역시 북구,202601,407802,38120
대구광역시 북구,202602,407391,39244
대구광역시 북구,202603,407128,38407
대구광역시 북구,202604,406787,38770
대구광역시 북구,202605,406463,39562
대구광역시 북구,202606,405850,39263
대구광역시 북구,202607,405511,39506
대구광역시 서구,202307,158689,18897
대구광역시 서구,202308,158351,18952
대구광역시 서구,202309,158995,19363
대구광역시 서구,202310,160295,19541
대구광역시 서구,202311,162156,18984
대구광역시 서구,202312,163213,19390
대구광역시 서구,202401,163645,19330
대구광역시 서구,202402,163878,19168
대구광역시 서구,202403,163605,19467
대구광역시 서구,202404,163218,19264
대구광역시 서구,202405,162744,19627
대구광역시 서구,202406,162503,19328
대구광역시 서구,202407,162055,19507
대구광역시 서구,202408,161720,19505
대구광역시 서구,202409,162633,19678
대구광역시 서구,202410,162934,20029
대구광역시 서구,202411,162723,19494
대구광역시 서구,202412,162326,19196
대구광역시 서구,202501,162010,19742
대구광역시 서구,202502,161615,19441
대구광역시 서구,202503,161283,19776
대구광역시 서구,202504,160923,19702
대구광역시 서구,202505,160526,19850
대구광역시 서구,202506,160270,19814
대구광역시 서구,202507,160148,19973
대구광역시 서구,202508,160390,19605
대구광역시 서구,202509,161771,20093
대구광역시 서구,202510,162651,20152
대구광역시 서구,202511,162972,20176
대구광역시 서구,202512,163243,20006
대구광역시 서구,202601,163309,20020
대구광역시 서구,202602,163282,20432
대구광역시 서구,202603,163158,20127
대구광역시 서구,202604,163136,19757
대구광역시 서구,202605,163087,19788
대구광역시 서구,202606,162851,20274
대구광역시 서구,202607,162799,19611
대구광역시 수성구,202307,406375,28718
대구광역시 수성구,202308,405870,28321
대구광역시 수성구,202309,405598,28704
대구광역시 수성구,202310,405500,29150
대구광역시 수성구,202311,405680,29008
대구광역시 수성구,202312,406003,28488
대구광역시 수성구,202401,406927,29469
대구광역시 수성구,202402,407774,29348
대구광역시 수성구,202403,407601,29436
대구광역시 수성구,202404,407571,29020
대구광역시 수성구,202405,407263,29761
대구광역시 수성구,202406,406970,29059
대구광역시 수성구,202407,406874,30206
대구광역시 수성구,202408,407014,30311
대구광역시 수성구,202409,407150,29875
대구광역시 수성구,202410,407617,30591
대구광역시 수성구,202411,407725,29994
대구광역시 수성구,202412,407797,30615
대구광역시 수성구,202501,408383,30421
대구광역시 수성구,202502,408957,30611
대구광역시 수성구,202503,408682,30997
대구광역시 수성구,202504,408594,30405
대구광역시 수성구,202505,408443,30766
대구광역시 수성구,202506,408210,31012
대구광역시 수성구,202507,408131,30272
대구광역시 수성구,202508,408194,31451
대구광역시 수성구,202509,408148,31494
대구광역시 수성구,202510,408186,31356
대구광역시 수성구,202511,407993,31714
대구광역시 수성구,202512,407962,31507
대구광역시 수성구,202601,408088,31509
대구광역시 수성구,202602,408050,31914
대구광역시 수성구,202603,407678,32280
대구광역시 수성구,202604,407492,31432
대구광역시 수성구,202605,407273,32123
대구광역시 수성구,202606,406904,31946
대구광역시 수성구,202607,406574,32709
대구광역시 중구,202307,84691,2190
대구광역시 중구,202308,85611,2197
대구광역시 중구,202309,86120,2189
대구광역시 중구,202310,86812,2171
대구광역시 중구,202311,87400,2201
대구광역시 중구,202312,88481,2193
대구광역시 중구,202401,89103,2182
대구광역시 중구,202402,89670,2234
대구광역시 중구,202403,89994,2261
대구광역시 중구,202404,90374,2218
대구광역시 중구,202405,91324,2284
대구광역시 중구,202406,92076,2274
대구광역시 중구,202407,92762,2238
대구광역시 중구,202408,93522,2345
대구광역시 중구,202409,94248,2313
대구광역시 중구,202410,95194,2276
대구광역시 중구,202411,96169,2315
대구광역시 중구,202412,97128,2294
대구광역시 중구,202501,97534,2303
대구광역시 중구,202502,98004,2313
대구광역시 중구,202503,98155,2356
대구광역시 중구,202504,98325,2327
대구광역시 중구,202505,98501,2364
대구광역시 중구,202506,99051,2294
대구광역시 중구,202507,99788,2395
대구광역시 중구,202508,100019,2385
대구광역시 중구,202509,100199,2370
대구광역시 중구,202510,100308,2376
대구광역시 중구,202511,100412,2379
대구광역시 중구,202512,100473,2383
대구광역시 중구,202601,100580,2427
대구광역시 중구,202602,100563,2371
대구광역시 중구,202603,100830,2408
대구광역시 중구,202604,101061,2409
대구광역시 중구,202605,101128,2402
대구광역시 중구,202606,101240,2445
대구광역시 중구,202607,101295,2463
대전광역시 대덕구,202307,170117,8189
대전광역시 대덕구,202308,169922,7981
대전광역시 대덕구,202309,169804,8192
대전광역시 대덕구,202310,169617,8262
대전광역시 대덕구,202311,169395,8240
대전광역시 대덕구,202312,169167,8190
대전광역시 대덕구,202401,168901,8237
대전광역시 대덕구,202402,168868,8345
대전광역시 대덕구,202403,169212,8231
대전광역시 대덕구,202404,169514,8188
대전광역시 대덕구,202405,169412,8139
대전광역시 대덕구,202406,169405,8281
대전광역시 대덕구,202407,169260,8481
대전광역시 대덕구,202408,168852,8427
대전광역시 대덕구,202409,168489,8388
대전광역시 대덕구,202410,168027,8504
대전광역시 대덕구,202411,167765,8284
대전광역시 대덕구,202412,167546,8367
대전광역시 대덕구,202501,167119,8505
대전광역시 대덕구,202502,166626,8469
대전광역시 대덕구,202503,166052,8428
대전광역시 대덕구,202504,165770,8412
대전광역시 대덕구,202505,165436,8691
대전광역시 대덕구,202506,165957,8670
대전광역시 대덕구,202507,166028,8678
대전광역시 대덕구,202508,165888,8692
대전광역시 대덕구,202509,165698,8526
대전광역시 대덕구,202510,165554,8778
대전광역시 대덕구,202511,165261,8819
대전광역시 대덕구,202512,164900,8691
대전광역시 대덕구,202601,164591,8828
대전광역시 대덕구,202602,164387,8688
대전광역시 대덕구,202603,164174,9096
대전광역시 대덕구,202604,163871,8833
대전광역시 대덕구,202605,163777,8983
대전광역시 대덕구,202606,163454,8811
대전광역시 대덕구,202607,163226,8953
대전광역시 동구,202307,217819,25345
대전광역시 동구,202308,217824,25791
대전광역시 동구,202309,217822,25203
대전광역시 동구,202310,217611,24948
대전광역시 동구,202311,217146,25544
대전광역시 동구,202312,216734,25612
대전광역시 동구,202401,216194,25062
대전광역시 동구,202402,216157,25789
대전광역시 동구,202403,216013,25152
대전광역시 동구,202404,215682,25273
대전광역시 동구,202405,215392,25259
대전광역시 동구,202406,215090,25697
대전광역시 동구,202407,214968,25222
대전광역시 동구,202408,215907,26275
대전광역시 동구,202409,217196,25861
대전광역시 동구,202410,217836,25652
대전광역시 동구,202411,217741,25429
대전광역시 동구,202412,217667,25902
대전광역시 동구,202501,218604,26016
대전광역시 동구,202502,219932,25612
대전광역시 동구,202503,219756,25270
대전광역시 동구,202504,219530,26052
대전광역시 동구,202505,219247,25260
대전광역시 동구,202506,218757,25590
대전광역시 동구,202507,218627,25206
대전광역시 동구,202508,218712,25645
대전광역시 동구,202509,218760,25985
대전광역시 동구,202510,218725,25626
대전광역시 동구,202511,218484,25916
대전광역시 동구,202512,217884,26008
대전광역시 동구,202601,217332,25341
대전광역시 동구,202602,217391,25952
대전광역시 동구,202603,217543,25960
대전광역시 동구,202604,217576,26275
대전광역시 동구,202605,217746,25638
대전광역시 동구,202606,217504,26428
대전광역시 동구,202607,217293,25868
대전광역시 서구,202307,465927,41716
대전광역시 서구,202308,465656,41611
대전광역시 서구,202309,465228,41311
대전광역시 서구,202310,464319,43370
대전광역시 서구,202311,463447,42792
대전광역시 서구,202312,462890,43217
대전광역시 서구,202401,462990,43895
대전광역시 서구,202402,463038,44286
대전광역시 서구,202403,462386,44294
대전광역시 서구,202404,461602,46057
대전광역시 서구,202405,460917,45334
대전광역시 서구,202406,460204,45726
대전광역시 서구,202407,459683,46511
대전광역시 서구,202408,458692,46207
대전광역시 서구,202409,457874,47262
대전광역시 서구,202410,457189,47732
대전광역시 서구,202411,456731,48108
대전광역시 서구,202412,456201,49046
대전광역시 서구,202501,456031,48399
대전광역시 서구,202502,457031,49005
대전광역시 서구,202503,458676,50172
대전광역시 서구,202504,459351,49097
대전광역시 서구,202505,459371,49929
대전광역시 서구,202506,459163,50917
대전광역시 서구,202507,460176,51188
대전광역시 서구,202508,461546,50913
대전광역시 서구,202509,462084,51738
대전광역시 서구,202510,462185,52296
대전광역시 서구,202511,462048,53466
대전광역시 서구,202512,461629,53363
대전광역시 서구,202601,461728,54039
대전광역시 서구,202602,462170,54834
대전광역시 서구,202603,461944,55151
대전광역시 서구,202604,461902,55644
대전광역시 서구,202605,461940,56057
대전광역시 서구,202606,462712,56315
대전광역시 서구,202607,462784,56945
대전광역시 유성구,202307,362042,37936
대전광역시 유성구,202308,362727,37897
대전광역시 유성구,202309,363053,39001
대전광역시 유성구,202310,364084,38523
대전광역시 유성구,202311,365292,39481
대전광역시 유성구,202312,365837,39441
대전광역시 유성구,202401,366238,39781
대전광역시 유성구,202402,366496,40454
대전광역시 유성구,202403,366730,39708
대전광역시 유성구,202404,366636,40251
대전광역시 유성구,202405,367687,40404
대전광역시 유성구,202406,368294,40114
대전광역시 유성구,202407,368618,40587
대전광역시 유성구,202408,368305,40916
대전광역시 유성구,202409,368394,41717
대전광역시 유성구,202410,368302,41747
대전광역시 유성구,202411,368444,41351
대전광역시 유성구,202412,368422,41472
대전광역시 유성구,202501,368080,41548
대전광역시 유성구,202502,367850,42059
대전광역시 유성구,202503,367151,43275
대전광역시 유성구,202504,366953,42831
대전광역시 유성구,202505,366455,43422
대전광역시 유성구,202506,365741,42547
대전광역시 유성구,202507,365484,43399
대전광역시 유성구,202508,365280,44321
대전광역시 유성구,202509,365484,43892
대전광역시 유성구,202510,365334,44076
대전광역시 유성구,202511,365898,43475
대전광역시 유성구,202512,366483,45324
대전광역시 유성구,202601,367318,44697
대전광역시 유성구,202602,368097,45635
대전광역시 유성구,202603,369043,45865
대전광역시 유성구,202604,369587,44878
대전광역시 유성구,202605,370139,44995
대전광역시 유성구,202606,370100,46574
대전광역시 유성구,202607,370837,46931
대전광역시 중구,202307,223694,16678
대전광역시 중구,202308,223451,16623
대전광역시 중구,202309,223452,16688
대전광역시 중구,202310,223161,16737
대전광역시 중구,202311,222591,16781
대전광역시 중구,202312,222340,16667
대전광역시 중구,202401,222001,16906
대전광역시 중구,202402,221788,17071
대전광역시 중구,202403,222181,16957
대전광역시 중구,202404,222699,17168
대전광역시 중구,202405,222591,16973
대전광역시 중구,202406,222426,17049
대전광역시 중구,202407,222196,16771
대전광역시 중구,202408,223006,17315
대전광역시 중구,202409,223388,17182
대전광역시 중구,202410,223667,17332
대전광역시 중구,202411,223786,17156
대전광역시 중구,202412,224106,17189
대전광역시 중구,202501,223984,17652
대전광역시 중구,202502,223230,17574
대전광역시 중구,202503,222730,17435
대전광역시 중구,202504,222638,17599
대전광역시 중구,202505,223985,17354
대전광역시 중구,202506,225019,17344
대전광역시 중구,202507,225260,17651
대전광역시 중구,202508,225134,17586
대전광역시 중구,202509,225190,17857
대전광역시 중구,202510,225273,17982
대전광역시 중구,202511,225131,17600
대전광역시 중구,202512,224802,17710
대전광역시 중구,202601,224578,17701
대전광역시 중구,202602,224411,18060
대전광역시 중구,202603,224153,17794
대전광역시 중구,202604,223824,17994
대전광역시 중구,202605,223735,17845
대전광역시 중구,202606,223431,17757
대전광역시 중구,202607,223188,17801
부산광역시 강서구,202307,142651,10410
부산광역시 강서구,202308,142574,10529
부산광역시 강서구,202309,142567,10256
부산광역시 강서구,202310,142459,10423
부산광역시 강서구,202311,142365,10478
부산광역시 강서구,202312,142069,10314
부산광역시 강서구,202401,141793,10238
부산광역시 강서구,202402,141471,10243
부산광역시 강서구,202403,141459,9881
부산광역시 강서구,202404,141785,10214
부산광역시 강서구,202405,142021,10298
부산광역시 강서구,202406,141978,10019
부산광역시 강서구,202407,142292,9946
부산광역시 강서구,202408,142691,10054
부산광역시 강서구,202409,142722,9872
부산광역시 강서구,202410,142591,9994
부산광역시 강서구,202411,142451,9932
부산광역시 강서구,202412,142460,9836
부산광역시 강서구,202501,142540,9950
부산광역시 강서구,202502,142488,9956
부산광역시 강서구,202503,142392,9801
부산광역시 강서구,202504,142313,9976
부산광역시 강서구,202505,143521,9824
부산광역시 강서구,202506,144904,9754
부산광역시 강서구,202507,146541,9664
부산광역시 강서구,202508,147519,9699
부산광역시 강서구,202509,148070,9414
부산광역시 강서구,202510,148631,9423
부산광역시 강서구,202511,149322,9656
부산광역시 강서구,202512,150008,9438
부산광역시 강서구,202601,150557,9556
부산광역시 강서구,202602,151594,9464
부산광역시 강서구,202603,152125,9285
부산광역시 강서구,202604,152538,9511
부산광역시 강서구,202605,152882,9249
부산광역시 강서구,202606,153262,9488
부산광역시 강서구,202607,153826,9489
부산광역시 금정구,202307,217465,12445
부산광역시 금정구,202308,217003,12611
부산광역시 금정구,202309,216589,12688
부산광역시 금정구,202310,215993,12328
부산광역시 금정구,202311,215485,12627
부산광역시 금정구,202312,214781,12564
부산광역시 금정구,202401,213839,12210
부산광역시 금정구,202402,213371,12717
부산광역시 금정구,202403,213189,12571
부산광역시 금정구,202404,212816,12597
부산광역시 금정구,202405,212613,12771
부산광역시 금정구,202406,212106,12618
부산광역시 금정구,202407,211565,12674
부산광역시 금정구,202408,211235,12901
부산광역시 금정구,202409,211007,12721
부산광역시 금정구,202410,210132,12753
부산광역시 금정구,202411,209563,12660
부산광역시 금정구,202412,209129,12869
부산광역시 금정구,202501,208521,12728
부산광역시 금정구,202502,208717,12948
부산광역시 금정구,202503,208293,12795
부산광역시 금정구,202504,207974,12896
부산광역시 금정구,202505,207684,12958
부산광역시 금정구,202506,207432,12866
부산광역시 금정구,202507,207172,12907
부산광역시 금정구,202508,206864,13089
부산광역시 금정구,202509,206663,12801
부산광역시 금정구,202510,206424,12891
부산광역시 금정구,202511,206112,13089
부산광역시 금정구,202512,205802,12993
부산광역시 금정구,202601,205254,12926
부산광역시 금정구,202602,205154,12970
부산광역시 금정구,202603,205256,13013
부산광역시 금정구,202604,205096,12946
부산광역시 금정구,202605,205185,13055
부산광역시 금정구,202606,204894,13435
부산광역시 금정구,202607,204698,13524
부산광역시 기장군,202307,178840,4078
부산광역시 기장군,202308,178748,4148
부산광역시 기장군,202309,178732,4149
부산광역시 기장군,202310,178641,4222
부산광역시 기장군,202311,178514,4222
부산광역시 기장군,202312,178287,4207
부산광역시 기장군,202401,177908,4162
부산광역시 기장군,202402,177472,4154
부산광역시 기장군,202403,177177,4219
부산광역시 기장군,202404,176898,4251
부산광역시 기장군,202405,176845,4244
부산광역시 기장군,202406,176685,4310
부산광역시 기장군,202407,176461,4232
부산광역시 기장군,202408,176217,4308
부산광역시 기장군,202409,175949,4311
부산광역시 기장군,202410,175729,4376
부산광역시 기장군,202411,175367,4464
부산광역시 기장군,202412,175163,4403
부산광역시 기장군,202501,175068,4420
부산광역시 기장군,202502,174613,4426
부산광역시 기장군,202503,174482,4366
부산광역시 기장군,202504,174538,4435
부산광역시 기장군,202505,174471,4541
부산광역시 기장군,202506,174421,4550
부산광역시 기장군,202507,174400,4476
부산광역시 기장군,202508,174420,4520
부산광역시 기장군,202509,174413,4522
부산광역시 기장군,202510,174497,4554
부산광역시 기장군,202511,174284,4553
부산광역시 기장군,202512,174429,4544
부산광역시 기장군,202601,174825,4533
부산광역시 기장군,202602,174805,4578
부산광역시 기장군,202603,174820,4661
부산광역시 기장군,202604,174802,4653
부산광역시 기장군,202605,174809,4560
부산광역시 기장군,202606,174793,4673
부산광역시 기장군,202607,174932,4702
부산광역시 남구,202307,254246,12871
부산광역시 남구,202308,253958,12728
부산광역시 남구,202309,253463,12545
부산광역시 남구,202310,253366,12724
부산광역시 남구,202311,253369,12829
부산광역시 남구,202312,253049,13027
부산광역시 남구,202401,253236,12739
부산광역시 남구,202402,254005,12546
부산광역시 남구,202403,254376,12332
부산광역시 남구,202404,254547,12937
부산광역시 남구,202405,254522,12480
부산광역시 남구,202406,254742,12584
부산광역시 남구,202407,254699,12564
부산광역시 남구,202408,254418,13053
부산광역시 남구,202409,254327,12657
부산광역시 남구,202410,254037,12614
부산광역시 남구,202411,253707,12449
부산광역시 남구,202412,253428,12452
부산광역시 남구,202501,252909,12256
부산광역시 남구,202502,252949,12717
부산광역시 남구,202503,252556,12260
부산광역시 남구,202504,252217,12207
부산광역시 남구,202505,251784,12158
부산광역시 남구,202506,251349,12482
부산광역시 남구,202507,250920,12359
부산광역시 남구,202508,250739,12348
부산광역시 남구,202509,250485,12351
부산광역시 남구,202510,250205,12009
부산광역시 남구,202511,249903,12330
부산광역시 남구,202512,249640,12137
부산광역시 남구,202601,250106,12465
부산광역시 남구,202602,251746,12335
부산광역시 남구,202603,252761,12184
부산광역시 남구,202604,252913,12300
부산광역시 남구,202605,253175,12110
부산광역시 남구,202606,253413,11990
부산광역시 남구,202607,253781,11741
부산광역시 동구,202307,87177,3765
부산광역시 동구,202308,87484,3763
부산광역시 동구,202309,87531,3702
부산광역시 동구,202310,87495,3807
부산광역시 동구,202311,87364,3779
부산광역시 동구,202312,87251,3717
부산광역시 동구,202401,87078,3761
부산광역시 동구,202402,86912,3852
부산광역시 동구,202403,86725,3840
부산광역시 동구,202404,86626,3824
부산광역시 동구,202405,86427,3819
부산광역시 동구,202406,86277,3919
부산광역시 동구,202407,86178,3858
부산광역시 동구,202408,85953,3826
부산광역시 동구,202409,85757,3922
부산광역시 동구,202410,85607,3880
부산광역시 동구,202411,85538,3973
부산광역시 동구,202412,85374,3856
부산광역시 동구,202501,85326,3893
부산광역시 동구,202502,85233,3871
부산광역시 동구,202503,85040,4026
부산광역시 동구,202504,84703,4003
부산광역시 동구,202505,84384,3923
부산광역시 동구,202506,84144,3989
부산광역시 동구,202507,83931,3988
부산광역시 동구,202508,83829,3974
부산광역시 동구,202509,83662,4033
부산광역시 동구,202510,83505,4132
부산광역시 동구,202511,83391,4030
부산광역시 동구,202512,83352,4153
부산광역시 동구,202601,83268,4172
부산광역시 동구,202602,83060,4119
부산광역시 동구,202603,83036,4136
부산광역시 동구,202604,82981,4152
부산광역시 동구,202605,82940,4124
부산광역시 동구,202606,82869,4066
부산광역시 동구,202607,82664,4151
부산광역시 동래구,202307,271378,10116
부산광역시 동래구,202308,271177,10186
부산광역시 동래구,202309,270888,10421
부산광역시 동래구,202310,270703,10423
부산광역시 동래구,202311,270535,10476
부산광역시 동래구,202312,269857,10643
부산광역시 동래구,202401,268823,10558
부산광역시 동래구,202402,268390,10736
부산광역시 동래구,202403,268072,10849
부산광역시 동래구,202404,267920,11048
부산광역시 동래구,202405,267902,10841
부산광역시 동래구,202406,268158,11053
부산광역시 동래구,202407,268106,11069
부산광역시 동래구,202408,268037,11405
부산광역시 동래구,202409,268146,11430
부산광역시 동래구,202410,270698,11461
부산광역시 동래구,202411,272684,11636
부산광역시 동래구,202412,273403,11609
부산광역시 동래구,202501,273877,11734
부산광역시 동래구,202502,273950,11873
부산광역시 동래구,202503,273829,12239
부산광역시 동래구,202504,273706,11978
부산광역시 동래구,202505,273718,12311
부산광역시 동래구,202506,273527,12171
부산광역시 동래구,202507,273416,12378
부산광역시 동래구,202508,273311,12185
부산광역시 동래구,202509,273146,12550
부산광역시 동래구,202510,272922,12492
부산광역시 동래구,202511,272714,12632
부산광역시 동래구,202512,272339,12763
부산광역시 동래구,202601,272245,13081
부산광역시 동래구,202602,271821,13149
부산광역시 동래구,202603,271239,12813
부산광역시 동래구,202604,270900,13148
부산광역시 동래구,202605,270530,13179
부산광역시 동래구,202606,270200,13496
부산광역시 동래구,202607,269843,13286
부산광역시 부산진구,202307,355443,11186
부산광역시 부산진구,202308,355358,11261
부산광역시 부산진구,202309,356490,11017
부산광역시 부산진구,202310,357516,11203
부산광역시 부산진구,202311,357844,11307
부산광역시 부산진구,202312,357637,11306
부산광역시 부산진구,202401,358193,11447
부산광역시 부산진구,202402,359042,11447
부산광역시 부산진구,202403,359441,11469
부산광역시 부산진구,202404,359501,11560
부산광역시 부산진구,202405,359677,11680
부산광역시 부산진구,202406,360187,11574
부산광역시 부산진구,202407,360034,11692
부산광역시 부산진구,202408,359883,11898
부산광역시 부산진구,202409,359652,11627
부산광역시 부산진구,202410,358965,11557
부산광역시 부산진구,202411,357966,12079
부산광역시 부산진구,202412,357406,11717
부산광역시 부산진구,202501,357298,11832
부산광역시 부산진구,202502,359352,11901
부산광역시 부산진구,202503,360679,11883
부산광역시 부산진구,202504,361900,12169
부산광역시 부산진구,202505,362692,12207
부산광역시 부산진구,202506,362867,12255
부산광역시 부산진구,202507,363174,12066
부산광역시 부산진구,202508,363293,12193
부산광역시 부산진구,202509,363640,12217
부산광역시 부산진구,202510,363798,12578
부산광역시 부산진구,202511,363556,12487
부산광역시 부산진구,202512,363555,12397
부산광역시 부산진구,202601,363573,12624
부산광역시 부산진구,202602,363593,12466
부산광역시 부산진구,202603,363502,12656
부산광역시 부산진구,202604,363371,12436
부산광역시 부산진구,202605,363320,12661
부산광역시 부산진구,202606,363144,12778
부산광역시 부산진구,202607,362704,12973
부산광역시 북구,202307,275504,12257
부산광역시 북구,202308,274868,12225
부산광역시 북구,202309,274160,12431
부산광역시 북구,202310,273675,12629
부산광역시 북구,202311,273233,12387
부산광역시 북구,202312,272768,12544
부산광역시 북구,202401,272103,12562
부산광역시 북구,202402,271486,12485
부산광역시 북구,202403,271105,12516
부산광역시 북구,202404,270702,12503
부산광역시 북구,202405,270392,12708
부산광역시 북구,202406,270005,12669
부산광역시 북구,202407,269510,12852
부산광역시 북구,202408,269018,12845
부산광역시 북구,202409,268636,12852
부산광역시 북구,202410,267850,13103
부산광역시 북구,202411,267136,13181
부산광역시 북구,202412,266853,12973
부산광역시 북구,202501,266457,12927
부산광역시 북구,202502,265761,13126
부산광역시 북구,202503,265206,13190
부산광역시 북구,202504,264783,13392
부산광역시 북구,202505,264444,13294
부산광역시 북구,202506,264090,13550
부산광역시 북구,202507,263760,13316
부산광역시 북구,202508,263370,13298
부산광역시 북구,202509,263057,13654
부산광역시 북구,202510,262804,13535
부산광역시 북구,202511,262396,13454
부산광역시 북구,202512,262076,13607
부산광역시 북구,202601,261720,13700
부산광역시 북구,202602,261213,13873
부산광역시 북구,202603,260766,13697
부산광역시 북구,202604,260534,13820
부산광역시 북구,202605,260225,13866
부산광역시 북구,202606,259973,14037
부산광역시 북구,202607,259676,14031
부산광역시 사상구,202307,202044,5994
부산광역시 사상구,202308,202697,6137
부산광역시 사상구,202309,202910,6164
부산광역시 사상구,202310,202598,6240
부산광역시 사상구,202311,202336,6361
부산광역시 사상구,202312,202136,6299
부산광역시 사상구,202401,201594,6458
부산광역시 사상구,202402,201286,6569
부산광역시 사상구,202403,201080,6624
부산광역시 사상구,202404,200855,6660
부산광역시 사상구,202405,200657,6742
부산광역시 사상구,202406,200289,6564
부산광역시 사상구,202407,199882,6823
부산광역시 사상구,202408,199471,6769
부산광역시 사상구,202409,199146,6948
부산광역시 사상구,202410,198677,6980
부산광역시 사상구,202411,198316,7159
부산광역시 사상구,202412,197887,7172
부산광역시 사상구,202501,197521,7393
부산광역시 사상구,202502,197270,7270
부산광역시 사상구,202503,196894,7267
부산광역시 사상구,202504,196516,7353
부산광역시 사상구,202505,196142,7448
부산광역시 사상구,202506,195740,7551
부산광역시 사상구,202507,195263,7646
부산광역시 사상구,202508,194897,7751
부산광역시 사상구,202509,194473,7709
부산광역시 사상구,202510,194155,7832
부산광역시 사상구,202511,193832,7925
부산광역시 사상구,202512,193412,8005
부산광역시 사상구,202601,193051,8057
부산광역시 사상구,202602,192776,8196
부산광역시 사상구,202603,192493,8230
부산광역시 사상구,202604,192220,8343
부산광역시 사상구,202605,192042,8412
부산광역시 사상구,202606,191791,8307
부산광역시 사상구,202607,191580,8464
부산광역시 사하구,202307,299412,9814
부산광역시 사하구,202308,298826,9667
부산광역시 사하구,202309,298403,9808
부산광역시 사하구,202310,297825,9591
부산광역시 사하구,202311,297290,9756
부산광역시 사하구,202312,296785,10196
부산광역시 사하구,202401,295899,9952
부산광역시 사하구,202402,295206,10306
부산광역시 사하구,202403,294723,10001
부산광역시 사하구,202404,294183,10170
부산광역시 사하구,202405,293714,10045
부산광역시 사하구,202406,293240,10052
부산광역시 사하구,202407,292769,10400
부산광역시 사하구,202408,292178,10366
부산광역시 사하구,202409,291716,10136
부산광역시 사하구,202410,291713,10278
부산광역시 사하구,202411,291728,10269
부산광역시 사하구,202412,291433,10343
부산광역시 사하구,202501,291066,10187
부산광역시 사하구,202502,290642,10454
부산광역시 사하구,202503,290213,10271
부산광역시 사하구,202504,289721,10565
부산광역시 사하구,202505,289052,10462
부산광역시 사하구,202506,288403,10444
부산광역시 사하구,202507,287801,10531
부산광역시 사하구,202508,287296,10752
부산광역시 사하구,202509,286767,10597
부산광역시 사하구,202510,286316,10697
부산광역시 사하구,202511,285761,10684
부산광역시 사하구,202512,285207,10853
부산광역시 사하구,202601,284531,10966
부산광역시 사하구,202602,283656,10718
부산광역시 사하구,202603,282958,10743
부산광역시 사하구,202604,282273,10947
부산광역시 사하구,202605,281651,10956
부산광역시 사하구,202606,281189,11069
부산광역시 사하구,202607,280702,11016
부산광역시 서구,202307,103781,4067
부산광역시 서구,202308,103788,4066
부산광역시 서구,202309,103737,3979
부산광역시 서구,202310,103766,4035
부산광역시 서구,202311,103690,4079
부산광역시 서구,202312,103583,4080
부산광역시 서구,202401,103384,4091
부산광역시 서구,202402,103192,4061
부산광역시 서구,202403,103020,4008
부산광역시 서구,202404,102778,4056
부산광역시 서구,202405,102631,4071
부산광역시 서구,202406,102477,4029
부산광역시 서구,202407,102348,3987
부산광역시 서구,202408,102409,4033
부산광역시 서구,202409,102683,4033
부산광역시 서구,202410,102827,4080
부산광역시 서구,202411,102724,4076
부산광역시 서구,202412,102673,4073
부산광역시 서구,202501,102556,4141
부산광역시 서구,202502,102489,3990
부산광역시 서구,202503,102389,4072
부산광역시 서구,202504,102258,4014
부산광역시 서구,202505,102176,4081
부산광역시 서구,202506,102075,4086
부산광역시 서구,202507,102025,4070
부산광역시 서구,202508,101988,4136
부산광역시 서구,202509,101820,4054
부산광역시 서구,202510,101692,4009
부산광역시 서구,202511,101604,4023
부산광역시 서구,202512,101406,3969
부산광역시 서구,202601,101157,3982
부산광역시 서구,202602,101092,4102
부산광역시 서구,202603,100975,4100
부산광역시 서구,202604,100838,4103
부산광역시 서구,202605,100843,4076
부산광역시 서구,202606,100743,4020
부산광역시 서구,202607,100548,4064
부산광역시 수영구,202307,174363,8899
부산광역시 수영구,202308,174412,9193
부산광역시 수영구,202309,174110,9215
부산광역시 수영구,202310,173968,8947
부산광역시 수영구,202311,173642,9267
부산광역시 수영구,202312,173419,9293
부산광역시 수영구,202401,172994,9294
부산광역시 수영구,202402,172876,9359
부산광역시 수영구,202403,172672,9616
부산광역시 수영구,202404,172433,9592
부산광역시 수영구,202405,172291,9732
부산광역시 수영구,202406,172118,9474
부산광역시 수영구,202407,171904,9731
부산광역시 수영구,202408,171768,9906
부산광역시 수영구,202409,171616,10006
부산광역시 수영구,202410,171297,9729
부산광역시 수영구,202411,170942,9778
부산광역시 수영구,202412,170842,10011
부산광역시 수영구,202501,170807,10027
부산광역시 수영구,202502,170403,10001
부산광역시 수영구,202503,170070,10300
부산광역시 수영구,202504,169602,10320
부산광역시 수영구,202505,169381,10399
부산광역시 수영구,202506,169188,10465
부산광역시 수영구,202507,169101,10639
부산광역시 수영구,202508,168855,10703
부산광역시 수영구,202509,168736,10657
부산광역시 수영구,202510,168454,10609
부산광역시 수영구,202511,168249,10880
부산광역시 수영구,202512,168062,10992
부산광역시 수영구,202601,167946,10946
부산광역시 수영구,202602,167775,10771
부산광역시 수영구,202603,167618,11161
부산광역시 수영구,202604,167617,11028
부산광역시 수영구,202605,167549,11285
부산광역시 수영구,202606,167476,11237
부산광역시 수영구,202607,167985,11095
부산광역시 연제구,202307,202227,5069
부산광역시 연제구,202308,202124,5208
부산광역시 연제구,202309,202079,5086
부산광역시 연제구,202310,202228,5055
부산광역시 연제구,202311,202327,5106
부산광역시 연제구,202312,205081,5105
부산광역시 연제구,202401,208644,5075
부산광역시 연제구,202402,210298,4966
부산광역시 연제구,202403,210733,5026
부산광역시 연제구,202404,211153,4936
부산광역시 연제구,202405,211353,4877
부산광역시 연제구,202406,211392,4893
부산광역시 연제구,202407,211492,4887
부산광역시 연제구,202408,211527,4720
부산광역시 연제구,202409,211729,4812
부산광역시 연제구,202410,211719,4790
부산광역시 연제구,202411,211777,4695
부산광역시 연제구,202412,211893,4808
부산광역시 연제구,202501,211864,4660
부산광역시 연제구,202502,211314,4603
부산광역시 연제구,202503,210836,4598
부산광역시 연제구,202504,210682,4618
부산광역시 연제구,202505,210181,4630
부산광역시 연제구,202506,210442,4593
부산광역시 연제구,202507,210390,4602
부산광역시 연제구,202508,210575,4596
부산광역시 연제구,202509,210938,4509
부산광역시 연제구,202510,211011,4432
부산광역시 연제구,202511,210928,4403
부산광역시 연제구,202512,211062,4353
부산광역시 연제구,202601,211005,4452
부산광역시 연제구,202602,210841,4352
부산광역시 연제구,202603,210764,4285
부산광역시 연제구,202604,210832,4415
부산광역시 연제구,202605,210854,4279
부산광역시 연제구,202606,210806,4360
부산광역시 연제구,202607,210923,4350
부산광역시 영도구,202307,106610,10119
부산광역시 영도구,202308,106571,9938
부산광역시 영도구,202309,106480,9907
부산광역시 영도구,202310,106295,9860
부산광역시 영도구,202311,106172,9935
부산광역시 영도구,202312,106033,9623
부산광역시 영도구,202401,105816,9728
부산광역시 영도구,202402,105715,9592
부산광역시 영도구,202403,105593,9697
부산광역시 영도구,202404,105350,9686
부산광역시 영도구,202405,105167,9513
부산광역시 영도구,202406,104926,9579
부산광역시 영도구,202407,104632,9590
부산광역시 영도구,202408,104414,9512
부산광역시 영도구,202409,104172,9505
부산광역시 영도구,202410,103794,9376
부산광역시 영도구,202411,103470,9564
부산광역시 영도구,202412,103241,9529
부산광역시 영도구,202501,103005,9584
부산광역시 영도구,202502,102770,9349
부산광역시 영도구,202503,102541,9198
부산광역시 영도구,202504,102332,9044
부산광역시 영도구,202505,102225,9320
부산광역시 영도구,202506,102024,9146
부산광역시 영도구,202507,101890,9111
부산광역시 영도구,202508,101735,9103
부산광역시 영도구,202509,101602,9132
부산광역시 영도구,202510,101501,8922
부산광역시 영도구,202511,101286,9067
부산광역시 영도구,202512,101104,8867
부산광역시 영도구,202601,100778,8879
부산광역시 영도구,202602,100471,8787
부산광역시 영도구,202603,100267,8868
부산광역시 영도구,202604,100176,8705
부산광역시 영도구,202605,100285,8900
부산광역시 영도구,202606,100111,8501
부산광역시 영도구,202607,99965,8577
부산광역시 중구,202307,38866,2415
부산광역시 중구,202308,38776,2474
부산광역시 중구,202309,38683,2428
부산광역시 중구,202310,38549,2451
부산광역시 중구,202311,38416,2440
부산광역시 중구,202312,38313,2476
부산광역시 중구,202401,38172,2488
부산광역시 중구,202402,38184,2457
부산광역시 중구,202403,38161,2443
부산광역시 중구,202404,38084,2518
부산광역시 중구,202405,37944,2535
부산광역시 중구,202406,37872,2511
부산광역시 중구,202407,37785,2508
부산광역시 중구,202408,37676,2550
부산광역시 중구,202409,37604,2563
부산광역시 중구,202410,37447,2539
부산광역시 중구,202411,37322,2530
부산광역시 중구,202412,37241,2578
부산광역시 중구,202501,37170,2578
부산광역시 중구,202502,37081,2568
부산광역시 중구,202503,36999,2595
부산광역시 중구,202504,36902,2641
부산광역시 중구,202505,36794,2648
부산광역시 중구,202506,36709,2639
부산광역시 중구,202507,36648,2610
부산광역시 중구,202508,36545,2660
부산광역시 중구,202509,36451,2617
부산광역시 중구,202510,36366,2613
부산광역시 중구,202511,36276,2668
부산광역시 중구,202512,36223,2686
부산광역시 중구,202601,36156,2769
부산광역시 중구,202602,36109,2691
부산광역시 중구,202603,36108,2740
부산광역시 중구,202604,36118,2657
부산광역시 중구,202605,36099,2651
부산광역시 중구,202606,36030,2756
부산광역시 중구,202607,35926,2635
부산광역시 해운대구,202307,380997,23159
부산광역시 해운대구,202308,380389,24228
부산광역시 해운대구,202309,380066,24405
부산광역시 해운대구,202310,379440,25079
부산광역시 해운대구,202311,378909,26173
부산광역시 해운대구,202312,378308,26379
부산광역시 해운대구,202401,377584,26456
부산광역시 해운대구,202402,376646,27746
부산광역시 해운대구,202403,375952,27822
부산광역시 해운대구,202404,375583,28769
부산광역시 해운대구,202405,374982,29299
부산광역시 해운대구,202406,374699,30117
부산광역시 해운대구,202407,375050,30060
부산광역시 해운대구,202408,375171,30437
부산광역시 해운대구,202409,375112,30754
부산광역시 해운대구,202410,374549,32653
부산광역시 해운대구,202411,374257,32581
부산광역시 해운대구,202412,374241,33107
부산광역시 해운대구,202501,374080,34332
부산광역시 해운대구,202502,373555,33400
부산광역시 해운대구,202503,373108,35709
부산광역시 해운대구,202504,372606,35841
부산광역시 해운대구,202505,372225,36466
부산광역시 해운대구,202506,371994,36648
부산광역시 해운대구,202507,371807,37812
부산광역시 해운대구,202508,371475,37359
부산광역시 해운대구,202509,371226,39401
부산광역시 해운대구,202510,370907,39154
부산광역시 해운대구,202511,370674,39669
부산광역시 해운대구,202512,370561,39702
부산광역시 해운대구,202601,370358,41746
부산광역시 해운대구,202602,370139,42435
부산광역시 해운대구,202603,369440,41734
부산광역시 해운대구,202604,369127,43029
부산광역시 해운대구,202605,368909,44389
부산광역시 해운대구,202606,368730,43789
부산광역시 해운대구,202607,368271,45293
서울특별시 강남구,202307,531553,31298
서울특별시 강남구,202308,533445,30705
서울특별시 강남구,202309,533697,31317
서울특별시 강남구,202310,534389,31833
서울특별시 강남구,202311,533951,31274
서울특별시 강남구,202312,537657,31389
서울특별시 강남구,202401,541986,31196
서울특별시 강남구,202402,546328,31096
서울특별시 강남구,202403,547043,30916
서울특별시 강남구,202404,547454,30592
서울특별시 강남구,202405,548728,30783
서울특별시 강남구,202406,549336,30363
서울특별시 강남구,202407,549969,30451
서울특별시 강남구,202408,551129,30922
서울특별시 강남구,202409,551334,30947
서울특별시 강남구,202410,551434,31150
서울특별시 강남구,202411,550661,30761
서울특별시 강남구,202412,550039,30549
서울특별시 강남구,202501,549846,30169
서울특별시 강남구,202502,550281,30756
서울특별시 강남구,202503,550080,31257
서울특별시 강남구,202504,549600,30390
서울특별시 강남구,202505,549290,30344
서울특별시 강남구,202506,549353,30487
서울특별시 강남구,202507,549226,31403
서울특별시 강남구,202508,549259,31320
서울특별시 강남구,202509,549209,30850
서울특별시 강남구,202510,549334,30307
서울특별시 강남구,202511,549150,31276
서울특별시 강남구,202512,549287,30111
서울특별시 강남구,202601,548767,30086
서울특별시 강남구,202602,548452,30819
서울특별시 강남구,202603,547136,30698
서울특별시 강남구,202604,546252,30792
서울특별시 강남구,202605,545960,30554
서울특별시 강남구,202606,545825,30519
서울특별시 강남구,202607,545620,30734
서울특별시 강동구,202307,455613,22761
서울특별시 강동구,202308,455426,23380
서울특별시 강동구,202309,455417,24415
서울특별시 강동구,202310,455442,24362
서울특별시 강동구,202311,455739,24303
서울특별시 강동구,202312,456119,25400
서울특별시 강동구,202401,456374,25230
서울특별시 강동구,202402,457517,25888
서울특별시 강동구,202403,458398,26452
서울특별시 강동구,202404,458974,27262
서울특별시 강동구,202405,459285,27634
서울특별시 강동구,202406,459714,28020
서울특별시 강동구,202407,460632,28541
서울특별시 강동구,202408,461937,28607
서울특별시 강동구,202409,462205,29337
서울특별시 강동구,202410,462967,29804
서울특별시 강동구,202411,465429,30038
서울특별시 강동구,202412,474071,30466
서울특별시 강동구,202501,481459,31083
서울특별시 강동구,202502,489161,31574
서울특별시 강동구,202503,492424,32729
서울특별시 강동구,202504,493497,32807
서울특별시 강동구,202505,494367,32405
서울특별시 강동구,202506,495269,33292
서울특별시 강동구,202507,495911,34443
서울특별시 강동구,202508,496326,35041
서울특별시 강동구,202509,496474,34588
서울특별시 강동구,202510,496521,35162
서울특별시 강동구,202511,496439,35567
서울특별시 강동구,202512,496362,36195
서울특별시 강동구,202601,496571,37429
서울특별시 강동구,202602,497345,37646
서울특별시 강동구,202603,497089,37167
서울특별시 강동구,202604,496781,38917
서울특별시 강동구,202605,496406,40033
서울특별시 강동구,202606,496380,38402
서울특별시 강동구,202607,496076,40114
서울특별시 강북구,202307,288716,13343
서울특별시 강북구,202308,288300,13204
서울특별시 강북구,202309,287887,13186
서울특별시 강북구,202310,287244,13700
서울특별시 강북구,202311,286596,13517
서울특별시 강북구,202312,285969,13201
서울특별시 강북구,202401,285352,13499
서울특별시 강북구,202402,284899,13615
서울특별시 강북구,202403,284259,13200
서울특별시 강북구,202404,283761,13646
서울특별시 강북구,202405,283394,13439
서울특별시 강북구,202406,282905,13774
서울특별시 강북구,202407,282440,13524
서울특별시 강북구,202408,282057,13457
서울특별시 강북구,202409,282185,13263
서울특별시 강북구,202410,282201,13453
서울특별시 강북구,202411,281856,13503
서울특별시 강북구,202412,281508,13860
서울특별시 강북구,202501,281200,13330
서울특별시 강북구,202502,281107,13620
서울특별시 강북구,202503,280704,13559
서울특별시 강북구,202504,280090,14141
서울특별시 강북구,202505,279500,13578
서울특별시 강북구,202506,279166,13808
서울특별시 강북구,202507,278697,13474
서울특별시 강북구,202508,278418,13900
서울특별시 강북구,202509,277945,13606
서울특별시 강북구,202510,277544,13518
서울특별시 강북구,202511,277163,13819
서울특별시 강북구,202512,276904,13733
서울특별시 강북구,202601,276750,13950
서울특별시 강북구,202602,276794,13928
서울특별시 강북구,202603,276786,13760
서울특별시 강북구,202604,276525,13926
서울특별시 강북구,202605,276321,14107
서울특별시 강북구,202606,276056,13971
서울특별시 강북구,202607,275687,13836
서울특별시 강서구,202307,563189,74064
서울특별시 강서구,202308,562035,74301
서울특별시 강서구,202309,561187,73223
서울특별시 강서구,202310,560547,71866
서울특별시 강서구,202311,560412,73241
서울특별시 강서구,202312,559884,72394
서울특별시 강서구,202401,559405,73556
서울특별시 강서구,202402,558886,72413
서울특별시 강서구,202403,558203,70921
서울특별시 강서구,202404,557503,70934
서울특별시 강서구,202405,556896,71653
서울특별시 강서구,202406,556123,70127
서울특별시 강서구,202407,555417,71924
서울특별시 강서구,202408,554781,71651
서울특별시 강서구,202409,554445,70643
서울특별시 강서구,202410,554450,70008
서울특별시 강서구,202411,553851,70159
서울특별시 강서구,202412,552926,68104
서울특별시 강서구,202501,552277,69414
서울특별시 강서구,202502,551310,69607
서울특별시 강서구,202503,550765,68469
서울특별시 강서구,202504,549966,67507
서울특별시 강서구,202505,549246,68465
서울특별시 강서구,202506,548688,68170
서울특별시 강서구,202507,548664,68062
서울특별시 강서구,202508,548060,67243
서울특별시 강서구,202509,547496,68726
서울특별시 강서구,202510,547103,67741
서울특별시 강서구,202511,546806,66412
서울특별시 강서구,202512,546594,68060
서울특별시 강서구,202601,546456,65119
서울특별시 강서구,202602,545970,66365
서울특별시 강서구,202603,545913,66425
서울특별시 강서구,202604,545653,65767
서울특별시 강서구,202605,545570,65113
서울특별시 강서구,202606,545470,66492
서울특별시 강서구,202607,545212,64609
서울특별시 관악구,202307,483158,21019
서울특별시 관악구,202308,482522,20942
서울특별시 관악구,202309,481717,21164
서울특별시 관악구,202310,480552,21179
서울특별시 관악구,202311,479285,20908
서울특별시 관악구,202312,478586,21276
서울특별시 관악구,202401,478513,20543
서울특별시 관악구,202402,478462,20482
서울특별시 관악구,202403,478581,20910
서울특별시 관악구,202404,478342,20981
서울특별시 관악구,202405,478061,20983
서울특별시 관악구,202406,477770,21081
서울특별시 관악구,202407,477257,20847
서울특별시 관악구,202408,476872,20780
서울특별시 관악구,202409,476395,20681
서울특별시 관악구,202410,475580,20962
서울특별시 관악구,202411,474719,20771
서울특별시 관악구,202412,474400,21096
서울특별시 관악구,202501,474542,21335
서울특별시 관악구,202502,475299,21050
서울특별시 관악구,202503,475666,20786
서울특별시 관악구,202504,475781,20773
서울특별시 관악구,202505,475784,20786
서울특별시 관악구,202506,475938,20732
서울특별시 관악구,202507,475920,21267
서울특별시 관악구,202508,475742,20933
서울특별시 관악구,202509,475490,20815
서울특별시 관악구,202510,474982,20546
서울특별시 관악구,202511,474472,20346
서울특별시 관악구,202512,474281,20545
서울특별시 관악구,202601,474352,20643
서울특별시 관악구,202602,474921,20236
서울특별시 관악구,202603,475220,21044
서울특별시 관악구,202604,474894,20413
서울특별시 관악구,202605,474898,20254
서울특별시 관악구,202606,474566,20652
서울특별시 관악구,202607,474250,20463
서울특별시 광진구,202307,333563,8054
서울특별시 광진구,202308,333863,8057
서울특별시 광진구,202309,334067,8301
서울특별시 광진구,202310,333826,8248
서울특별시 광진구,202311,333295,8412
서울특별시 광진구,202312,333004,8243
서울특별시 광진구,202401,332794,8370
서울특별시 광진구,202402,332660,8262
서울특별시 광진구,202403,332567,8254
서울특별시 광진구,202404,332260,8309
서울특별시 광진구,202405,331867,8371
서울특별시 광진구,202406,331595,8463
서울특별시 광진구,202407,331381,8524
서울특별시 광진구,202408,331167,8399
서울특별시 광진구,202409,330853,8628
서울특별시 광진구,202410,330460,8597
서울특별시 광진구,202411,330074,8423
서울특별시 광진구,202412,329478,8595
서울특별시 광진구,202501,329105,8516
서울특별시 광진구,202502,328944,8775
서울특별시 광진구,202503,329458,8680
서울특별시 광진구,202504,330036,8517
서울특별시 광진구,202505,330455,8601
서울특별시 광진구,202506,330667,8849
서울특별시 광진구,202507,330424,8679
서울특별시 광진구,202508,330098,8654
서울특별시 광진구,202509,329689,8690
서울특별시 광진구,202510,329457,8886
서울특별시 광진구,202511,329122,8661
서울특별시 광진구,202512,328817,8978
서울특별시 광진구,202601,328601,8688
서울특별시 광진구,202602,328772,8878
서울특별시 광진구,202603,328807,8857
서울특별시 광진구,202604,328723,8941
서울특별시 광진구,202605,328823,8781
서울특별시 광진구,202606,328599,9112
서울특별시 광진구,202607,328497,8927
서울특별시 구로구,202307,392689,35010
서울특별시 구로구,202308,392323,34667
서울특별시 구로구,202309,391897,34104
서울특별시 구로구,202310,391457,33959
서울특별시 구로구,202311,390953,34176
서울특별시 구로구,202312,390393,34970
서울특별시 구로구,202401,390302,34928
서울특별시 구로구,202402,389658,34342
서울특별시 구로구,202403,389383,34720
서울특별시 구로구,202404,388960,34439
서울특별시 구로구,202405,388511,34866
서울특별시 구로구,202406,388162,34386
서울특별시 구로구,202407,387847,34820
서울특별시 구로구,202408,387564,34414
서울특별시 구로구,202409,387418,34705
서울특별시 구로구,202410,386865,33986
서울특별시 구로구,202411,386413,34262
서울특별시 구로구,202412,386127,34436
서울특별시 구로구,202501,385489,34002
서울특별시 구로구,202502,384852,34341
서울특별시 구로구,202503,384522,34686
서울특별시 구로구,202504,384384,34590
서울특별시 구로구,202505,384217,33727
서울특별시 구로구,202506,384040,33842
서울특별시 구로구,202507,383802,34179
서울특별시 구로구,202508,383564,34465
서울특별시 구로구,202509,383253,33845
서울특별시 구로구,202510,383061,33979
서울특별시 구로구,202511,382532,33563
서울특별시 구로구,202512,381875,33997
서울특별시 구로구,202601,381281,33904
서울특별시 구로구,202602,380865,33397
서울특별시 구로구,202603,380911,33917
서울특별시 구로구,202604,380796,33212
서울특별시 구로구,202605,380746,34098
서울특별시 구로구,202606,380728,34470
서울특별시 구로구,202607,380635,34406
서울특별시 금천구,202307,227613,18270
서울특별시 금천구,202308,227384,18420
서울특별시 금천구,202309,227142,18326
서울특별시 금천구,202310,226867,18145
서울특별시 금천구,202311,226259,18768
서울특별시 금천구,202312,226046,18696
서울특별시 금천구,202401,226026,19003
서울특별시 금천구,202402,225847,18547
서울특별시 금천구,202403,225757,18431
서울특별시 금천구,202404,225563,18595
서울특별시 금천구,202405,225434,18518
서울특별시 금천구,202406,225289,18977
서울특별시 금천구,202407,225152,18866
서울특별시 금천구,202408,224918,18632
서울특별시 금천구,202409,224638,18788
서울특별시 금천구,202410,224384,19003
서울특별시 금천구,202411,224020,18742
서울특별시 금천구,202412,223809,19016
서울특별시 금천구,202501,223581,19125
서울특별시 금천구,202502,223083,19060
서울특별시 금천구,202503,223101,19650
서울특별시 금천구,202504,223120,19158
서울특별시 금천구,202505,222985,18937
서울특별시 금천구,202506,222792,19636
서울특별시 금천구,202507,222499,19066
서울특별시 금천구,202508,222332,18994
서울특별시 금천구,202509,222342,19284
서울특별시 금천구,202510,222349,19106
서울특별시 금천구,202511,222302,19542
서울특별시 금천구,202512,222111,19299
서울특별시 금천구,202601,221840,19207
서울특별시 금천구,202602,221639,19147
서울특별시 금천구,202603,221554,18933
서울특별시 금천구,202604,221562,19184
서울특별시 금천구,202605,221491,19494
서울특별시 금천구,202606,221350,19501
서울특별시 금천구,202607,221274,19223
서울특별시 노원구,202307,497712,17010
서울특별시 노원구,202308,497523,17301
서울특별시 노원구,202309,497613,16999
서울특별시 노원구,202310,497210,16924
서울특별시 노원구,202311,496615,16707
서울특별시 노원구,202312,495867,17124
서울특별시 노원구,202401,494907,17004
서울특별시 노원구,202402,494769,16846
서울특별시 노원구,202403,494727,16704
서울특별시 노원구,202404,494076,16699
서울특별시 노원구,202405,493521,17072
서울특별시 노원구,202406,492859,16560
서울특별시 노원구,202407,492114,16547
서울특별시 노원구,202408,491548,16699
서울특별시 노원구,202409,491169,16841
서울특별시 노원구,202410,490265,16736
서울특별시 노원구,202411,489783,16750
서울특별시 노원구,202412,488972,16516
서울특별시 노원구,202501,488000,16360
서울특별시 노원구,202502,487400,16497
서울특별시 노원구,202503,487552,16673
서울특별시 노원구,202504,486731,16183
서울특별시 노원구,202505,485798,16555
서울특별시 노원구,202506,484946,16481
서울특별시 노원구,202507,483894,16510
서울특별시 노원구,202508,483185,16561
서울특별시 노원구,202509,483258,16557
서울특별시 노원구,202510,483044,16263
서울특별시 노원구,202511,482482,16199
서울특별시 노원구,202512,481373,16307
서울특별시 노원구,202601,480303,16399
서울특별시 노원구,202602,480143,16422
서울특별시 노원구,202603,480352,15849
서울특별시 노원구,202604,479965,15838
서울특별시 노원구,202605,479447,16437
서울특별시 노원구,202606,478907,16145
서울특별시 노원구,202607,478395,16453
서울특별시 도봉구,202307,306514,30787
서울특별시 도봉구,202308,306057,30443
서울특별시 도봉구,202309,305826,31239
서울특별시 도봉구,202310,305575,30524
서울특별시 도봉구,202311,305080,31089
서울특별시 도봉구,202312,304991,30503
서울특별시 도봉구,202401,304768,30628
서울특별시 도봉구,202402,304595,29165
서울특별시 도봉구,202403,304417,29788
서울특별시 도봉구,202404,304128,29580
서울특별시 도봉구,202405,303730,30159
서울특별시 도봉구,202406,303473,28974
서울특별시 도봉구,202407,303159,29455
서울특별시 도봉구,202408,302728,28912
서울특별시 도봉구,202409,302333,28783
서울특별시 도봉구,202410,302028,28670
서울특별시 도봉구,202411,301532,28366
서울특별시 도봉구,202412,301311,28201
서울특별시 도봉구,202501,301138,28902
서울특별시 도봉구,202502,300799,28612
서울특별시 도봉구,202503,300636,28285
서울특별시 도봉구,202504,300302,27720
서울특별시 도봉구,202505,299986,28022
서울특별시 도봉구,202506,299668,27562
서울특별시 도봉구,202507,299290,27513
서울특별시 도봉구,202508,299011,27361
서울특별시 도봉구,202509,298958,27550
서울특별시 도봉구,202510,298776,26763
서울특별시 도봉구,202511,298466,27823
서울특별시 도봉구,202512,298089,26256
서울특별시 도봉구,202601,297739,27063
서울특별시 도봉구,202602,297508,26458
서울특별시 도봉구,202603,297295,26417
서울특별시 도봉구,202604,297059,26167
서울특별시 도봉구,202605,296797,26296
서울특별시 도봉구,202606,296457,25817
서울특별시 도봉구,202607,296296,25939
서울특별시 동대문구,202307,336309,42852
서울특별시 동대문구,202308,337996,43660
서울특별시 동대문구,202309,338937,42520
서울특별시 동대문구,202310,339242,43819
서울특별시 동대문구,202311,339073,44115
서울특별시 동대문구,202312,338731,43840
서울특별시 동대문구,202401,338577,43162
서울특별시 동대문구,202402,339198,44128
서울특별시 동대문구,202403,339578,44343
서울특별시 동대문구,202404,339581,45200
서울특별시 동대문구,202405,339278,45342
서울특별시 동대문구,202406,338952,45468
서울특별시 동대문구,202407,338705,44707
서울특별시 동대문구,202408,338520,46071
서울특별시 동대문구,202409,338311,45234
서울특별시 동대문구,202410,338018,45461
서울특별시 동대문구,202411,337262,45846
서울특별시 동대문구,202412,336395,46568
서울특별시 동대문구,202501,336499,46126
서울특별시 동대문구,202502,338401,45681
서울특별시 동대문구,202503,339924,46913
서울특별시 동대문구,202504,340023,46084
서울특별시 동대문구,202505,339986,46728
서울특별시 동대문구,202506,340066,46412
서울특별시 동대문구,202507,341431,46335
서울특별시 동대문구,202508,342246,47214
서울특별시 동대문구,202509,342366,47258
서울특별시 동대문구,202510,342157,48149
서울특별시 동대문구,202511,341992,46948
서울특별시 동대문구,202512,344015,47718
서울특별시 동대문구,202601,346426,48053
서울특별시 동대문구,202602,348210,48785
서울특별시 동대문구,202603,349373,48572
서울특별시 동대문구,202604,349491,48124
서울특별시 동대문구,202605,350153,48634
서울특별시 동대문구,202606,350718,49213
서울특별시 동대문구,202607,350942,49829
서울특별시 동작구,202307,377845,29350
서울특별시 동작구,202308,377772,28874
서울특별시 동작구,202309,377452,28573
서울특별시 동작구,202310,377019,29133
서울특별시 동작구,202311,376622,29195
서울특별시 동작구,202312,376201,28880
서울특별시 동작구,202401,375796,28663
서울특별시 동작구,202402,375702,29529
서울특별시 동작구,202403,376065,29379
서울특별시 동작구,202404,376296,29247
서울특별시 동작구,202405,375941,29146
서울특별시 동작구,202406,375714,29626
서울특별시 동작구,202407,375344,29491
서울특별시 동작구,202408,374830,29548
서울특별시 동작구,202409,374537,29591
서울특별시 동작구,202410,374139,30511
서울특별시 동작구,202411,373818,29779
서울특별시 동작구,202412,373183,30127
서울특별시 동작구,202501,372843,30649
서울특별시 동작구,202502,373033,30541
서울특별시 동작구,202503,372956,30911
서울특별시 동작구,202504,372578,30063
서울특별시 동작구,202505,372288,30069
서울특별시 동작구,202506,372221,30804
서울특별시 동작구,202507,371656,30076
서울특별시 동작구,202508,371361,31175
서울특별시 동작구,202509,370882,30781
서울특별시 동작구,202510,370618,30459
서울특별시 동작구,202511,370179,30994
서울특별시 동작구,202512,369510,31615
서울특별시 동작구,202601,369347,30957
서울특별시 동작구,202602,369340,31189
서울특별시 동작구,202603,369835,31975
서울특별시 동작구,202604,369852,31582
서울특별시 동작구,202605,369929,32044
서울특별시 동작구,202606,369604,31666
서울특별시 동작구,202607,369156,31652
서울특별시 마포구,202307,361718,8660
서울특별시 마포구,202308,361314,8656
서울특별시 마포구,202309,361018,8597
서울특별시 마포구,202310,360772,8781
서울특별시 마포구,202311,360623,8683
서울특별시 마포구,202312,360473,8636
서울특별시 마포구,202401,360464,8612
서울특별시 마포구,202402,360409,8601
서울특별시 마포구,202403,360440,8774
서울특별시 마포구,202404,360235,8682
서울특별시 마포구,202405,359972,8761
서울특별시 마포구,202406,359835,8761
서울특별시 마포구,202407,359793,8634
서울특별시 마포구,202408,359643,8696
서울특별시 마포구,202409,359398,8892
서울특별시 마포구,202410,358903,8653
서울특별시 마포구,202411,358672,8838
서울특별시 마포구,202412,358250,9014
서울특별시 마포구,202501,357836,8857
서울특별시 마포구,202502,357633,8838
서울특별시 마포구,202503,357394,8774
서울특별시 마포구,202504,357032,8824
서울특별시 마포구,202505,356715,9015
서울특별시 마포구,202506,356530,8812
서울특별시 마포구,202507,356055,9044
서울특별시 마포구,202508,355957,9066
서울특별시 마포구,202509,355688,8892
서울특별시 마포구,202510,355484,8772
서울특별시 마포구,202511,355095,9020
서울특별시 마포구,202512,354616,8892
서울특별시 마포구,202601,354230,9186
서울특별시 마포구,202602,354161,8999
서울특별시 마포구,202603,353997,9006
서울특별시 마포구,202604,353917,9073
서울특별시 마포구,202605,353898,9014
서울특별시 마포구,202606,353527,9070
서울특별시 마포구,202607,353204,9271
서울특별시 서대문구,202307,305248,28595
서울특별시 서대문구,202308,305042,28430
서울특별시 서대문구,202309,304821,29553
서울특별시 서대문구,202310,304359,29495
서울특별시 서대문구,202311,303982,29258
서울특별시 서대문구,202312,303630,29901
서울특별시 서대문구,202401,303252,29668
서울특별시 서대문구,202402,303314,29167
서울특별시 서대문구,202403,303399,29765
서울특별시 서대문구,202404,303423,30163
서울특별시 서대문구,202405,303104,30352
서울특별시 서대문구,202406,302769,30505
서울특별시 서대문구,202407,302471,30886
서울특별시 서대문구,202408,302199,31694
서울특별시 서대문구,202409,301944,30923
서울특별시 서대문구,202410,301382,31960
서울특별시 서대문구,202411,300931,32492
서울특별시 서대문구,202412,300334,32202
서울특별시 서대문구,202501,299791,32444
서울특별시 서대문구,202502,299599,32574
서울특별시 서대문구,202503,299436,32416
서울특별시 서대문구,202504,299110,33118
서울특별시 서대문구,202505,298805,33763
서울특별시 서대문구,202506,298524,33583
서울특별시 서대문구,202507,298595,33796
서울특별시 서대문구,202508,298608,33351
서울특별시 서대문구,202509,298601,33649
서울특별시 서대문구,202510,298454,33955
서울특별시 서대문구,202511,298223,33968
서울특별시 서대문구,202512,297775,34037
서울특별시 서대문구,202601,297580,34452
서울특별시 서대문구,202602,297813,34847
서울특별시 서대문구,202603,298233,35111
서울특별시 서대문구,202604,298046,35781
서울특별시 서대문구,202605,297895,34328
서울특별시 서대문구,202606,297475,35459
서울특별시 서대문구,202607,297212,35442
서울특별시 서초구,202307,400240,26017
서울특별시 서초구,202308,400142,26017
서울특별시 서초구,202309,401983,25855
서울특별시 서초구,202310,403466,26155
서울특별시 서초구,202311,403728,25976
서울특별시 서초구,202312,403311,26084
서울특별시 서초구,202401,403381,25841
서울특별시 서초구,202402,403632,26486
서울특별시 서초구,202403,403486,26133
서울특별시 서초구,202404,403235,26824
서울특별시 서초구,202405,402960,26432
서울특별시 서초구,202406,403054,25633
서울특별시 서초구,202407,403283,25736
서울특별시 서초구,202408,403560,26023
서울특별시 서초구,202409,403805,25939
서울특별시 서초구,202410,404365,26259
서울특별시 서초구,202411,404112,26191
서울특별시 서초구,202412,404101,26301
서울특별시 서초구,202501,404080,25960
서울특별시 서초구,202502,404005,26109
서울특별시 서초구,202503,403740,26299
서울특별시 서초구,202504,403561,26348
서울특별시 서초구,202505,403335,26415
서울특별시 서초구,202506,403331,26336
서울특별시 서초구,202507,405213,26889
서울특별시 서초구,202508,407207,26407
서울특별시 서초구,202509,408310,26629
서울특별시 서초구,202510,409057,26454
서울특별시 서초구,202511,409356,26200
서울특별시 서초구,202512,410350,26052
서울특별시 서초구,202601,411346,25983
서울특별시 서초구,202602,411632,26173
서울특별시 서초구,202603,411494,26199
서울특별시 서초구,202604,410939,26271
서울특별시 서초구,202605,410422,26487
서울특별시 서초구,202606,410318,26672
서울특별시 서초구,202607,410544,26805
서울특별시 성동구,202307,276918,34948
서울특별시 성동구,202308,276542,34840
서울특별시 성동구,202309,276169,35556
서울특별시 성동구,202310,275835,35731
서울특별시 성동구,202311,275498,35388
서울특별시 성동구,202312,275163,35308
서울특별시 성동구,202401,274893,35885
서울특별시 성동구,202402,274757,35289
서울특별시 성동구,202403,274765,35591
서울특별시 성동구,202404,274664,35400
서울특별시 성동구,202405,274581,35926
서울특별시 성동구,202406,274398,36538
서울특별시 성동구,202407,273997,36611
서울특별시 성동구,202408,273594,36370
서울특별시 성동구,202409,273206,36215
서울특별시 성동구,202410,272807,37416
서울특별시 성동구,202411,272158,36776
서울특별시 성동구,202412,271522,37621
서울특별시 성동구,202501,271416,36277
서울특별시 성동구,202502,271455,37318
서울특별시 성동구,202503,271419,37214
서울특별시 성동구,202504,271267,38070
서울특별시 성동구,202505,271195,37396
서울특별시 성동구,202506,271090,37482
서울특별시 성동구,202507,270887,37444
서울특별시 성동구,202508,271455,38330
서울특별시 성동구,202509,272120,37963
서울특별시 성동구,202510,272345,37633
서울특별시 성동구,202511,272459,37758
서울특별시 성동구,202512,272565,38583
서울특별시 성동구,202601,272673,37773
서울특별시 성동구,202602,272835,39148
서울특별시 성동구,202603,273084,38584
서울특별시 성동구,202604,272909,39376
서울특별시 성동구,202605,272700,39030
서울특별시 성동구,202606,272528,39404
서울특별시 성동구,202607,272352,38658
서울특별시 성북구,202307,425579,20160
서울특별시 성북구,202308,425199,20700
서울특별시 성북구,202309,424759,21414
서울특별시 성북구,202310,424029,21156
서울특별시 성북구,202311,423395,21678
서울특별시 성북구,202312,422728,22146
서울특별시 성북구,202401,422053,21942
서울특별시 성북구,202402,421995,22109
서울특별시 성북구,202403,422042,23005
서울특별시 성북구,202404,421821,22787
서울특별시 성북구,202405,421484,23366
서울특별시 성북구,202406,421357,23493
서울특별시 성북구,202407,421011,23976
서울특별시 성북구,202408,420920,24612
서울특별시 성북구,202409,420609,24634
서울특별시 성북구,202410,419952,24598
서울특별시 성북구,202411,419391,25454
서울특별시 성북구,202412,418793,25252
서울특별시 성북구,202501,417931,25560
서울특별시 성북구,202502,417807,26360
서울특별시 성북구,202503,417619,25860
서울특별시 성북구,202504,418842,26605
서울특별시 성북구,202505,420309,26943
서울특별시 성북구,202506,421298,27393
서울특별시 성북구,202507,421532,28096
서울특별시 성북구,202508,421423,27463
서울특별시 성북구,202509,421301,28407
서울특별시 성북구,202510,421029,28685
서울특별시 성북구,202511,420676,28784
서울특별시 성북구,202512,419929,29889
서울특별시 성북구,202601,419522,29273
서울특별시 성북구,202602,419929,30055
서울특별시 성북구,202603,420178,30436
서울특별시 성북구,202604,419853,30333
서울특별시 성북구,202605,419588,30531
서울특별시 성북구,202606,419158,31301
서울특별시 성북구,202607,418696,32333
서울특별시 송파구,202307,652079,70318
서울특별시 송파구,202308,651654,69470
서울특별시 송파구,202309,651253,71219
서울특별시 송파구,202310,650908,69543
서울특별시 송파구,202311,650286,69152
서울특별시 송파구,202312,649646,69836
서울특별시 송파구,202401,649496,70002
서울특별시 송파구,202402,649458,69854
서울특별시 송파구,202403,649296,69571
서울특별시 송파구,202404,649019,72190
서울특별시 송파구,202405,648718,69017
서울특별시 송파구,202406,648332,70143
서울특별시 송파구,202407,647900,71802
서울특별시 송파구,202408,647357,69226
서울특별시 송파구,202409,647497,71324
서울특별시 송파구,202410,647993,70618
서울특별시 송파구,202411,647463,70351
서울특별시 송파구,202412,645637,70959
서울특별시 송파구,202501,644637,69752
서울특별시 송파구,202502,644019,69874
서울특별시 송파구,202503,643502,70512
서울특별시 송파구,202504,643033,69891
서울특별시 송파구,202505,642429,69550
서울특별시 송파구,202506,642261,70507
서울특별시 송파구,202507,641936,71052
서울특별시 송파구,202508,641653,69646
서울특별시 송파구,202509,641461,70908
서울특별시 송파구,202510,640819,70501
서울특별시 송파구,202511,639815,70904
서울특별시 송파구,202512,639205,71812
서울특별시 송파구,202601,641695,70737
서울특별시 송파구,202602,644898,70829
서울특별시 송파구,202603,645942,70447
서울특별시 송파구,202604,646319,72671
서울특별시 송파구,202605,646378,70536
서울특별시 송파구,202606,646130,70398
서울특별시 송파구,202607,645569,71105
서울특별시 양천구,202307,435575,34205
서울특별시 양천구,202308,435126,33667
서울특별시 양천구,202309,434864,33427
서울특별시 양천구,202310,434706,33881
서울특별시 양천구,202311,433865,34124
서울특별시 양천구,202312,433427,34008
서울특별시 양천구,202401,432974,33422
서울특별시 양천구,202402,432719,33821
서울특별시 양천구,202403,431973,33248
서울특별시 양천구,202404,431426,34272
서울특별시 양천구,202405,431054,34256
서울특별시 양천구,202406,430770,33613
서울특별시 양천구,202407,430451,33328
서울특별시 양천구,202408,430230,33761
서울특별시 양천구,202409,430013,32566
서울특별시 양천구,202410,429689,34139
서울특별시 양천구,202411,429136,33487
서울특별시 양천구,202412,428500,33207
서울특별시 양천구,202501,428154,33520
서울특별시 양천구,202502,427593,33270
서울특별시 양천구,202503,427026,33695
서울특별시 양천구,202504,426494,33607
서울특별시 양천구,202505,426135,33196
서울특별시 양천구,202506,425628,33615
서울특별시 양천구,202507,424966,33117
서울특별시 양천구,202508,424594,32831
서울특별시 양천구,202509,424195,32975
서울특별시 양천구,202510,423878,32787
서울특별시 양천구,202511,423402,33941
서울특별시 양천구,202512,422726,32484
서울특별시 양천구,202601,422257,32852
서울특별시 양천구,202602,422155,33235
서울특별시 양천구,202603,421364,32670
서울특별시 양천구,202604,420607,33596
서울특별시 양천구,202605,419789,32947
서울특별시 양천구,202606,418967,32377
서울특별시 양천구,202607,418298,32614
서울특별시 영등포구,202307,372897,35396
서울특별시 영등포구,202308,372444,34871
서울특별시 영등포구,202309,372513,35568
서울특별시 영등포구,202310,372307,34875
서울특별시 영등포구,202311,371910,34613
서울특별시 영등포구,202312,371824,34369
서울특별시 영등포구,202401,372039,35071
서울특별시 영등포구,202402,372039,35002
서울특별시 영등포구,202403,372237,35294
서울특별시 영등포구,202404,372179,34678
서울특별시 영등포구,202405,372202,34166
서울특별시 영등포구,202406,372124,34278
서울특별시 영등포구,202407,372061,33935
서울특별시 영등포구,202408,371845,34618
서울특별시 영등포구,202409,371758,34504
서울특별시 영등포구,202410,371294,34157
서울특별시 영등포구,202411,371127,34437
서울특별시 영등포구,202412,370720,34026
서울특별시 영등포구,202501,370295,34422
서울특별시 영등포구,202502,370088,34386
서울특별시 영등포구,202503,370092,33280
서울특별시 영등포구,202504,370038,34489
서울특별시 영등포구,202505,369941,33902
서울특별시 영등포구,202506,369929,34135
서울특별시 영등포구,202507,369771,33970
서울특별시 영등포구,202508,369630,33525
서울특별시 영등포구,202509,369362,33918
서울특별시 영등포구,202510,369028,34100
서울특별시 영등포구,202511,368649,33508
서울특별시 영등포구,202512,368367,33553
서울특별시 영등포구,202601,368295,33330
서울특별시 영등포구,202602,368150,33467
서울특별시 영등포구,202603,368299,32889
서울특별시 영등포구,202604,368598,32703
서울특별시 영등포구,202605,368925,32841
서울특별시 영등포구,202606,369038,33688
서울특별시 영등포구,202607,368847,33367
서울특별시 용산구,202307,213561,12081
서울특별시 용산구,202308,213078,12286
서울특별시 용산구,202309,212674,12199
서울특별시 용산구,202310,212040,12300
서울특별시 용산구,202311,210967,12515
서울특별시 용산구,202312,209747,12342
서울특별시 용산구,202401,208787,12463
서울특별시 용산구,202402,207862,12429
서울특별시 용산구,202403,206493,12870
서울특별시 용산구,202404,204635,12784
서울특별시 용산구,202405,203149,12762
서울특별시 용산구,202406,202749,12552
서울특별시 용산구,202407,202309,12713
서울특별시 용산구,202408,202104,12775
서울특별시 용산구,202409,201870,13019
서울특별시 용산구,202410,201409,13010
서울특별시 용산구,202411,200883,13046
서울특별시 용산구,202412,200682,13110
서울특별시 용산구,202501,200556,12962
서울특별시 용산구,202502,200399,12921
서울특별시 용산구,202503,200253,13067
서울특별시 용산구,202504,200195,12978
서울특별시 용산구,202505,200161,13522
서울특별시 용산구,202506,200020,13333
서울특별시 용산구,202507,199888,13514
서울특별시 용산구,202508,199667,13483
서울특별시 용산구,202509,199557,13792
서울특별시 용산구,202510,199437,13401
서울특별시 용산구,202511,199118,13677
서울특별시 용산구,202512,198869,13493
서울특별시 용산구,202601,198734,13791
서울특별시 용산구,202602,198480,13394
서울특별시 용산구,202603,197948,13749
서울특별시 용산구,202604,197183,13891
서울특별시 용산구,202605,196823,14154
서울특별시 용산구,202606,196667,13920
서울특별시 용산구,202607,196578,13980
서울특별시 은평구,202307,460475,17814
서울특별시 은평구,202308,462742,18146
서울특별시 은평구,202309,463851,17866
서울특별시 은평구,202310,464093,17981
서울특별시 은평구,202311,463864,18175
서울특별시 은평구,202312,463670,18179
서울특별시 은평구,202401,463381,18331
서울특별시 은평구,202402,462977,18163
서울특별시 은평구,202403,462923,18519
서울특별시 은평구,202404,462578,18715
서울특별시 은평구,202405,462164,18727
서울특별시 은평구,202406,461602,18673
서울특별시 은평구,202407,460879,18864
서울특별시 은평구,202408,460143,18793
서울특별시 은평구,202409,459397,18707
서울특별시 은평구,202410,458717,19454
서울특별시 은평구,202411,458113,19144
서울특별시 은평구,202412,457957,19312
서울특별시 은평구,202501,457785,19538
서울특별시 은평구,202502,457404,19066
서울특별시 은평구,202503,457110,19305
서울특별시 은평구,202504,456589,19628
서울특별시 은평구,202505,456319,19739
서울특별시 은평구,202506,455831,19735
서울특별시 은평구,202507,455718,19894
서울특별시 은평구,202508,455473,19674
서울특별시 은평구,202509,454561,19816
서울특별시 은평구,202510,453875,20310
서울특별시 은평구,202511,453083,19781
서울특별시 은평구,202512,452377,19677
서울특별시 은평구,202601,452115,20083
서울특별시 은평구,202602,451605,20250
서울특별시 은평구,202603,451385,20348
서울특별시 은평구,202604,450831,20630
서울특별시 은평구,202605,450685,20397
서울특별시 은평구,202606,450511,20650
서울특별시 은평구,202607,450361,20456
서울특별시 종로구,202307,138372,10796
서울특별시 종로구,202308,138205,11041
서울특별시 종로구,202309,138125,10751
서울특별시 종로구,202310,137806,10753
서울특별시 종로구,202311,137627,10591
서울특별시 종로구,202312,137565,10751
서울특별시 종로구,202401,137560,10808
서울특별시 종로구,202402,137674,10644
서울특별시 종로구,202403,137725,10667
서울특별시 종로구,202404,137684,10808
서울특별시 종로구,202405,137601,10608
서울특별시 종로구,202406,137455,10621
서울특별시 종로구,202407,137363,10860
서울특별시 종로구,202408,137210,10322
서울특별시 종로구,202409,137172,10806
서울특별시 종로구,202410,137071,10586
서울특별시 종로구,202411,136856,10515
서울특별시 종로구,202412,136624,10504
서울특별시 종로구,202501,136493,10561
서울특별시 종로구,202502,136574,10586
서울특별시 종로구,202503,136482,10496
서울특별시 종로구,202504,136394,10882
서울특별시 종로구,202505,136360,10576
서울특별시 종로구,202506,136331,10479
서울특별시 종로구,202507,136179,10534
서울특별시 종로구,202508,135913,10500
서울특별시 종로구,202509,135885,10438
서울특별시 종로구,202510,135791,10532
서울특별시 종로구,202511,135570,10784
서울특별시 종로구,202512,135377,10435
서울특별시 종로구,202601,135136,10447
서울특별시 종로구,202602,135116,10580
서울특별시 종로구,202603,135176,10455
서울특별시 종로구,202604,135081,10540
서울특별시 종로구,202605,134883,10660
서울특별시 종로구,202606,134688,10600
서울특별시 종로구,202607,134509,10558
서울특별시 중구,202307,119765,10374
서울특별시 중구,202308,119809,10378
서울특별시 중구,202309,119734,10357
서울특별시 중구,202310,119699,10329
서울특별시 중구,202311,119648,10274
서울특별시 중구,202312,119749,10334
서울특별시 중구,202401,119762,10579
서울특별시 중구,202402,119883,10464
서울특별시 중구,202403,120067,10355
서울특별시 중구,202404,120090,10483
서울특별시 중구,202405,120017,10589
서울특별시 중구,202406,119941,10723
서울특별시 중구,202407,119879,10834
서울특별시 중구,202408,119895,10688
서울특별시 중구,202409,119801,10921
서울특별시 중구,202410,119726,10737
서울특별시 중구,202411,119415,10614
서울특별시 중구,202412,119053,10959
서울특별시 중구,202501,118858,10784
서울특별시 중구,202502,118661,10795
서울특별시 중구,202503,118393,11149
서울특별시 중구,202504,118152,11079
서울특별시 중구,202505,117892,10908
서울특별시 중구,202506,117672,10753
서울특별시 중구,202507,117444,11018
서울특별시 중구,202508,117195,11019
서울특별시 중구,202509,117041,11205
서울특별시 중구,202510,116927,11211
서울특별시 중구,202511,116715,11236
서울특별시 중구,202512,116432,11043
서울특별시 중구,202601,116352,11192
서울특별시 중구,202602,116268,11493
서울특별시 중구,202603,116415,11297
서울특별시 중구,202604,116427,11328
서울특별시 중구,202605,116450,11534
서울특별시 중구,202606,116262,11396
서울특별시 중구,202607,116191,11271
서울특별시 중랑구,202307,381463,11266
서울특별시 중랑구,202308,380851,11604
서울특별시 중랑구,202309,380590,11417
서울특별시 중랑구,202310,380251,11487
서울특별시 중랑구,202311,379856,11795
서울특별시 중랑구,202312,380154,12322
서울특별시 중랑구,202401,380302,12497
서울특별시 중랑구,202402,380337,12265
서울특별시 중랑구,202403,379997,12342
서울특별시 중랑구,202404,379704,12757
서울특별시 중랑구,202405,379550,12930
서울특별시 중랑구,202406,379171,13125
서울특별시 중랑구,202407,378964,13106
서울특별시 중랑구,202408,378671,13589
서울특별시 중랑구,202409,378423,13488
서울특별시 중랑구,202410,378056,13883
서울특별시 중랑구,202411,377581,13812
서울특별시 중랑구,202412,377311,13914
서울특별시 중랑구,202501,377044,14306
서울특별시 중랑구,202502,376454,14397
서울특별시 중랑구,202503,376182,14749
서울특별시 중랑구,202504,375868,14811
서울특별시 중랑구,202505,375677,15008
서울특별시 중랑구,202506,375577,14847
서울특별시 중랑구,202507,375442,15419
서울특별시 중랑구,202508,375412,15267
서울특별시 중랑구,202509,375241,15744
서울특별시 중랑구,202510,375206,15652
서울특별시 중랑구,202511,375125,15747
서울특별시 중랑구,202512,375082,16427
서울특별시 중랑구,202601,375109,16293
서울특별시 중랑구,202602,375077,16601
서울특별시 중랑구,202603,374876,16786
서울특별시 중랑구,202604,374803,16868
서울특별시 중랑구,202605,374696,16853
서울특별시 중랑구,202606,374603,16940
서울특별시 중랑구,202607,374510,17352
세종특별자치시 세종특별자치시,202307,385415,27223
세종특별자치시 세종특별자치시,202308,385193,26793
세종특별자치시 세종특별자치시,202309,385170,27477
세종특별자치시 세종특별자치시,202310,385317,27011
세종특별자치시 세종특별자치시,202311,385422,27343
세종특별자치시 세종특별자치시,202312,385709,27382
세종특별자치시 세종특별자치시,202401,386130,27051
세종특별자치시 세종특별자치시,202402,386384,27096
세종특별자치시 세종특별자치시,202403,386605,26869
세종특별자치시 세종특별자치시,202404,386931,26818
세종특별자치시 세종특별자치시,202405,386972,26950
세종특별자치시 세종특별자치시,202406,387146,26916
세종특별자치시 세종특별자치시,202407,387993,26647
세종특별자치시 세종특별자치시,202408,388582,27404
세종특별자치시 세종특별자치시,202409,388654,26417
세종특별자치시 세종특별자치시,202410,389190,26577
세종특별자치시 세종특별자치시,202411,389760,26833
세종특별자치시 세종특별자치시,202412,389842,26637
세종특별자치시 세종특별자치시,202501,390076,26933
세종특별자치시 세종특별자치시,202502,390856,27242
세종특별자치시 세종특별자치시,202503,391008,26148
세종특별자치시 세종특별자치시,202504,391184,26610
세종특별자치시 세종특별자치시,202505,391402,26240
세종특별자치시 세종특별자치시,202506,391420,26250
세종특별자치시 세종특별자치시,202507,391337,26242
세종특별자치시 세종특별자치시,202508,391180,26271
세종특별자치시 세종특별자치시,202509,391432,26327
세종특별자치시 세종특별자치시,202510,391614,25944
세종특별자치시 세종특별자치시,202511,391720,26197
세종특별자치시 세종특별자치시,202512,391207,26050
세종특별자치시 세종특별자치시,202601,390719,26012
세종특별자치시 세종특별자치시,202602,390481,25784
세종특별자치시 세종특별자치시,202603,390312,26024
세종특별자치시 세종특별자치시,202604,390266,26090
세종특별자치시 세종특별자치시,202605,390315,25658
세종특별자치시 세종특별자치시,202606,390175,25881
세종특별자치시 세종특별자치시,202607,390229,25404
울산광역시 남구,202307,307980,35867
울산광역시 남구,202308,307898,35968
울산광역시 남구,202309,307957,36713
울산광역시 남구,202310,307234,36336
울산광역시 남구,202311,306571,36379
울산광역시 남구,202312,305843,37176
울산광역시 남구,202401,305425,36832
울산광역시 남구,202402,304756,35648
울산광역시 남구,202403,304324,35778
울산광역시 남구,202404,304075,36467
울산광역시 남구,202405,304031,36875
울산광역시 남구,202406,304022,36315
울산광역시 남구,202407,303761,36731
울산광역시 남구,202408,303679,36726
울산광역시 남구,202409,303635,36590
울산광역시 남구,202410,303621,36588
울산광역시 남구,202411,303576,36275
울산광역시 남구,202412,303710,36389
울산광역시 남구,202501,303748,36253
울산광역시 남구,202502,303586,36965
울산광역시 남구,202503,303451,37086
울산광역시 남구,202504,303387,36607
울산광역시 남구,202505,303247,37041
울산광역시 남구,202506,303162,36258
울산광역시 남구,202507,303141,36586
울산광역시 남구,202508,303160,36978
울산광역시 남구,202509,303375,36754
울산광역시 남구,202510,303465,36029
울산광역시 남구,202511,303125,36094
울산광역시 남구,202512,303059,36261
울산광역시 남구,202601,303462,36726
울산광역시 남구,202602,303582,36213
울산광역시 남구,202603,303537,35825
울산광역시 남구,202604,303439,36495
울산광역시 남구,202605,303374,35229
울산광역시 남구,202606,303341,36651
울산광역시 남구,202607,303419,36030
울산광역시 동구,202307,151656,13918
울산광역시 동구,202308,151926,14169
울산광역시 동구,202309,152138,14266
울산광역시 동구,202310,152029,14254
울산광역시 동구,202311,151922,14380
울산광역시 동구,202312,151841,13808
울산광역시 동구,202401,151670,14319
울산광역시 동구,202402,151369,14379
울산광역시 동구,202403,151225,14318
울산광역시 동구,202404,151238,14184
울산광역시 동구,202405,151169,14204
울산광역시 동구,202406,151108,14671
울산광역시 동구,202407,150995,14245
울산광역시 동구,202408,150855,14303
울산광역시 동구,202409,150699,14539
울산광역시 동구,202410,150659,14402
울산광역시 동구,202411,150523,14520
울산광역시 동구,202412,150407,14434
울산광역시 동구,202501,150341,14359
울산광역시 동구,202502,149946,14662
울산광역시 동구,202503,149763,14681
울산광역시 동구,202504,149674,14638
울산광역시 동구,202505,149669,14557
울산광역시 동구,202506,149584,14622
울산광역시 동구,202507,149533,14476
울산광역시 동구,202508,149434,14882
울산광역시 동구,202509,149301,14469
울산광역시 동구,202510,149260,14425
울산광역시 동구,202511,149160,14702
울산광역시 동구,202512,148857,14848
울산광역시 동구,202601,148586,15036
울산광역시 동구,202602,148072,14733
울산광역시 동구,202603,147803,14852
울산광역시 동구,202604,147533,14741
울산광역시 동구,202605,147448,14932
울산광역시 동구,202606,147372,15066
울산광역시 동구,202607,147245,14955
울산광역시 북구,202307,217516,9362
울산광역시 북구,202308,217177,9386
울산광역시 북구,202309,216966,9402
울산광역시 북구,202310,216218,9369
울산광역시 북구,202311,215620,9651
울산광역시 북구,202312,216077,9573
울산광역시 북구,202401,216651,9608
울산광역시 북구,202402,216659,9641
울산광역시 북구,202403,216534,9693
울산광역시 북구,202404,216508,9718
울산광역시 북구,202405,216477,9647
울산광역시 북구,202406,216500,9752
울산광역시 북구,202407,216465,9874
울산광역시 북구,202408,216253,9741
울산광역시 북구,202409,216241,9920
울산광역시 북구,202410,216169,10194
울산광역시 북구,202411,216151,9872
울산광역시 북구,202412,216087,10019
울산광역시 북구,202501,215946,10119
울산광역시 북구,202502,215440,10007
울산광역시 북구,202503,215345,10268
울산광역시 북구,202504,215277,10314
울산광역시 북구,202505,215298,10141
울산광역시 북구,202506,215380,10244
울산광역시 북구,202507,215388,10310
울산광역시 북구,202508,215443,10256
울산광역시 북구,202509,215246,10296
울산광역시 북구,202510,215176,10455
울산광역시 북구,202511,214927,10422
울산광역시 북구,202512,214817,10511
울산광역시 북구,202601,214423,10554
울산광역시 북구,202602,214004,10386
울산광역시 북구,202603,213788,10829
울산광역시 북구,202604,213650,10701
울산광역시 북구,202605,213403,10701
울산광역시 북구,202606,213316,10874
울산광역시 북구,202607,213144,10750
울산광역시 울주군,202307,219784,15351
울산광역시 울주군,202308,219446,15868
울산광역시 울주군,202309,219245,15946
울산광역시 울주군,202310,218865,15771
울산광역시 울주군,202311,218656,15866
울산광역시 울주군,202312,218416,15911
울산광역시 울주군,202401,218349,15968
울산광역시 울주군,202402,218430,15861
울산광역시 울주군,202403,218542,16005
울산광역시 울주군,202404,218596,16533
울산광역시 울주군,202405,218503,16186
울산광역시 울주군,202406,218381,16369
울산광역시 울주군,202407,218508,16336
울산광역시 울주군,202408,218498,16687
울산광역시 울주군,202409,218328,16518
울산광역시 울주군,202410,218355,16392
울산광역시 울주군,202411,218431,16687
울산광역시 울주군,202412,218248,17129
울산광역시 울주군,202501,218329,16889
울산광역시 울주군,202502,217876,17232
울산광역시 울주군,202503,217847,17304
울산광역시 울주군,202504,217836,16986
울산광역시 울주군,202505,217903,17411
울산광역시 울주군,202506,217946,17180
울산광역시 울주군,202507,218155,17347
울산광역시 울주군,202508,218173,17262
울산광역시 울주군,202509,218279,17762
울산광역시 울주군,202510,218630,17684
울산광역시 울주군,202511,218732,17636
울산광역시 울주군,202512,218606,17774
울산광역시 울주군,202601,218407,18255
울산광역시 울주군,202602,218089,18127
울산광역시 울주군,202603,217808,17967
울산광역시 울주군,202604,217751,18528
울산광역시 울주군,202605,217722,18160
울산광역시 울주군,202606,217755,18297
울산광역시 울주군,202607,217832,18132
울산광역시 중구,202307,205184,24250
울산광역시 중구,202308,204819,24358
울산광역시 중구,202309,204706,24371
울산광역시 중구,202310,206534,24260
울산광역시 중구,202311,207709,23818
울산광역시 중구,202312,208039,23350
울산광역시 중구,202401,207946,23918
울산광역시 중구,202402,207641,23282
울산광역시 중구,202403,207451,23458
울산광역시 중구,202404,207411,23621
울산광역시 중구,202405,207211,23241
울산광역시 중구,202406,207095,23450
울산광역시 중구,202407,206945,23270
울산광역시 중구,202408,206771,22798
울산광역시 중구,202409,206685,23064
울산광역시 중구,202410,206626,22425
울산광역시 중구,202411,206394,23177
울산광역시 중구,202412,206398,22843
울산광역시 중구,202501,206277,21970
울산광역시 중구,202502,205791,23013
울산광역시 중구,202503,205507,22528
울산광역시 중구,202504,205199,22853
울산광역시 중구,202505,204827,21720
울산광역시 중구,202506,204542,21642
울산광역시 중구,202507,204091,22164
울산광역시 중구,202508,203827,21594
울산광역시 중구,202509,203501,21881
울산광역시 중구,202510,203363,21583
울산광역시 중구,202511,203643,21583
울산광역시 중구,202512,203620,21538
울산광역시 중구,202601,203426,20983
울산광역시 중구,202602,203146,21359
울산광역시 중구,202603,202862,21275
울산광역시 중구,202604,202821,20949
울산광역시 중구,202605,202698,20962
울산광역시 중구,202606,202514,21145
울산광역시 중구,202607,202307,20703
인천광역시 강화군,202307,69046,5546
인천광역시 강화군,202308,68989,5412
인천광역시 강화군,202309,68880,5609
인천광역시 강화군,202310,68863,5634
인천광역시 강화군,202311,68770,5666
인천광역시 강화군,202312,68711,5765
인천광역시 강화군,202401,68727,5662
인천광역시 강화군,202402,68641,5597
인천광역시 강화군,202403,68659,5803
인천광역시 강화군,202404,68636,5741
인천광역시 강화군,202405,68601,5714
인천광역시 강화군,202406,68493,5860
인천광역시 강화군,202407,68484,5923
인천광역시 강화군,202408,68466,5945
인천광역시 강화군,202409,68605,5894
인천광역시 강화군,202410,68864,5947
인천광역시 강화군,202411,68997,5884
인천광역시 강화군,202412,69106,5954
인천광역시 강화군,202501,69148,5945
인천광역시 강화군,202502,69202,5995
인천광역시 강화군,202503,69160,5971
인천광역시 강화군,202504,69191,6079
인천광역시 강화군,202505,69224,6015
인천광역시 강화군,202506,69285,6204
인천광역시 강화군,202507,69328,6131
인천광역시 강화군,202508,69361,6159
인천광역시 강화군,202509,69389,6247
인천광역시 강화군,202510,69339,6118
인천광역시 강화군,202511,69391,6351
인천광역시 강화군,202512,69419,6265
인천광역시 강화군,202601,69420,6241
인천광역시 강화군,202602,69402,6289
인천광역시 강화군,202603,69340,6452
인천광역시 강화군,202604,69384,6194
인천광역시 강화군,202605,69410,6496
인천광역시 강화군,202606,69407,6448
인천광역시 강화군,202607,69282,6386
인천광역시 계양구,202307,282765,18213
인천광역시 계양구,202308,282044,18341
인천광역시 계양구,202309,281448,18325
인천광역시 계양구,202310,280822,18486
인천광역시 계양구,202311,279590,18296
인천광역시 계양구,202312,278811,18348
인천광역시 계양구,202401,278269,18350
인천광역시 계양구,202402,277831,18374
인천광역시 계양구,202403,278493,17946
인천광역시 계양구,202404,279389,18201
인천광역시 계양구,202405,279681,18097
인천광역시 계양구,202406,279886,18336
인천광역시 계양구,202407,279902,18082
인천광역시 계양구,202408,279917,18026
인천광역시 계양구,202409,279786,18428
인천광역시 계양구,202410,279485,17971
인천광역시 계양구,202411,279150,18493
인천광역시 계양구,202412,278783,17952
인천광역시 계양구,202501,278252,18077
인천광역시 계양구,202502,277559,18026
인천광역시 계양구,202503,277092,18254
인천광역시 계양구,202504,276809,18056
인천광역시 계양구,202505,276566,18055
인천광역시 계양구,202506,276305,17983
인천광역시 계양구,202507,275929,17721
인천광역시 계양구,202508,275762,17685
인천광역시 계양구,202509,276288,18064
인천광역시 계양구,202510,276535,17607
인천광역시 계양구,202511,276348,17714
인천광역시 계양구,202512,276353,17922
인천광역시 계양구,202601,276264,17701
인천광역시 계양구,202602,276009,17989
인천광역시 계양구,202603,275795,17660
인천광역시 계양구,202604,275489,18081
인천광역시 계양구,202605,275223,17543
인천광역시 계양구,202606,274968,18157
인천광역시 계양구,202607,274790,17820
인천광역시 남동구,202307,495594,40467
인천광역시 남동구,202308,494414,40978
인천광역시 남동구,202309,493570,41587
인천광역시 남동구,202310,492397,41152
인천광역시 남동구,202311,490542,42535
인천광역시 남동구,202312,489458,40787
인천광역시 남동구,202401,488769,43220
인천광역시 남동구,202402,488120,42265
인천광역시 남동구,202403,487569,43235
인천광역시 남동구,202404,486706,43364
인천광역시 남동구,202405,486193,43425
인천광역시 남동구,202406,485688,44047
인천광역시 남동구,202407,485459,44088
인천광역시 남동구,202408,485181,43753
인천광역시 남동구,202409,484880,43714
인천광역시 남동구,202410,484477,43217
인천광역시 남동구,202411,483604,43675
인천광역시 남동구,202412,483227,44335
인천광역시 남동구,202501,482740,44485
인천광역시 남동구,202502,481418,44543
인천광역시 남동구,202503,480918,45130
인천광역시 남동구,202504,480363,45123
인천광역시 남동구,202505,479894,44820
인천광역시 남동구,202506,479729,45810
인천광역시 남동구,202507,479374,46359
인천광역시 남동구,202508,479076,46960
인천광역시 남동구,202509,478535,46900
인천광역시 남동구,202510,478066,47297
인천광역시 남동구,202511,477313,46717
인천광역시 남동구,202512,477243,46800
인천광역시 남동구,202601,477309,47610
인천광역시 남동구,202602,477103,46990
인천광역시 남동구,202603,476971,46997
인천광역시 남동구,202604,476861,48335
인천광역시 남동구,202605,476693,47994
인천광역시 남동구,202606,476527,47842
인천광역시 남동구,202607,476168,48568
인천광역시 미추홀구,202307,402443,15977
인천광역시 미추홀구,202308,403038,16194
인천광역시 미추홀구,202309,402873,15962
인천광역시 미추홀구,202310,402946,16014
인천광역시 미추홀구,202311,402387,16079
인천광역시 미추홀구,202312,403416,15832
인천광역시 미추홀구,202401,404374,15934
인천광역시 미추홀구,202402,404566,15953
인천광역시 미추홀구,202403,404725,15664
인천광역시 미추홀구,202404,405724,15562
인천광역시 미추홀구,202405,406331,15742
인천광역시 미추홀구,202406,406712,15211
인천광역시 미추홀구,202407,407135,15481
인천광역시 미추홀구,202408,407439,15691
인천광역시 미추홀구,202409,408419,15379
인천광역시 미추홀구,202410,409536,15127
인천광역시 미추홀구,202411,410004,15494
인천광역시 미추홀구,202412,409735,15181
인천광역시 미추홀구,202501,410107,15412
인천광역시 미추홀구,202502,411917,15018
인천광역시 미추홀구,202503,413144,14991
인천광역시 미추홀구,202504,413585,14991
인천광역시 미추홀구,202505,414096,14766
인천광역시 미추홀구,202506,414474,15034
인천광역시 미추홀구,202507,415313,14963
인천광역시 미추홀구,202508,415921,15117
인천광역시 미추홀구,202509,416027,15207
인천광역시 미추홀구,202510,415959,14648
인천광역시 미추홀구,202511,415513,14540
인천광역시 미추홀구,202512,415164,15220
인천광역시 미추홀구,202601,414783,14702
인천광역시 미추홀구,202602,414548,14618
인천광역시 미추홀구,202603,415120,14708
인천광역시 미추홀구,202604,415181,14635
인천광역시 미추홀구,202605,415384,14362
인천광역시 미추홀구,202606,415885,14604
인천광역시 미추홀구,202607,416358,14763
인천광역시 부평구,202307,486332,12669
인천광역시 부평구,202308,486036,12830
인천광역시 부평구,202309,485728,13080
인천광역시 부평구,202310,485246,12691
인천광역시 부평구,202311,488246,12789
인천광역시 부평구,202312,491505,13016
인천광역시 부평구,202401,493027,12603
인천광역시 부평구,202402,493177,12869
인천광역시 부평구,202403,492616,12776
인천광역시 부평구,202404,492184,12810
인천광역시 부평구,202405,491908,12805
인천광역시 부평구,202406,491653,12880
인천광역시 부평구,202407,491286,12801
인천광역시 부평구,202408,491073,12896
인천광역시 부평구,202409,490697,13037
인천광역시 부평구,202410,490253,12983
인천광역시 부평구,202411,489581,13169
인천광역시 부평구,202412,490599,13147
인천광역시 부평구,202501,491256,13038
인천광역시 부평구,202502,491145,12888
인천광역시 부평구,202503,491079,13259
인천광역시 부평구,202504,491143,12848
인천광역시 부평구,202505,490983,13263
인천광역시 부평구,202506,490831,13124
인천광역시 부평구,202507,490565,13076
인천광역시 부평구,202508,490082,13163
인천광역시 부평구,202509,489389,13215
인천광역시 부평구,202510,489056,13414
인천광역시 부평구,202511,488411,13211
인천광역시 부평구,202512,487977,13231
인천광역시 부평구,202601,487802,13195
인천광역시 부평구,202602,487490,13425
인천광역시 부평구,202603,486983,13507
인천광역시 부평구,202604,486717,13534
인천광역시 부평구,202605,486440,13310
인천광역시 부평구,202606,485819,13593
인천광역시 부평구,202607,485284,13482
인천광역시 서구 통합권역,202307,606489,58554
인천광역시 서구 통합권역,202308,611726,57389
인천광역시 서구 통합권역,202309,615659,59400
인천광역시 서구 통합권역,202310,618784,56699
인천광역시 서구 통합권역,202311,620834,58077
인천광역시 서구 통합권역,202312,621936,58455
인천광역시 서구 통합권역,202401,623287,58528
인천광역시 서구 통합권역,202402,624735,58856
인천광역시 서구 통합권역,202403,626418,59177
인천광역시 서구 통합권역,202404,627530,59208
인천광역시 서구 통합권역,202405,628325,58935
인천광역시 서구 통합권역,202406,628536,58963
인천광역시 서구 통합권역,202407,628763,59963
인천광역시 서구 통합권역,202408,629048,60487
인천광역시 서구 통합권역,202409,629248,60216
인천광역시 서구 통합권역,202410,629667,59961
인천광역시 서구 통합권역,202411,629899,59826
인천광역시 서구 통합권역,202412,631614,59405
인천광역시 서구 통합권역,202501,633110,59449
인천광역시 서구 통합권역,202502,635293,60881
인천광역시 서구 통합권역,202503,636571,61901
인천광역시 서구 통합권역,202504,637897,61284
인천광역시 서구 통합권역,202505,640140,59617
인천광역시 서구 통합권역,202506,641946,60421
인천광역시 서구 통합권역,202507,643133,60164
인천광역시 서구 통합권역,202508,644318,61116
인천광역시 서구 통합권역,202509,646663,62222
인천광역시 서구 통합권역,202510,648638,60644
인천광역시 서구 통합권역,202511,650293,61976
인천광역시 서구 통합권역,202512,651956,61311
인천광역시 서구 통합권역,202601,653071,61585
인천광역시 서구 통합권역,202602,654153,61912
인천광역시 서구 통합권역,202603,655304,60299
인천광역시 서구 통합권역,202604,656572,61570
인천광역시 서구 통합권역,202605,658052,62135
인천광역시 서구 통합권역,202606,660454,62736
인천광역시 서구 통합권역,202607,663491,61825
인천광역시 연수구,202307,387570,11787
인천광역시 연수구,202308,387577,11766
인천광역시 연수구,202309,387991,11580
인천광역시 연수구,202310,389194,11742
인천광역시 연수구,202311,390195,11816
인천광역시 연수구,202312,390685,11711
인천광역시 연수구,202401,390954,11851
인천광역시 연수구,202402,391224,11793
인천광역시 연수구,202403,392083,11860
인천광역시 연수구,202404,392677,12027
인천광역시 연수구,202405,392885,11915
인천광역시 연수구,202406,393314,11644
인천광역시 연수구,202407,394704,12043
인천광역시 연수구,202408,396188,11697
인천광역시 연수구,202409,397205,11803
인천광역시 연수구,202410,397943,11804
인천광역시 연수구,202411,398274,11614
인천광역시 연수구,202412,398330,11847
인천광역시 연수구,202501,398601,11736
인천광역시 연수구,202502,398995,11698
인천광역시 연수구,202503,400324,11755
인천광역시 연수구,202504,401536,11804
인천광역시 연수구,202505,402538,12014
인천광역시 연수구,202506,402956,11849
인천광역시 연수구,202507,403555,12151
인천광역시 연수구,202508,404528,11651
인천광역시 연수구,202509,406016,11546
인천광역시 연수구,202510,406757,11999
인천광역시 연수구,202511,407387,11701
인천광역시 연수구,202512,407673,11765
인천광역시 연수구,202601,408072,11717
인천광역시 연수구,202602,408289,11921
인천광역시 연수구,202603,408299,11772
인천광역시 연수구,202604,408446,11995
인천광역시 연수구,202605,408559,11417
인천광역시 연수구,202606,408542,11963
인천광역시 연수구,202607,408540,11573
인천광역시 옹진군,202307,20417,1340
인천광역시 옹진군,202308,20382,1317
인천광역시 옹진군,202309,20356,1333
인천광역시 옹진군,202310,20362,1353
인천광역시 옹진군,202311,20356,1335
인천광역시 옹진군,202312,20296,1368
인천광역시 옹진군,202401,20265,1365
인천광역시 옹진군,202402,20205,1389
인천광역시 옹진군,202403,20132,1404
인천광역시 옹진군,202404,20121,1377
인천광역시 옹진군,202405,20089,1394
인천광역시 옹진군,202406,20091,1352
인천광역시 옹진군,202407,20114,1394
인천광역시 옹진군,202408,20086,1408
인천광역시 옹진군,202409,20053,1363
인천광역시 옹진군,202410,19998,1389
인천광역시 옹진군,202411,19948,1427
인천광역시 옹진군,202412,19924,1408
인천광역시 옹진군,202501,19830,1425
인천광역시 옹진군,202502,19728,1406
인천광역시 옹진군,202503,19725,1452
인천광역시 옹진군,202504,19749,1424
인천광역시 옹진군,202505,19704,1429
인천광역시 옹진군,202506,19664,1428
인천광역시 옹진군,202507,19643,1430
인천광역시 옹진군,202508,19625,1451
인천광역시 옹진군,202509,19596,1459
인천광역시 옹진군,202510,19575,1482
인천광역시 옹진군,202511,19567,1462
인천광역시 옹진군,202512,19561,1491
인천광역시 옹진군,202601,19481,1460
인천광역시 옹진군,202602,19377,1453
인천광역시 옹진군,202603,19350,1489
인천광역시 옹진군,202604,19320,1498
인천광역시 옹진군,202605,19301,1473
인천광역시 옹진군,202606,19266,1506
인천광역시 옹진군,202607,19252,1509
인천광역시 중구·동구 통합권역,202307,215596,9649
인천광역시 중구·동구 통합권역,202308,215735,10098
인천광역시 중구·동구 통합권역,202309,216214,10084
인천광역시 중구·동구 통합권역,202310,216683,10104
인천광역시 중구·동구 통합권역,202311,216970,10035
인천광역시 중구·동구 통합권역,202312,217126,10160
인천광역시 중구·동구 통합권역,202401,217495,10429
인천광역시 중구·동구 통합권역,202402,219431,10239
인천광역시 중구·동구 통합권역,202403,220133,10505
인천광역시 중구·동구 통합권역,202404,220407,10756
인천광역시 중구·동구 통합권역,202405,220728,10506
인천광역시 중구·동구 통합권역,202406,221550,10441
인천광역시 중구·동구 통합권역,202407,222033,10614
인천광역시 중구·동구 통합권역,202408,222332,11052
인천광역시 중구·동구 통합권역,202409,222624,10961
인천광역시 중구·동구 통합권역,202410,222880,10836
인천광역시 중구·동구 통합권역,202411,223378,11283
인천광역시 중구·동구 통합권역,202412,224053,11255
인천광역시 중구·동구 통합권역,202501,225082,10991
인천광역시 중구·동구 통합권역,202502,227148,11373
인천광역시 중구·동구 통합권역,202503,228020,11560
인천광역시 중구·동구 통합권역,202504,228294,11455
인천광역시 중구·동구 통합권역,202505,228684,11324
인천광역시 중구·동구 통합권역,202506,229089,11617
인천광역시 중구·동구 통합권역,202507,229373,11684
인천광역시 중구·동구 통합권역,202508,229588,11846
인천광역시 중구·동구 통합권역,202509,230079,11614
인천광역시 중구·동구 통합권역,202510,230670,11890
인천광역시 중구·동구 통합권역,202511,231069,11786
인천광역시 중구·동구 통합권역,202512,231569,11783
인천광역시 중구·동구 통합권역,202601,232197,11941
인천광역시 중구·동구 통합권역,202602,233201,12079
인천광역시 중구·동구 통합권역,202603,234090,11911
인천광역시 중구·동구 통합권역,202604,234531,12193
인천광역시 중구·동구 통합권역,202605,234965,11999
인천광역시 중구·동구 통합권역,202606,235608,12337
인천광역시 중구·동구 통합권역,202607,236038,12378
전남광주통합특별시 강진군,202307,32879,1705
전남광주통합특별시 강진군,202308,32808,1670
전남광주통합특별시 강진군,202309,32755,1690
전남광주통합특별시 강진군,202310,32667,1660
전남광주통합특별시 강진군,202311,32656,1706
전남광주통합특별시 강진군,202312,32641,1644
전남광주통합특별시 강진군,202401,32638,1662
전남광주통합특별시 강진군,202402,32571,1693
전남광주통합특별시 강진군,202403,32523,1655
전남광주통합특별시 강진군,202404,32508,1672
전남광주통합특별시 강진군,202405,32448,1626
전남광주통합특별시 강진군,202406,32401,1624
전남광주통합특별시 강진군,202407,32368,1634
전남광주통합특별시 강진군,202408,32276,1647
전남광주통합특별시 강진군,202409,32230,1624
전남광주통합특별시 강진군,202410,32202,1614
전남광주통합특별시 강진군,202411,32153,1608
전남광주통합특별시 강진군,202412,32146,1614
전남광주통합특별시 강진군,202501,32126,1611
전남광주통합특별시 강진군,202502,32041,1624
전남광주통합특별시 강진군,202503,32006,1620
전남광주통합특별시 강진군,202504,31965,1606
전남광주통합특별시 강진군,202505,31889,1658
전남광주통합특별시 강진군,202506,31832,1628
전남광주통합특별시 강진군,202507,31774,1622
전남광주통합특별시 강진군,202508,31725,1607
전남광주통합특별시 강진군,202509,31686,1588
전남광주통합특별시 강진군,202510,31760,1611
전남광주통합특별시 강진군,202511,31807,1627
전남광주통합특별시 강진군,202512,31758,1561
전남광주통합특별시 강진군,202601,31764,1627
전남광주통합특별시 강진군,202602,31719,1591
전남광주통합특별시 강진군,202603,31736,1639
전남광주통합특별시 강진군,202604,31747,1594
전남광주통합특별시 강진군,202605,31707,1580
전남광주통합특별시 강진군,202606,31627,1588
전남광주통합특별시 강진군,202607,31605,1581
전남광주통합특별시 고흥군,202307,61258,1162
전남광주통합특별시 고흥군,202308,61172,1191
전남광주통합특별시 고흥군,202309,61148,1211
전남광주통합특별시 고흥군,202310,61072,1202
전남광주통합특별시 고흥군,202311,60999,1200
전남광주통합특별시 고흥군,202312,60945,1194
전남광주통합특별시 고흥군,202401,60893,1198
전남광주통합특별시 고흥군,202402,60768,1220
전남광주통합특별시 고흥군,202403,60710,1202
전남광주통합특별시 고흥군,202404,60673,1221
전남광주통합특별시 고흥군,202405,60563,1212
전남광주통합특별시 고흥군,202406,60513,1203
전남광주통합특별시 고흥군,202407,60446,1201
전남광주통합특별시 고흥군,202408,60375,1214
전남광주통합특별시 고흥군,202409,60223,1210
전남광주통합특별시 고흥군,202410,60171,1198
전남광주통합특별시 고흥군,202411,60108,1200
전남광주통합특별시 고흥군,202412,60026,1216
전남광주통합특별시 고흥군,202501,59937,1218
전남광주통합특별시 고흥군,202502,59930,1238
전남광주통합특별시 고흥군,202503,59890,1238
전남광주통합특별시 고흥군,202504,59867,1227
전남광주통합특별시 고흥군,202505,59830,1249
전남광주통합특별시 고흥군,202506,59736,1245
전남광주통합특별시 고흥군,202507,59642,1231
전남광주통합특별시 고흥군,202508,59549,1210
전남광주통합특별시 고흥군,202509,59506,1240
전남광주통합특별시 고흥군,202510,59413,1241
전남광주통합특별시 고흥군,202511,59345,1226
전남광주통합특별시 고흥군,202512,59296,1265
전남광주통합특별시 고흥군,202601,59238,1235
전남광주통합특별시 고흥군,202602,59159,1256
전남광주통합특별시 고흥군,202603,59040,1249
전남광주통합특별시 고흥군,202604,58977,1260
전남광주통합특별시 고흥군,202605,58901,1260
전남광주통합특별시 고흥군,202606,58831,1242
전남광주통합특별시 고흥군,202607,58847,1263
전남광주통합특별시 곡성군,202307,26972,1581
전남광주통합특별시 곡성군,202308,26898,1552
전남광주통합특별시 곡성군,202309,26891,1565
전남광주통합특별시 곡성군,202310,26826,1555
전남광주통합특별시 곡성군,202311,26849,1574
전남광주통합특별시 곡성군,202312,26836,1579
전남광주통합특별시 곡성군,202401,26777,1543
전남광주통합특별시 곡성군,202402,26736,1572
전남광주통합특별시 곡성군,202403,26694,1573
전남광주통합특별시 곡성군,202404,26699,1586
전남광주통합특별시 곡성군,202405,26673,1574
전남광주통합특별시 곡성군,202406,26639,1549
전남광주통합특별시 곡성군,202407,26613,1526
전남광주통합특별시 곡성군,202408,26564,1561
전남광주통합특별시 곡성군,202409,26567,1556
전남광주통합특별시 곡성군,202410,26569,1580
전남광주통합특별시 곡성군,202411,26519,1558
전남광주통합특별시 곡성군,202412,26500,1555
전남광주통합특별시 곡성군,202501,26482,1566
전남광주통합특별시 곡성군,202502,26488,1537
전남광주통합특별시 곡성군,202503,26518,1563
전남광주통합특별시 곡성군,202504,26547,1523
전남광주통합특별시 곡성군,202505,26546,1542
전남광주통합특별시 곡성군,202506,26552,1556
전남광주통합특별시 곡성군,202507,26531,1580
전남광주통합특별시 곡성군,202508,26531,1552
전남광주통합특별시 곡성군,202509,26536,1541
전남광주통합특별시 곡성군,202510,26564,1555
전남광주통합특별시 곡성군,202511,26637,1571
전남광주통합특별시 곡성군,202512,27234,1535
전남광주통합특별시 곡성군,202601,27372,1527
전남광주통합특별시 곡성군,202602,27446,1551
전남광주통합특별시 곡성군,202603,27531,1552
전남광주통합특별시 곡성군,202604,27594,1573
전남광주통합특별시 곡성군,202605,27594,1554
전남광주통합특별시 곡성군,202606,27607,1592
전남광주통합특별시 곡성군,202607,27614,1540
전남광주통합특별시 광산구,202307,397581,24383
전남광주통합특별시 광산구,202308,397028,24989
전남광주통합특별시 광산구,202309,396808,25140
전남광주통합특별시 광산구,202310,396470,25041
전남광주통합특별시 광산구,202311,396245,25792
전남광주통합특별시 광산구,202312,395840,26260
전남광주통합특별시 광산구,202401,395673,25871
전남광주통합특별시 광산구,202402,395052,26503
전남광주통합특별시 광산구,202403,394138,27170
전남광주통합특별시 광산구,202404,393596,27435
전남광주통합특별시 광산구,202405,393320,27288
전남광주통합특별시 광산구,202406,393066,27170
전남광주통합특별시 광산구,202407,392719,28195
전남광주통합특별시 광산구,202408,392235,28511
전남광주통합특별시 광산구,202409,391758,28434
전남광주통합특별시 광산구,202410,391479,29137
전남광주통합특별시 광산구,202411,391024,29162
전남광주통합특별시 광산구,202412,390602,29815
전남광주통합특별시 광산구,202501,390187,29635
전남광주통합특별시 광산구,202502,389393,30392
전남광주통합특별시 광산구,202503,388510,29811
전남광주통합특별시 광산구,202504,388237,30804
전남광주통합특별시 광산구,202505,388616,30668
전남광주통합특별시 광산구,202506,388660,29917
전남광주통합특별시 광산구,202507,388528,30952
전남광주통합특별시 광산구,202508,388418,31213
전남광주통합특별시 광산구,202509,388211,31139
전남광주통합특별시 광산구,202510,387818,32094
전남광주통합특별시 광산구,202511,387239,32763
전남광주통합특별시 광산구,202512,386670,32522
전남광주통합특별시 광산구,202601,386139,32925
전남광주통합특별시 광산구,202602,385324,33194
전남광주통합특별시 광산구,202603,384692,33947
전남광주통합특별시 광산구,202604,383773,33790
전남광주통합특별시 광산구,202605,383172,34541
전남광주통합특별시 광산구,202606,382345,34293
전남광주통합특별시 광산구,202607,381988,34008
전남광주통합특별시 광양시,202307,151855,11540
전남광주통합특별시 광양시,202308,151756,11418
전남광주통합특별시 광양시,202309,151906,11788
전남광주통합특별시 광양시,202310,152069,11947
전남광주통합특별시 광양시,202311,152183,11734
전남광주통합특별시 광양시,202312,152382,11753
전남광주통합특별시 광양시,202401,152572,11567
전남광주통합특별시 광양시,202402,152514,11949
전남광주통합특별시 광양시,202403,152480,11810
전남광주통합특별시 광양시,202404,152471,11737
전남광주통합특별시 광양시,202405,152606,12158
전남광주통합특별시 광양시,202406,152860,11792
전남광주통합특별시 광양시,202407,153302,11927
전남광주통합특별시 광양시,202408,153728,12047
전남광주통합특별시 광양시,202409,153980,12061
전남광주통합특별시 광양시,202410,154101,12218
전남광주통합특별시 광양시,202411,154282,12019
전남광주통합특별시 광양시,202412,154355,12044
전남광주통합특별시 광양시,202501,154571,12448
전남광주통합특별시 광양시,202502,154638,12041
전남광주통합특별시 광양시,202503,154638,12344
전남광주통합특별시 광양시,202504,154745,12475
전남광주통합특별시 광양시,202505,154866,12467
전남광주통합특별시 광양시,202506,154985,12358
전남광주통합특별시 광양시,202507,154986,12611
전남광주통합특별시 광양시,202508,154950,12483
전남광주통합특별시 광양시,202509,154986,12322
전남광주통합특별시 광양시,202510,154986,12482
전남광주통합특별시 광양시,202511,154889,12594
전남광주통합특별시 광양시,202512,154955,12471
전남광주통합특별시 광양시,202601,155202,12449
전남광주통합특별시 광양시,202602,155377,12376
전남광주통합특별시 광양시,202603,155409,12744
전남광주통합특별시 광양시,202604,155509,12667
전남광주통합특별시 광양시,202605,155600,12853
전남광주통합특별시 광양시,202606,155660,12628
전남광주통합특별시 광양시,202607,155662,12930
전남광주통합특별시 구례군,202307,24384,1250
전남광주통합특별시 구례군,202308,24371,1272
전남광주통합특별시 구례군,202309,24334,1256
전남광주통합특별시 구례군,202310,24305,1277
전남광주통합특별시 구례군,202311,24298,1282
전남광주통합특별시 구례군,202312,24257,1319
전남광주통합특별시 구례군,202401,24221,1289
전남광주통합특별시 구례군,202402,24214,1273
전남광주통합특별시 구례군,202403,24139,1283
전남광주통합특별시 구례군,202404,24110,1316
전남광주통합특별시 구례군,202405,24107,1330
전남광주통합특별시 구례군,202406,24077,1344
전남광주통합특별시 구례군,202407,24039,1306
전남광주통합특별시 구례군,202408,24027,1306
전남광주통합특별시 구례군,202409,23999,1296
전남광주통합특별시 구례군,202410,24002,1340
전남광주통합특별시 구례군,202411,23987,1317
전남광주통합특별시 구례군,202412,23965,1337
전남광주통합특별시 구례군,202501,23943,1347
전남광주통합특별시 구례군,202502,23945,1358
전남광주통합특별시 구례군,202503,23915,1365
전남광주통합특별시 구례군,202504,23918,1357
전남광주통합특별시 구례군,202505,23885,1392
전남광주통합특별시 구례군,202506,23871,1375
전남광주통합특별시 구례군,202507,23842,1401
전남광주통합특별시 구례군,202508,23811,1402
전남광주통합특별시 구례군,202509,23786,1400
전남광주통합특별시 구례군,202510,23754,1389
전남광주통합특별시 구례군,202511,23739,1428
전남광주통합특별시 구례군,202512,23747,1418
전남광주통합특별시 구례군,202601,23811,1416
전남광주통합특별시 구례군,202602,23850,1434
전남광주통합특별시 구례군,202603,23887,1434
전남광주통합특별시 구례군,202604,23901,1444
전남광주통합특별시 구례군,202605,23941,1448
전남광주통합특별시 구례군,202606,24283,1452
전남광주통합특별시 구례군,202607,24524,1472
전남광주통합특별시 나주시,202307,116819,12187
전남광주통합특별시 나주시,202308,116908,12186
전남광주통합특별시 나주시,202309,116902,12003
전남광주통합특별시 나주시,202310,116944,12058
전남광주통합특별시 나주시,202311,116989,12320
전남광주통합특별시 나주시,202312,117130,12366
전남광주통합특별시 나주시,202401,117024,12252
전남광주통합특별시 나주시,202402,117050,12310
전남광주통합특별시 나주시,202403,116865,12277
전남광주통합특별시 나주시,202404,116806,12496
전남광주통합특별시 나주시,202405,116748,12200
전남광주통합특별시 나주시,202406,116731,12315
전남광주통합특별시 나주시,202407,116687,12378
전남광주통합특별시 나주시,202408,116619,12094
전남광주통합특별시 나주시,202409,116657,12427
전남광주통합특별시 나주시,202410,116523,12277
전남광주통합특별시 나주시,202411,116452,11997
전남광주통합특별시 나주시,202412,116404,12289
전남광주통합특별시 나주시,202501,116462,12203
전남광주통합특별시 나주시,202502,116711,12377
전남광주통합특별시 나주시,202503,116824,12120
전남광주통합특별시 나주시,202504,116938,12232
전남광주통합특별시 나주시,202505,116959,12121
전남광주통합특별시 나주시,202506,116969,12389
전남광주통합특별시 나주시,202507,116995,12409
전남광주통합특별시 나주시,202508,116958,12205
전남광주통합특별시 나주시,202509,116958,12613
전남광주통합특별시 나주시,202510,116937,12104
전남광주통합특별시 나주시,202511,116799,12491
전남광주통합특별시 나주시,202512,116815,12461
전남광주통합특별시 나주시,202601,116773,12478
전남광주통합특별시 나주시,202602,116685,12560
전남광주통합특별시 나주시,202603,116580,12360
전남광주통합특별시 나주시,202604,116564,12399
전남광주통합특별시 나주시,202605,116542,12467
전남광주통합특별시 나주시,202606,116443,12345
전남광주통합특별시 나주시,202607,116451,12237
전남광주통합특별시 남구,202307,210126,21922
전남광주통합특별시 남구,202308,209928,21889
전남광주통합특별시 남구,202309,209831,21336
전남광주통합특별시 남구,202310,209546,22322
전남광주통합특별시 남구,202311,209463,22426
전남광주통합특별시 남구,202312,209137,22056
전남광주통합특별시 남구,202401,208964,22526
전남광주통합특별시 남구,202402,208941,22402
전남광주통합특별시 남구,202403,208510,21823
전남광주통합특별시 남구,202404,208135,21815
전남광주통합특별시 남구,202405,207781,22408
전남광주통합특별시 남구,202406,207601,22239
전남광주통합특별시 남구,202407,207290,22820
전남광주통합특별시 남구,202408,207029,22116
전남광주통합특별시 남구,202409,206881,22295
전남광주통합특별시 남구,202410,206835,21857
전남광주통합특별시 남구,202411,206810,22335
전남광주통합특별시 남구,202412,207083,21891
전남광주통합특별시 남구,202501,207499,23210
전남광주통합특별시 남구,202502,207957,21758
전남광주통합특별시 남구,202503,207838,22308
전남광주통합특별시 남구,202504,207819,21937
전남광주통합특별시 남구,202505,207620,22300
전남광주통합특별시 남구,202506,207519,22414
전남광주통합특별시 남구,202507,207482,22410
전남광주통합특별시 남구,202508,207314,22340
전남광주통합특별시 남구,202509,207492,22412
전남광주통합특별시 남구,202510,207461,22373
전남광주통합특별시 남구,202511,207250,22102
전남광주통합특별시 남구,202512,207117,22270
전남광주통합특별시 남구,202601,206765,22515
전남광주통합특별시 남구,202602,206539,22193
전남광주통합특별시 남구,202603,206223,22124
전남광주통합특별시 남구,202604,205899,21995
전남광주통합특별시 남구,202605,205605,22839
전남광주통합특별시 남구,202606,205168,22337
전남광주통합특별시 남구,202607,204953,22660
전남광주통합특별시 담양군,202307,45459,6284
전남광주통합특별시 담양군,202308,45379,6356
전남광주통합특별시 담양군,202309,45352,6451
전남광주통합특별시 담양군,202310,45296,6473
전남광주통합특별시 담양군,202311,45216,6621
전남광주통합특별시 담양군,202312,45280,6431
전남광주통합특별시 담양군,202401,45181,6543
전남광주통합특별시 담양군,202402,45074,6376
전남광주통합특별시 담양군,202403,44968,6318
전남광주통합특별시 담양군,202404,44916,6487
전남광주통합특별시 담양군,202405,44960,6351
전남광주통합특별시 담양군,202406,44921,6442
전남광주통합특별시 담양군,202407,44805,6541
전남광주통합특별시 담양군,202408,44703,6494
전남광주통합특별시 담양군,202409,44692,6425
전남광주통합특별시 담양군,202410,44570,6385
전남광주통합특별시 담양군,202411,44543,6504
전남광주통합특별시 담양군,202412,44511,6457
전남광주통합특별시 담양군,202501,44455,6269
전남광주통합특별시 담양군,202502,44347,6567
전남광주통합특별시 담양군,202503,44345,6446
전남광주통합특별시 담양군,202504,44339,6432
전남광주통합특별시 담양군,202505,44291,6514
전남광주통합특별시 담양군,202506,44274,6543
전남광주통합특별시 담양군,202507,44206,6714
전남광주통합특별시 담양군,202508,44163,6431
전남광주통합특별시 담양군,202509,44086,6327
전남광주통합특별시 담양군,202510,44092,6560
전남광주통합특별시 담양군,202511,44050,6473
전남광주통합특별시 담양군,202512,44064,6337
전남광주통합특별시 담양군,202601,44023,6517
전남광주통합특별시 담양군,202602,43995,6415
전남광주통합특별시 담양군,202603,43987,6548
전남광주통합특별시 담양군,202604,44042,6400
전남광주통합특별시 담양군,202605,43999,6516
전남광주통합특별시 담양군,202606,43919,6587
전남광주통합특별시 담양군,202607,43861,6440
전남광주통합특별시 동구,202307,105904,10941
전남광주통합특별시 동구,202308,105889,11066
전남광주통합특별시 동구,202309,105864,10610
전남광주통합특별시 동구,202310,106210,11002
전남광주통합특별시 동구,202311,106417,11232
전남광주통합특별시 동구,202312,106434,11216
전남광주통합특별시 동구,202401,106405,11217
전남광주통합특별시 동구,202402,106281,11444
전남광주통합특별시 동구,202403,106115,11234
전남광주통합특별시 동구,202404,105957,11312
전남광주통합특별시 동구,202405,105851,11299
전남광주통합특별시 동구,202406,105716,11551
전남광주통합특별시 동구,202407,105640,11329
전남광주통합특별시 동구,202408,105550,11620
전남광주통합특별시 동구,202409,105611,11456
전남광주통합특별시 동구,202410,105758,11596
전남광주통합특별시 동구,202411,105742,11450
전남광주통합특별시 동구,202412,105536,11671
전남광주통합특별시 동구,202501,105253,11601
전남광주통합특별시 동구,202502,105134,11649
전남광주통합특별시 동구,202503,104837,11681
전남광주통합특별시 동구,202504,104505,11840
전남광주통합특별시 동구,202505,104398,11824
전남광주통합특별시 동구,202506,104233,12337
전남광주통합특별시 동구,202507,104313,11738
전남광주통합특별시 동구,202508,104413,11897
전남광주통합특별시 동구,202509,104415,11949
전남광주통합특별시 동구,202510,104545,11826
전남광주통합특별시 동구,202511,104574,11976
전남광주통합특별시 동구,202512,104403,12399
전남광주통합특별시 동구,202601,104325,11985
전남광주통합특별시 동구,202602,104329,12217
전남광주통합특별시 동구,202603,104280,12313
전남광주통합특별시 동구,202604,104271,12249
전남광주통합특별시 동구,202605,104550,12487
전남광주통합특별시 동구,202606,104746,12200
전남광주통합특별시 동구,202607,104885,12351
전남광주통합특별시 목포시,202307,214224,29246
전남광주통합특별시 목포시,202308,213952,29325
전남광주통합특별시 목포시,202309,213902,29002
전남광주통합특별시 목포시,202310,213832,29867
전남광주통합특별시 목포시,202311,213688,28964
전남광주통합특별시 목포시,202312,213545,29053
전남광주통합특별시 목포시,202401,213379,28229
전남광주통합특별시 목포시,202402,213065,28359
전남광주통합특별시 목포시,202403,212777,28385
전남광주통합특별시 목포시,202404,212575,28126
전남광주통합특별시 목포시,202405,212342,28791
전남광주통합특별시 목포시,202406,211902,28246
전남광주통합특별시 목포시,202407,211542,27664
전남광주통합특별시 목포시,202408,210661,28555
전남광주통합특별시 목포시,202409,210213,27332
전남광주통합특별시 목포시,202410,209907,27048
전남광주통합특별시 목포시,202411,209627,27684
전남광주통합특별시 목포시,202412,209252,27486
전남광주통합특별시 목포시,202501,208659,27537
전남광주통합특별시 목포시,202502,207704,26800
전남광주통합특별시 목포시,202503,207082,26787
전남광주통합특별시 목포시,202504,206593,26329
전남광주통합특별시 목포시,202505,206261,26722
전남광주통합특별시 목포시,202506,205819,26045
전남광주통합특별시 목포시,202507,205163,25967
전남광주통합특별시 목포시,202508,204635,26635
전남광주통합특별시 목포시,202509,204236,25985
전남광주통합특별시 목포시,202510,203397,26186
전남광주통합특별시 목포시,202511,202154,25670
전남광주통합특별시 목포시,202512,201401,25923
전남광주통합특별시 목포시,202601,200946,25460
전남광주통합특별시 목포시,202602,200425,26013
전남광주통합특별시 목포시,202603,199837,26186
전남광주통합특별시 목포시,202604,199516,25073
전남광주통합특별시 목포시,202605,199224,25427
전남광주통합특별시 목포시,202606,198938,25044
전남광주통합특별시 목포시,202607,198640,24918
전남광주통합특별시 무안군,202307,90361,4959
전남광주통합특별시 무안군,202308,90308,4908
전남광주통합특별시 무안군,202309,90305,5084
전남광주통합특별시 무안군,202310,90264,4962
전남광주통합특별시 무안군,202311,90213,4923
전남광주통합특별시 무안군,202312,90147,4929
전남광주통합특별시 무안군,202401,90190,4963
전남광주통합특별시 무안군,202402,89985,4927
전남광주통합특별시 무안군,202403,89955,4833
전남광주통합특별시 무안군,202404,90012,4823
전남광주통합특별시 무안군,202405,90046,4938
전남광주통합특별시 무안군,202406,90402,4830
전남광주통합특별시 무안군,202407,90663,4741
전남광주통합특별시 무안군,202408,91439,4874
전남광주통합특별시 무안군,202409,91861,4747
전남광주통합특별시 무안군,202410,92194,4814
전남광주통합특별시 무안군,202411,92327,4728
전남광주통합특별시 무안군,202412,92533,4697
전남광주통합특별시 무안군,202501,92771,4594
전남광주통합특별시 무안군,202502,93049,4772
전남광주통합특별시 무안군,202503,93293,4658
전남광주통합특별시 무안군,202504,93570,4612
전남광주통합특별시 무안군,202505,93657,4700
전남광주통합특별시 무안군,202506,93952,4633
전남광주통합특별시 무안군,202507,94709,4489
전남광주통합특별시 무안군,202508,95124,4637
전남광주통합특별시 무안군,202509,95432,4570
전남광주통합특별시 무안군,202510,95423,4617
전남광주통합특별시 무안군,202511,95276,4600
전남광주통합특별시 무안군,202512,95423,4487
전남광주통합특별시 무안군,202601,95543,4535
전남광주통합특별시 무안군,202602,95530,4523
전남광주통합특별시 무안군,202603,95567,4515
전남광주통합특별시 무안군,202604,95648,4489
전남광주통합특별시 무안군,202605,95651,4486
전남광주통합특별시 무안군,202606,95505,4466
전남광주통합특별시 무안군,202607,95441,4472
전남광주통합특별시 보성군,202307,37933,3605
전남광주통합특별시 보성군,202308,37898,3660
전남광주통합특별시 보성군,202309,37817,3682
전남광주통합특별시 보성군,202310,37711,3558
전남광주통합특별시 보성군,202311,37683,3591
전남광주통합특별시 보성군,202312,37621,3565
전남광주통합특별시 보성군,202401,37555,3524
전남광주통합특별시 보성군,202402,37499,3582
전남광주통합특별시 보성군,202403,37458,3470
전남광주통합특별시 보성군,202404,37422,3531
전남광주통합특별시 보성군,202405,37402,3548
전남광주통합특별시 보성군,202406,37339,3543
전남광주통합특별시 보성군,202407,37253,3517
전남광주통합특별시 보성군,202408,37183,3443
전남광주통합특별시 보성군,202409,37100,3515
전남광주통합특별시 보성군,202410,37028,3540
전남광주통합특별시 보성군,202411,36995,3497
전남광주통합특별시 보성군,202412,36973,3468
전남광주통합특별시 보성군,202501,37081,3482
전남광주통합특별시 보성군,202502,36942,3434
전남광주통합특별시 보성군,202503,36909,3449
전남광주통합특별시 보성군,202504,36881,3432
전남광주통합특별시 보성군,202505,36807,3540
전남광주통합특별시 보성군,202506,36780,3425
전남광주통합특별시 보성군,202507,36730,3503
전남광주통합특별시 보성군,202508,36654,3358
전남광주통합특별시 보성군,202509,36617,3400
전남광주통합특별시 보성군,202510,36597,3472
전남광주통합특별시 보성군,202511,36562,3439
전남광주통합특별시 보성군,202512,36785,3386
전남광주통합특별시 보성군,202601,36880,3403
전남광주통합특별시 보성군,202602,36748,3426
전남광주통합특별시 보성군,202603,36658,3363
전남광주통합특별시 보성군,202604,36616,3349
전남광주통합특별시 보성군,202605,36623,3356
전남광주통합특별시 보성군,202606,37488,3422
전남광주통합특별시 보성군,202607,38029,3314
전남광주통합특별시 북구,202307,421226,31557
전남광주통합특별시 북구,202308,421634,31304
전남광주통합특별시 북구,202309,421529,31394
전남광주통합특별시 북구,202310,421340,31414
전남광주통합특별시 북구,202311,420835,31244
전남광주통합특별시 북구,202312,420381,30998
전남광주통합특별시 북구,202401,420175,31925
전남광주통합특별시 북구,202402,419804,31277
전남광주통합특별시 북구,202403,420709,30993
전남광주통합특별시 북구,202404,421529,30632
전남광주통합특별시 북구,202405,422386,31100
전남광주통합특별시 북구,202406,422703,30638
전남광주통합특별시 북구,202407,423032,30886
전남광주통합특별시 북구,202408,423405,30574
전남광주통합특별시 북구,202409,423686,29441
전남광주통합특별시 북구,202410,423568,30865
전남광주통합특별시 북구,202411,423185,29947
전남광주통합특별시 북구,202412,422617,30538
전남광주통합특별시 북구,202501,422073,30302
전남광주통합특별시 북구,202502,421479,30608
전남광주통합특별시 북구,202503,420572,30087
전남광주통합특별시 북구,202504,419937,29869
전남광주통합특별시 북구,202505,419261,29845
전남광주통합특별시 북구,202506,418900,29950
전남광주통합특별시 북구,202507,418604,29614
전남광주통합특별시 북구,202508,418213,29836
전남광주통합특별시 북구,202509,417740,30179
전남광주통합특별시 북구,202510,417070,29158
전남광주통합특별시 북구,202511,416505,29674
전남광주통합특별시 북구,202512,415638,29093
전남광주통합특별시 북구,202601,415046,29138
전남광주통합특별시 북구,202602,414269,28984
전남광주통합특별시 북구,202603,413593,29168
전남광주통합특별시 북구,202604,414392,29066
전남광주통합특별시 북구,202605,415148,29249
전남광주통합특별시 북구,202606,415608,28158
전남광주통합특별시 북구,202607,415597,28967
전남광주통합특별시 서구,202307,285032,13954
전남광주통합특별시 서구,202308,284899,13652
전남광주통합특별시 서구,202309,284571,14232
전남광주통합특별시 서구,202310,283967,14435
전남광주통합특별시 서구,202311,283324,14267
전남광주통합특별시 서구,202312,282982,14022
전남광주통합특별시 서구,202401,282577,14273
전남광주통합특별시 서구,202402,282565,14496
전남광주통합특별시 서구,202403,281923,14873
전남광주통합특별시 서구,202404,281318,14524
전남광주통합특별시 서구,202405,280588,14917
전남광주통합특별시 서구,202406,280157,15049
전남광주통합특별시 서구,202407,279915,14935
전남광주통합특별시 서구,202408,279497,15244
전남광주통합특별시 서구,202409,279105,14724
전남광주통합특별시 서구,202410,278750,15367
전남광주통합특별시 서구,202411,278283,15431
전남광주통합특별시 서구,202412,278024,15437
전남광주통합특별시 서구,202501,277588,15506
전남광주통합특별시 서구,202502,276834,15867
전남광주통합특별시 서구,202503,276344,15752
전남광주통합특별시 서구,202504,275957,15646
전남광주통합특별시 서구,202505,275650,15916
전남광주통합특별시 서구,202506,275483,16342
전남광주통합특별시 서구,202507,275385,15845
전남광주통합특별시 서구,202508,275241,16463
전남광주통합특별시 서구,202509,275133,16391
전남광주통합특별시 서구,202510,274877,16465
전남광주통합특별시 서구,202511,274500,16297
전남광주통합특별시 서구,202512,274081,16178
전남광주통합특별시 서구,202601,274339,16806
전남광주통합특별시 서구,202602,274776,17029
전남광주통합특별시 서구,202603,274861,16974
전남광주통합특별시 서구,202604,274298,16396
전남광주통합특별시 서구,202605,274000,17141
전남광주통합특별시 서구,202606,273711,17546
전남광주통합특별시 서구,202607,273487,17224
전남광주통합특별시 순천시,202307,278215,20003
전남광주통합특별시 순천시,202308,278216,19462
전남광주통합특별시 순천시,202309,277998,19361
전남광주통합특별시 순천시,202310,277831,19752
전남광주통합특별시 순천시,202311,277682,18939
전남광주통합특별시 순천시,202312,277566,19522
전남광주통합특별시 순천시,202401,277376,19186
전남광주통합특별시 순천시,202402,277063,19446
전남광주통합특별시 순천시,202403,276959,19241
전남광주통합특별시 순천시,202404,276761,19444
전남광주통합특별시 순천시,202405,276610,19237
전남광주통합특별시 순천시,202406,276402,19678
전남광주통합특별시 순천시,202407,276221,19376
전남광주통합특별시 순천시,202408,275969,19624
전남광주통합특별시 순천시,202409,275798,19648
전남광주통합특별시 순천시,202410,275576,19220
전남광주통합특별시 순천시,202411,275551,19077
전남광주통합특별시 순천시,202412,275757,19180
전남광주통합특별시 순천시,202501,275580,19892
전남광주통합특별시 순천시,202502,275286,19244
전남광주통합특별시 순천시,202503,275094,19221
전남광주통합특별시 순천시,202504,274990,19259
전남광주통합특별시 순천시,202505,274841,19556
전남광주통합특별시 순천시,202506,274790,19520
전남광주통합특별시 순천시,202507,274771,19014
전남광주통합특별시 순천시,202508,274597,19457
전남광주통합특별시 순천시,202509,274526,19362
전남광주통합특별시 순천시,202510,274931,19392
전남광주통합특별시 순천시,202511,275229,19828
전남광주통합특별시 순천시,202512,274967,19822
전남광주통합특별시 순천시,202601,274501,19533
전남광주통합특별시 순천시,202602,274259,19775
전남광주통합특별시 순천시,202603,274024,19455
전남광주통합특별시 순천시,202604,274408,20028
전남광주통합특별시 순천시,202605,274188,19567
전남광주통합특별시 순천시,202606,273621,19729
전남광주통합특별시 순천시,202607,273226,20056
전남광주통합특별시 신안군,202307,38023,1291
전남광주통합특별시 신안군,202308,38024,1326
전남광주통합특별시 신안군,202309,38008,1316
전남광주통합특별시 신안군,202310,37970,1346
전남광주통합특별시 신안군,202311,37933,1319
전남광주통합특별시 신안군,202312,37931,1359
전남광주통합특별시 신안군,202401,37942,1352
전남광주통합특별시 신안군,202402,37985,1361
전남광주통합특별시 신안군,202403,38078,1382
전남광주통합특별시 신안군,202404,38091,1367
전남광주통합특별시 신안군,202405,38097,1409
전남광주통합특별시 신안군,202406,38124,1405
전남광주통합특별시 신안군,202407,38082,1399
전남광주통합특별시 신안군,202408,38077,1426
전남광주통합특별시 신안군,202409,38034,1411
전남광주통합특별시 신안군,202410,37989,1449
전남광주통합특별시 신안군,202411,38001,1437
전남광주통합특별시 신안군,202412,38073,1483
전남광주통합특별시 신안군,202501,38120,1468
전남광주통합특별시 신안군,202502,38275,1482
전남광주통합특별시 신안군,202503,38593,1481
전남광주통합특별시 신안군,202504,38735,1509
전남광주통합특별시 신안군,202505,38833,1522
전남광주통합특별시 신안군,202506,38898,1534
전남광주통합특별시 신안군,202507,38858,1552
전남광주통합특별시 신안군,202508,38834,1513
전남광주통합특별시 신안군,202509,38786,1537
전남광주통합특별시 신안군,202510,39805,1562
전남광주통합특별시 신안군,202511,41461,1556
전남광주통합특별시 신안군,202512,41777,1551
전남광주통합특별시 신안군,202601,41768,1591
전남광주통합특별시 신안군,202602,41807,1549
전남광주통합특별시 신안군,202603,41963,1617
전남광주통합특별시 신안군,202604,42042,1636
전남광주통합특별시 신안군,202605,42127,1612
전남광주통합특별시 신안군,202606,42236,1620
전남광주통합특별시 신안군,202607,42305,1656
전남광주통합특별시 여수시,202307,272207,24420
전남광주통합특별시 여수시,202308,271885,23582
전남광주통합특별시 여수시,202309,271744,23906
전남광주통합특별시 여수시,202310,271514,24094
전남광주통합특별시 여수시,202311,271265,24454
전남광주통합특별시 여수시,202312,271017,23702
전남광주통합특별시 여수시,202401,270741,23869
전남광주통합특별시 여수시,202402,270427,23632
전남광주통합특별시 여수시,202403,270128,24158
전남광주통합특별시 여수시,202404,269979,23878
전남광주통합특별시 여수시,202405,269552,23779
전남광주통합특별시 여수시,202406,269395,23711
전남광주통합특별시 여수시,202407,268934,24049
전남광주통합특별시 여수시,202408,268448,24213
전남광주통합특별시 여수시,202409,268173,23814
전남광주통합특별시 여수시,202410,267884,23960
전남광주통합특별시 여수시,202411,267416,23917
전남광주통합특별시 여수시,202412,267101,23451
전남광주통합특별시 여수시,202501,266629,24251
전남광주통합특별시 여수시,202502,265991,22890
전남광주통합특별시 여수시,202503,265625,23767
전남광주통합특별시 여수시,202504,265335,23981
전남광주통합특별시 여수시,202505,265065,23731
전남광주통합특별시 여수시,202506,264814,23428
전남광주통합특별시 여수시,202507,264427,23484
전남광주통합특별시 여수시,202508,264065,23465
전남광주통합특별시 여수시,202509,263651,23301
전남광주통합특별시 여수시,202510,263360,22939
전남광주통합특별시 여수시,202511,262970,23486
전남광주통합특별시 여수시,202512,262614,23472
전남광주통합특별시 여수시,202601,262166,23431
전남광주통합특별시 여수시,202602,261559,24018
전남광주통합특별시 여수시,202603,261002,23791
전남광주통합특별시 여수시,202604,260570,23601
전남광주통합특별시 여수시,202605,260285,23811
전남광주통합특별시 여수시,202606,259881,23399
전남광주통합특별시 여수시,202607,259568,23368
전남광주통합특별시 영광군,202307,52061,5015
전남광주통합특별시 영광군,202308,51953,4960
전남광주통합특별시 영광군,202309,51906,5002
전남광주통합특별시 영광군,202310,51807,5047
전남광주통합특별시 영광군,202311,51743,4942
전남광주통합특별시 영광군,202312,51651,4951
전남광주통합특별시 영광군,202401,51573,4905
전남광주통합특별시 영광군,202402,51514,4780
전남광주통합특별시 영광군,202403,51454,4727
전남광주통합특별시 영광군,202404,51394,4852
전남광주통합특별시 영광군,202405,51309,4776
전남광주통합특별시 영광군,202406,51276,4754
전남광주통합특별시 영광군,202407,51240,4622
전남광주통합특별시 영광군,202408,51334,4710
전남광주통합특별시 영광군,202409,51590,4701
전남광주통합특별시 영광군,202410,51849,4730
전남광주통합특별시 영광군,202411,51903,4719
전남광주통합특별시 영광군,202412,51999,4562
전남광주통합특별시 영광군,202501,52175,4566
전남광주통합특별시 영광군,202502,52215,4586
전남광주통합특별시 영광군,202503,52395,4493
전남광주통합특별시 영광군,202504,52531,4425
전남광주통합특별시 영광군,202505,52633,4547
전남광주통합특별시 영광군,202506,52791,4502
전남광주통합특별시 영광군,202507,52941,4375
전남광주통합특별시 영광군,202508,53052,4436
전남광주통합특별시 영광군,202509,53102,4466
전남광주통합특별시 영광군,202510,53126,4381
전남광주통합특별시 영광군,202511,53212,4325
전남광주통합특별시 영광군,202512,53429,4274
전남광주통합특별시 영광군,202601,53618,4302
전남광주통합특별시 영광군,202602,53711,4353
전남광주통합특별시 영광군,202603,53862,4348
전남광주통합특별시 영광군,202604,53872,4236
전남광주통합특별시 영광군,202605,53835,4186
전남광주통합특별시 영광군,202606,53806,4076
전남광주통합특별시 영광군,202607,53655,4144
전남광주통합특별시 영암군,202307,52372,2788
전남광주통합특별시 영암군,202308,52341,2773
전남광주통합특별시 영암군,202309,52333,2897
전남광주통합특별시 영암군,202310,52292,2821
전남광주통합특별시 영암군,202311,52178,2850
전남광주통합특별시 영암군,202312,52234,2855
전남광주통합특별시 영암군,202401,52221,2859
전남광주통합특별시 영암군,202402,52072,2848
전남광주통합특별시 영암군,202403,52022,2875
전남광주통합특별시 영암군,202404,51943,2917
전남광주통합특별시 영암군,202405,51851,2909
전남광주통합특별시 영암군,202406,51757,2940
전남광주통합특별시 영암군,202407,51687,2945
전남광주통합특별시 영암군,202408,51560,2953
전남광주통합특별시 영암군,202409,51465,2955
전남광주통합특별시 영암군,202410,51362,2927
전남광주통합특별시 영암군,202411,51342,3037
전남광주통합특별시 영암군,202412,51266,2983
전남광주통합특별시 영암군,202501,51136,3018
전남광주통합특별시 영암군,202502,50995,2990
전남광주통합특별시 영암군,202503,50846,3051
전남광주통합특별시 영암군,202504,50858,3037
전남광주통합특별시 영암군,202505,50729,2996
전남광주통합특별시 영암군,202506,50661,3134
전남광주통합특별시 영암군,202507,50357,3108
전남광주통합특별시 영암군,202508,50205,3075
전남광주통합특별시 영암군,202509,50144,3039
전남광주통합특별시 영암군,202510,50051,3099
전남광주통합특별시 영암군,202511,50000,3073
전남광주통합특별시 영암군,202512,49941,3109
전남광주통합특별시 영암군,202601,49920,3183
전남광주통합특별시 영암군,202602,49929,3150
전남광주통합특별시 영암군,202603,49909,3099
전남광주통합특별시 영암군,202604,49935,3182
전남광주통합특별시 영암군,202605,49938,3185
전남광주통합특별시 영암군,202606,49946,3121
전남광주통합특별시 영암군,202607,49906,3183
전남광주통합특별시 완도군,202307,46951,1947
전남광주통합특별시 완도군,202308,46851,1960
전남광주통합특별시 완도군,202309,46768,1956
전남광주통합특별시 완도군,202310,46687,1991
전남광주통합특별시 완도군,202311,46613,1990
전남광주통합특별시 완도군,202312,46519,1980
전남광주통합특별시 완도군,202401,46404,1995
전남광주통합특별시 완도군,202402,46274,2033
전남광주통합특별시 완도군,202403,46168,2075
전남광주통합특별시 완도군,202404,46105,2081
전남광주통합특별시 완도군,202405,46040,2051
전남광주통합특별시 완도군,202406,45984,2095
전남광주통합특별시 완도군,202407,45897,2066
전남광주통합특별시 완도군,202408,45794,2110
전남광주통합특별시 완도군,202409,45723,2109
전남광주통합특별시 완도군,202410,45630,2150
전남광주통합특별시 완도군,202411,45585,2163
전남광주통합특별시 완도군,202412,45519,2155
전남광주통합특별시 완도군,202501,45394,2174
전남광주통합특별시 완도군,202502,45278,2218
전남광주통합특별시 완도군,202503,45216,2202
전남광주통합특별시 완도군,202504,45157,2261
전남광주통합특별시 완도군,202505,45083,2189
전남광주통합특별시 완도군,202506,45002,2308
전남광주통합특별시 완도군,202507,44874,2292
전남광주통합특별시 완도군,202508,44804,2274
전남광주통합특별시 완도군,202509,44734,2324
전남광주통합특별시 완도군,202510,44657,2366
전남광주통합특별시 완도군,202511,44571,2346
전남광주통합특별시 완도군,202512,44514,2354
전남광주통합특별시 완도군,202601,44435,2399
전남광주통합특별시 완도군,202602,44319,2415
전남광주통합특별시 완도군,202603,44240,2359
전남광주통합특별시 완도군,202604,44178,2430
전남광주통합특별시 완도군,202605,44141,2475
전남광주통합특별시 완도군,202606,44079,2447
전남광주통합특별시 완도군,202607,43997,2499
전남광주통합특별시 장성군,202307,42640,3439
전남광주통합특별시 장성군,202308,42583,3428
전남광주통합특별시 장성군,202309,42540,3437
전남광주통합특별시 장성군,202310,42436,3412
전남광주통합특별시 장성군,202311,42396,3423
전남광주통합특별시 장성군,202312,42462,3463
전남광주통합특별시 장성군,202401,42400,3445
전남광주통합특별시 장성군,202402,42415,3445
전남광주통합특별시 장성군,202403,42368,3317
전남광주통합특별시 장성군,202404,42309,3468
전남광주통합특별시 장성군,202405,42167,3453
전남광주통합특별시 장성군,202406,42153,3353
전남광주통합특별시 장성군,202407,42165,3389
전남광주통합특별시 장성군,202408,42095,3397
전남광주통합특별시 장성군,202409,42048,3451
전남광주통합특별시 장성군,202410,41976,3421
전남광주통합특별시 장성군,202411,42004,3377
전남광주통합특별시 장성군,202412,41941,3423
전남광주통합특별시 장성군,202501,41939,3357
전남광주통합특별시 장성군,202502,41973,3422
전남광주통합특별시 장성군,202503,42383,3415
전남광주통합특별시 장성군,202504,42578,3404
전남광주통합특별시 장성군,202505,42712,3344
전남광주통합특별시 장성군,202506,42767,3384
전남광주통합특별시 장성군,202507,42819,3422
전남광주통합특별시 장성군,202508,42765,3421
전남광주통합특별시 장성군,202509,42805,3389
전남광주통합특별시 장성군,202510,42770,3347
전남광주통합특별시 장성군,202511,42812,3299
전남광주통합특별시 장성군,202512,42875,3332
전남광주통합특별시 장성군,202601,42894,3354
전남광주통합특별시 장성군,202602,42921,3390
전남광주통합특별시 장성군,202603,42903,3345
전남광주통합특별시 장성군,202604,42909,3387
전남광주통합특별시 장성군,202605,42926,3331
전남광주통합특별시 장성군,202606,43013,3385
전남광주통합특별시 장성군,202607,43047,3374
전남광주통합특별시 장흥군,202307,35210,2117
전남광주통합특별시 장흥군,202308,35107,2111
전남광주통합특별시 장흥군,202309,35070,2110
전남광주통합특별시 장흥군,202310,35026,2162
전남광주통합특별시 장흥군,202311,35008,2147
전남광주통합특별시 장흥군,202312,34950,2150
전남광주통합특별시 장흥군,202401,34856,2164
전남광주통합특별시 장흥군,202402,34783,2101
전남광주통합특별시 장흥군,202403,34715,2195
전남광주통합특별시 장흥군,202404,34634,2217
전남광주통합특별시 장흥군,202405,34562,2215
전남광주통합특별시 장흥군,202406,34539,2214
전남광주통합특별시 장흥군,202407,34499,2159
전남광주통합특별시 장흥군,202408,34466,2282
전남광주통합특별시 장흥군,202409,34453,2273
전남광주통합특별시 장흥군,202410,34437,2232
전남광주통합특별시 장흥군,202411,34363,2268
전남광주통합특별시 장흥군,202412,34346,2291
전남광주통합특별시 장흥군,202501,34315,2323
전남광주통합특별시 장흥군,202502,34210,2313
전남광주통합특별시 장흥군,202503,34217,2351
전남광주통합특별시 장흥군,202504,34220,2317
전남광주통합특별시 장흥군,202505,34207,2326
전남광주통합특별시 장흥군,202506,34190,2360
전남광주통합특별시 장흥군,202507,34139,2344
전남광주통합특별시 장흥군,202508,34116,2375
전남광주통합특별시 장흥군,202509,34114,2330
전남광주통합특별시 장흥군,202510,34111,2374
전남광주통합특별시 장흥군,202511,34086,2382
전남광주통합특별시 장흥군,202512,34110,2417
전남광주통합특별시 장흥군,202601,34052,2429
전남광주통합특별시 장흥군,202602,34013,2421
전남광주통합특별시 장흥군,202603,33987,2491
전남광주통합특별시 장흥군,202604,33962,2478
전남광주통합특별시 장흥군,202605,33919,2502
전남광주통합특별시 장흥군,202606,33865,2411
전남광주통합특별시 장흥군,202607,33819,2435
전남광주통합특별시 진도군,202307,29123,1565
전남광주통합특별시 진도군,202308,29036,1615
전남광주통합특별시 진도군,202309,28985,1620
전남광주통합특별시 진도군,202310,28934,1639
전남광주통합특별시 진도군,202311,28925,1624
전남광주통합특별시 진도군,202312,28915,1649
전남광주통합특별시 진도군,202401,28872,1685
전남광주통합특별시 진도군,202402,28815,1639
전남광주통합특별시 진도군,202403,28796,1676
전남광주통합특별시 진도군,202404,28743,1702
전남광주통합특별시 진도군,202405,28685,1664
전남광주통합특별시 진도군,202406,28651,1682
전남광주통합특별시 진도군,202407,28639,1689
전남광주통합특별시 진도군,202408,28624,1674
전남광주통합특별시 진도군,202409,28557,1710
전남광주통합특별시 진도군,202410,28505,1725
전남광주통합특별시 진도군,202411,28472,1727
전남광주통합특별시 진도군,202412,28397,1772
전남광주통합특별시 진도군,202501,28298,1756
전남광주통합특별시 진도군,202502,28272,1708
전남광주통합특별시 진도군,202503,28278,1776
전남광주통합특별시 진도군,202504,28280,1721
전남광주통합특별시 진도군,202505,28253,1735
전남광주통합특별시 진도군,202506,28249,1779
전남광주통합특별시 진도군,202507,28147,1779
전남광주통합특별시 진도군,202508,28088,1774
전남광주통합특별시 진도군,202509,28064,1821
전남광주통합특별시 진도군,202510,27981,1814
전남광주통합특별시 진도군,202511,27944,1849
전남광주통합특별시 진도군,202512,27891,1844
전남광주통합특별시 진도군,202601,27854,1848
전남광주통합특별시 진도군,202602,27851,1854
전남광주통합특별시 진도군,202603,27851,1838
전남광주통합특별시 진도군,202604,27850,1854
전남광주통합특별시 진도군,202605,27814,1868
전남광주통합특별시 진도군,202606,27812,1893
전남광주통합특별시 진도군,202607,27770,1869
전남광주통합특별시 함평군,202307,30654,2453
전남광주통합특별시 함평군,202308,30606,2534
전남광주통합특별시 함평군,202309,30557,2461
전남광주통합특별시 함평군,202310,30530,2492
전남광주통합특별시 함평군,202311,30535,2532
전남광주통합특별시 함평군,202312,30528,2529
전남광주통합특별시 함평군,202401,30450,2590
전남광주통합특별시 함평군,202402,30394,2603
전남광주통합특별시 함평군,202403,30334,2618
전남광주통합특별시 함평군,202404,30322,2601
전남광주통합특별시 함평군,202405,30296,2616
전남광주통합특별시 함평군,202406,30277,2652
전남광주통합특별시 함평군,202407,30212,2696
전남광주통합특별시 함평군,202408,30141,2680
전남광주통합특별시 함평군,202409,30039,2716
전남광주통합특별시 함평군,202410,29986,2747
전남광주통합특별시 함평군,202411,29948,2770
전남광주통합특별시 함평군,202412,29942,2841
전남광주통합특별시 함평군,202501,29845,2851
전남광주통합특별시 함평군,202502,29797,2829
전남광주통합특별시 함평군,202503,29804,2817
전남광주통합특별시 함평군,202504,29744,2856
전남광주통합특별시 함평군,202505,29687,2880
전남광주통합특별시 함평군,202506,29664,2928
전남광주통합특별시 함평군,202507,29617,2951
전남광주통합특별시 함평군,202508,29525,2923
전남광주통합특별시 함평군,202509,29470,2993
전남광주통합특별시 함평군,202510,29446,2999
전남광주통합특별시 함평군,202511,29443,2912
전남광주통합특별시 함평군,202512,29389,3040
전남광주통합특별시 함평군,202601,29325,3092
전남광주통합특별시 함평군,202602,29255,3032
전남광주통합특별시 함평군,202603,29250,3021
전남광주통합특별시 함평군,202604,29319,3049
전남광주통합특별시 함평군,202605,29417,3093
전남광주통합특별시 함평군,202606,29529,3098
전남광주통합특별시 함평군,202607,29576,3124
전남광주통합특별시 해남군,202307,65000,3280
전남광주통합특별시 해남군,202308,64871,3332
전남광주통합특별시 해남군,202309,64776,3339
전남광주통합특별시 해남군,202310,64600,3311
전남광주통합특별시 해남군,202311,64522,3375
전남광주통합특별시 해남군,202312,64437,3362
전남광주통합특별시 해남군,202401,64309,3351
전남광주통합특별시 해남군,202402,64116,3410
전남광주통합특별시 해남군,202403,63967,3390
전남광주통합특별시 해남군,202404,63886,3439
전남광주통합특별시 해남군,202405,63820,3391
전남광주통합특별시 해남군,202406,63749,3455
전남광주통합특별시 해남군,202407,63621,3529
전남광주통합특별시 해남군,202408,63476,3492
전남광주통합특별시 해남군,202409,63332,3578
전남광주통합특별시 해남군,202410,63270,3526
전남광주통합특별시 해남군,202411,63156,3553
전남광주통합특별시 해남군,202412,62996,3614
전남광주통합특별시 해남군,202501,62880,3558
전남광주통합특별시 해남군,202502,62788,3653
전남광주통합특별시 해남군,202503,62750,3656
전남광주통합특별시 해남군,202504,62624,3655
전남광주통합특별시 해남군,202505,62546,3629
전남광주통합특별시 해남군,202506,62433,3686
전남광주통합특별시 해남군,202507,62361,3607
전남광주통합특별시 해남군,202508,62284,3685
전남광주통합특별시 해남군,202509,62184,3671
전남광주통합특별시 해남군,202510,62077,3696
전남광주통합특별시 해남군,202511,62059,3719
전남광주통합특별시 해남군,202512,62070,3775
전남광주통합특별시 해남군,202601,62053,3743
전남광주통합특별시 해남군,202602,62027,3742
전남광주통합특별시 해남군,202603,61995,3818
전남광주통합특별시 해남군,202604,62013,3791
전남광주통합특별시 해남군,202605,61967,3837
전남광주통합특별시 해남군,202606,61908,3743
전남광주통합특별시 해남군,202607,61877,3871
전남광주통합특별시 화순군,202307,61398,3567
전남광주통합특별시 화순군,202308,61348,3506
전남광주통합특별시 화순군,202309,61236,3490
전남광주통합특별시 화순군,202310,61146,3525
전남광주통합특별시 화순군,202311,61152,3588
전남광주통합특별시 화순군,202312,61081,3546
전남광주통합특별시 화순군,202401,61009,3567
전남광주통합특별시 화순군,202402,60921,3553
전남광주통합특별시 화순군,202403,60805,3563
전남광주통합특별시 화순군,202404,60786,3536
전남광주통합특별시 화순군,202405,60764,3548
전남광주통합특별시 화순군,202406,60781,3610
전남광주통합특별시 화순군,202407,60759,3625
전남광주통합특별시 화순군,202408,60783,3575
전남광주통합특별시 화순군,202409,60724,3525
전남광주통합특별시 화순군,202410,60693,3616
전남광주통합특별시 화순군,202411,60671,3566
전남광주통합특별시 화순군,202412,60573,3565
전남광주통합특별시 화순군,202501,60576,3553
전남광주통합특별시 화순군,202502,60447,3570
전남광주통합특별시 화순군,202503,60424,3671
전남광주통합특별시 화순군,202504,60446,3629
전남광주통합특별시 화순군,202505,60407,3581
전남광주통합특별시 화순군,202506,60343,3687
전남광주통합특별시 화순군,202507,60243,3587
전남광주통합특별시 화순군,202508,60211,3607
전남광주통합특별시 화순군,202509,60226,3652
전남광주통합특별시 화순군,202510,60112,3661
전남광주통합특별시 화순군,202511,60126,3664
전남광주통합특별시 화순군,202512,60047,3598
전남광주통합특별시 화순군,202601,60039,3679
전남광주통합특별시 화순군,202602,59996,3637
전남광주통합특별시 화순군,202603,59962,3575
전남광주통합특별시 화순군,202604,59911,3645
전남광주통합특별시 화순군,202605,59849,3652
전남광주통합특별시 화순군,202606,59756,3655
전남광주통합특별시 화순군,202607,59666,3602
전북특별자치도 고창군,202307,51778,8444
전북특별자치도 고창군,202308,51700,8219
전북특별자치도 고창군,202309,51650,8316
전북특별자치도 고창군,202310,51582,8283
전북특별자치도 고창군,202311,51598,8241
전북특별자치도 고창군,202312,51599,8296
전북특별자치도 고창군,202401,51546,8402
전북특별자치도 고창군,202402,51475,8405
전북특별자치도 고창군,202403,51385,8180
전북특별자치도 고창군,202404,51338,8187
전북특별자치도 고창군,202405,51252,8141
전북특별자치도 고창군,202406,51178,8076
전북특별자치도 고창군,202407,51091,8023
전북특별자치도 고창군,202408,50997,8164
전북특별자치도 고창군,202409,50911,8173
전북특별자치도 고창군,202410,50968,8022
전북특별자치도 고창군,202411,50917,8145
전북특별자치도 고창군,202412,50817,8009
전북특별자치도 고창군,202501,50707,7961
전북특별자치도 고창군,202502,50626,8009
전북특별자치도 고창군,202503,50691,7998
전북특별자치도 고창군,202504,50613,7977
전북특별자치도 고창군,202505,50558,7923
전북특별자치도 고창군,202506,50474,7772
전북특별자치도 고창군,202507,50393,7912
전북특별자치도 고창군,202508,50411,7773
전북특별자치도 고창군,202509,50443,7843
전북특별자치도 고창군,202510,50393,7801
전북특별자치도 고창군,202511,50298,7899
전북특별자치도 고창군,202512,50246,7592
전북특별자치도 고창군,202601,50091,7642
전북특별자치도 고창군,202602,50046,7634
전북특별자치도 고창군,202603,50076,7670
전북특별자치도 고창군,202604,50017,7636
전북특별자치도 고창군,202605,49996,7791
전북특별자치도 고창군,202606,49919,7631
전북특별자치도 고창군,202607,49858,7591
전북특별자치도 군산시,202307,259858,10084
전북특별자치도 군산시,202308,259759,10275
전북특별자치도 군산시,202309,259712,10542
전북특별자치도 군산시,202310,259480,10502
전북특별자치도 군산시,202311,259470,10763
전북특별자치도 군산시,202312,259128,10866
전북특별자치도 군산시,202401,258818,10705
전북특별자치도 군산시,202402,258508,10834
전북특별자치도 군산시,202403,258147,11022
전북특별자치도 군산시,202404,257997,11106
전북특별자치도 군산시,202405,257894,11247
전북특별자치도 군산시,202406,257824,11455
전북특별자치도 군산시,202407,257738,11401
전북특별자치도 군산시,202408,257598,11730
전북특별자치도 군산시,202409,257417,11776
전북특별자치도 군산시,202410,257412,12009
전북특별자치도 군산시,202411,257352,12020
전북특별자치도 군산시,202412,257230,12061
전북특별자치도 군산시,202501,257013,12182
전북특별자치도 군산시,202502,256630,12266
전북특별자치도 군산시,202503,256211,12457
전북특별자치도 군산시,202504,256030,12364
전북특별자치도 군산시,202505,255908,12566
전북특별자치도 군산시,202506,255785,12785
전북특별자치도 군산시,202507,255827,12686
전북특별자치도 군산시,202508,255771,12948
전북특별자치도 군산시,202509,255760,12923
전북특별자치도 군산시,202510,255796,13294
전북특별자치도 군산시,202511,255691,13224
전북특별자치도 군산시,202512,255472,12919
전북특별자치도 군산시,202601,255310,13501
전북특별자치도 군산시,202602,255071,13690
전북특별자치도 군산시,202603,254754,13660
전북특별자치도 군산시,202604,254808,13468
전북특별자치도 군산시,202605,254862,13829
전북특별자치도 군산시,202606,254797,13756
전북특별자치도 군산시,202607,254737,14319
전북특별자치도 김제시,202307,81634,3224
전북특별자치도 김제시,202308,81516,3259
전북특별자치도 김제시,202309,81445,3295
전북특별자치도 김제시,202310,81382,3314
전북특별자치도 김제시,202311,81307,3342
전북특별자치도 김제시,202312,81235,3320
전북특별자치도 김제시,202401,81180,3340
전북특별자치도 김제시,202402,81132,3412
전북특별자치도 김제시,202403,81051,3402
전북특별자치도 김제시,202404,80997,3578
전북특별자치도 김제시,202405,80918,3487
전북특별자치도 김제시,202406,80833,3562
전북특별자치도 김제시,202407,80738,3461
전북특별자치도 김제시,202408,80668,3552
전북특별자치도 김제시,202409,80504,3622
전북특별자치도 김제시,202410,80426,3623
전북특별자치도 김제시,202411,80307,3668
전북특별자치도 김제시,202412,80440,3610
전북특별자치도 김제시,202501,80787,3733
전북특별자치도 김제시,202502,80944,3690
전북특별자치도 김제시,202503,80994,3789
전북특별자치도 김제시,202504,81025,3857
전북특별자치도 김제시,202505,81075,3849
전북특별자치도 김제시,202506,81198,3846
전북특별자치도 김제시,202507,81236,3811
전북특별자치도 김제시,202508,81264,3993
전북특별자치도 김제시,202509,81409,3970
전북특별자치도 김제시,202510,81379,3975
전북특별자치도 김제시,202511,81478,4078
전북특별자치도 김제시,202512,81496,4023
전북특별자치도 김제시,202601,81644,4065
전북특별자치도 김제시,202602,81562,4149
전북특별자치도 김제시,202603,81532,4104
전북특별자치도 김제시,202604,81572,4169
전북특별자치도 김제시,202605,81478,4166
전북특별자치도 김제시,202606,81443,4206
전북특별자치도 김제시,202607,81480,4142
전북특별자치도 남원시,202307,77085,2886
전북특별자치도 남원시,202308,76969,2841
전북특별자치도 남원시,202309,76857,2867
전북특별자치도 남원시,202310,76808,2874
전북특별자치도 남원시,202311,76720,2899
전북특별자치도 남원시,202312,76618,2839
전북특별자치도 남원시,202401,76502,2824
전북특별자치도 남원시,202402,76316,2864
전북특별자치도 남원시,202403,76190,2820
전북특별자치도 남원시,202404,76070,2891
전북특별자치도 남원시,202405,75985,2827
전북특별자치도 남원시,202406,75918,2795
전북특별자치도 남원시,202407,75771,2848
전북특별자치도 남원시,202408,75630,2795
전북특별자치도 남원시,202409,75480,2839
전북특별자치도 남원시,202410,75412,2821
전북특별자치도 남원시,202411,75360,2836
전북특별자치도 남원시,202412,75469,2768
전북특별자치도 남원시,202501,75434,2794
전북특별자치도 남원시,202502,75161,2741
전북특별자치도 남원시,202503,75069,2783
전북특별자치도 남원시,202504,74986,2741
전북특별자치도 남원시,202505,74910,2726
전북특별자치도 남원시,202506,74857,2811
전북특별자치도 남원시,202507,74834,2744
전북특별자치도 남원시,202508,74717,2804
전북특별자치도 남원시,202509,74568,2745
전북특별자치도 남원시,202510,74423,2791
전북특별자치도 남원시,202511,74286,2782
전북특별자치도 남원시,202512,74109,2751
전북특별자치도 남원시,202601,74201,2709
전북특별자치도 남원시,202602,74081,2705
전북특별자치도 남원시,202603,73910,2774
전북특별자치도 남원시,202604,73901,2721
전북특별자치도 남원시,202605,73781,2664
전북특별자치도 남원시,202606,73656,2731
전북특별자치도 남원시,202607,73585,2756
전북특별자치도 무주군,202307,23356,1775
전북특별자치도 무주군,202308,23333,1781
전북특별자치도 무주군,202309,23308,1760
전북특별자치도 무주군,202310,23278,1762
전북특별자치도 무주군,202311,23259,1769
전북특별자치도 무주군,202312,23213,1793
전북특별자치도 무주군,202401,23183,1788
전북특별자치도 무주군,202402,23122,1794
전북특별자치도 무주군,202403,23128,1803
전북특별자치도 무주군,202404,23122,1821
전북특별자치도 무주군,202405,23100,1880
전북특별자치도 무주군,202406,23088,1815
전북특별자치도 무주군,202407,23077,1871
전북특별자치도 무주군,202408,23066,1872
전북특별자치도 무주군,202409,23067,1854
전북특별자치도 무주군,202410,23073,1908
전북특별자치도 무주군,202411,23025,1876
전북특별자치도 무주군,202412,22991,1908
전북특별자치도 무주군,202501,22982,1875
전북특별자치도 무주군,202502,22945,1895
전북특별자치도 무주군,202503,22951,1904
전북특별자치도 무주군,202504,22938,1890
전북특별자치도 무주군,202505,22908,1901
전북특별자치도 무주군,202506,22880,1954
전북특별자치도 무주군,202507,22870,1930
전북특별자치도 무주군,202508,22806,1929
전북특별자치도 무주군,202509,22779,1939
전북특별자치도 무주군,202510,22782,2000
전북특별자치도 무주군,202511,22747,1939
전북특별자치도 무주군,202512,22754,1991
전북특별자치도 무주군,202601,22744,1983
전북특별자치도 무주군,202602,22838,2015
전북특별자치도 무주군,202603,23030,1982
전북특별자치도 무주군,202604,23121,1999
전북특별자치도 무주군,202605,23166,2033
전북특별자치도 무주군,202606,23292,2034
전북특별자치도 무주군,202607,23378,2005
전북특별자치도 부안군,202307,49516,5857
전북특별자치도 부안군,202308,49418,5786
전북특별자치도 부안군,202309,49342,5929
전북특별자치도 부안군,202310,49194,5770
전북특별자치도 부안군,202311,49055,5930
전북특별자치도 부안군,202312,48989,5778
전북특별자치도 부안군,202401,48859,5999
전북특별자치도 부안군,202402,48723,5903
전북특별자치도 부안군,202403,48621,5872
전북특별자치도 부안군,202404,48534,5877
전북특별자치도 부안군,202405,48459,5837
전북특별자치도 부안군,202406,48396,5890
전북특별자치도 부안군,202407,48356,5737
전북특별자치도 부안군,202408,48213,5811
전북특별자치도 부안군,202409,48111,5996
전북특별자치도 부안군,202410,48036,5898
전북특별자치도 부안군,202411,47956,5925
전북특별자치도 부안군,202412,47863,5899
전북특별자치도 부안군,202501,47791,5885
전북특별자치도 부안군,202502,47667,5782
전북특별자치도 부안군,202503,47604,5901
전북특별자치도 부안군,202504,47516,5850
전북특별자치도 부안군,202505,47470,5789
전북특별자치도 부안군,202506,47397,5807
전북특별자치도 부안군,202507,47315,5986
전북특별자치도 부안군,202508,47279,5884
전북특별자치도 부안군,202509,47272,5839
전북특별자치도 부안군,202510,47249,5909
전북특별자치도 부안군,202511,47150,5880
전북특별자치도 부안군,202512,47053,5926
전북특별자치도 부안군,202601,47026,5890
전북특별자치도 부안군,202602,46931,5984
전북특별자치도 부안군,202603,46873,5898
전북특별자치도 부안군,202604,46873,6020
전북특별자치도 부안군,202605,46858,6025
전북특별자치도 부안군,202606,46795,5752
전북특별자치도 부안군,202607,46775,6024
전북특별자치도 순창군,202307,26765,919
전북특별자치도 순창군,202308,26713,919
전북특별자치도 순창군,202309,26713,910
전북특별자치도 순창군,202310,26704,922
전북특별자치도 순창군,202311,26699,951
전북특별자치도 순창군,202312,26714,924
전북특별자치도 순창군,202401,26695,900
전북특별자치도 순창군,202402,26757,929
전북특별자치도 순창군,202403,26756,909
전북특별자치도 순창군,202404,26755,918
전북특별자치도 순창군,202405,26725,932
전북특별자치도 순창군,202406,26738,931
전북특별자치도 순창군,202407,26766,903
전북특별자치도 순창군,202408,26771,943
전북특별자치도 순창군,202409,26755,942
전북특별자치도 순창군,202410,26715,927
전북특별자치도 순창군,202411,26705,930
전북특별자치도 순창군,202412,26770,941
전북특별자치도 순창군,202501,26737,942
전북특별자치도 순창군,202502,26779,955
전북특별자치도 순창군,202503,26747,934
전북특별자치도 순창군,202504,26773,948
전북특별자치도 순창군,202505,26747,946
전북특별자치도 순창군,202506,26730,930
전북특별자치도 순창군,202507,26701,942
전북특별자치도 순창군,202508,26683,938
전북특별자치도 순창군,202509,26680,964
전북특별자치도 순창군,202510,27017,979
전북특별자치도 순창군,202511,27518,971
전북특별자치도 순창군,202512,27649,965
전북특별자치도 순창군,202601,27603,978
전북특별자치도 순창군,202602,27625,956
전북특별자치도 순창군,202603,27569,953
전북특별자치도 순창군,202604,27550,978
전북특별자치도 순창군,202605,27551,976
전북특별자치도 순창군,202606,27524,992
전북특별자치도 순창군,202607,27582,975
전북특별자치도 완주군,202307,96152,5483
전북특별자치도 완주군,202308,96704,5456
전북특별자치도 완주군,202309,96930,5354
전북특별자치도 완주군,202310,97130,5562
전북특별자치도 완주군,202311,97406,5506
전북특별자치도 완주군,202312,97625,5612
전북특별자치도 완주군,202401,98072,5795
전북특별자치도 완주군,202402,98385,5752
전북특별자치도 완주군,202403,98458,5790
전북특별자치도 완주군,202404,98569,5871
전북특별자치도 완주군,202405,98577,5972
전북특별자치도 완주군,202406,98669,6025
전북특별자치도 완주군,202407,98739,5955
전북특별자치도 완주군,202408,98815,6063
전북특별자치도 완주군,202409,98836,6038
전북특별자치도 완주군,202410,98858,6208
전북특별자치도 완주군,202411,98885,6113
전북특별자치도 완주군,202412,99063,6157
전북특별자치도 완주군,202501,99454,6276
전북특별자치도 완주군,202502,99457,6288
전북특별자치도 완주군,202503,99606,6238
전북특별자치도 완주군,202504,99715,6574
전북특별자치도 완주군,202505,99834,6591
전북특별자치도 완주군,202506,99925,6568
전북특별자치도 완주군,202507,100020,6674
전북특별자치도 완주군,202508,100122,6666
전북특별자치도 완주군,202509,100169,6701
전북특별자치도 완주군,202510,100289,6803
전북특별자치도 완주군,202511,100301,6884
전북특별자치도 완주군,202512,100219,6872
전북특별자치도 완주군,202601,100146,6928
전북특별자치도 완주군,202602,100133,7076
전북특별자치도 완주군,202603,99899,7174
전북특별자치도 완주군,202604,99876,7045
전북특별자치도 완주군,202605,99815,7030
전북특별자치도 완주군,202606,99885,7260
전북특별자치도 완주군,202607,100163,7236
전북특별자치도 익산시,202307,270339,23905
전북특별자치도 익산시,202308,269936,23867
전북특별자치도 익산시,202309,269703,24853
전북특별자치도 익산시,202310,269496,23917
전북특별자치도 익산시,202311,269213,24693
전북특별자치도 익산시,202312,268983,24792
전북특별자치도 익산시,202401,268376,24540
전북특별자치도 익산시,202402,267879,25300
전북특별자치도 익산시,202403,267615,25931
전북특별자치도 익산시,202404,267434,25619
전북특별자치도 익산시,202405,267227,25944
전북특별자치도 익산시,202406,267088,26219
전북특별자치도 익산시,202407,266843,26195
전북특별자치도 익산시,202408,266653,26610
전북특별자치도 익산시,202409,266553,26190
전북특별자치도 익산시,202410,266827,26773
전북특별자치도 익산시,202411,266980,26731
전북특별자치도 익산시,202412,266919,26779
전북특별자치도 익산시,202501,266578,27490
전북특별자치도 익산시,202502,266244,28219
전북특별자치도 익산시,202503,266551,27731
전북특별자치도 익산시,202504,266707,28767
전북특별자치도 익산시,202505,266642,28195
전북특별자치도 익산시,202506,266541,28136
전북특별자치도 익산시,202507,266578,28701
전북특별자치도 익산시,202508,266478,29277
전북특별자치도 익산시,202509,266438,29404
전북특별자치도 익산시,202510,266279,28792
전북특별자치도 익산시,202511,266151,28725
전북특별자치도 익산시,202512,266006,29656
전북특별자치도 익산시,202601,265894,29936
전북특별자치도 익산시,202602,265733,29902
전북특별자치도 익산시,202603,265909,30553
전북특별자치도 익산시,202604,265887,30346
전북특별자치도 익산시,202605,265762,30486
전북특별자치도 익산시,202606,265701,31024
전북특별자치도 익산시,202607,265649,31870
전북특별자치도 임실군,202307,26144,1631
전북특별자치도 임실군,202308,26077,1645
전북특별자치도 임실군,202309,26027,1648
전북특별자치도 임실군,202310,25996,1627
전북특별자치도 임실군,202311,25944,1628
전북특별자치도 임실군,202312,25907,1632
전북특별자치도 임실군,202401,25835,1650
전북특별자치도 임실군,202402,25812,1675
전북특별자치도 임실군,202403,25789,1669
전북특별자치도 임실군,202404,25766,1662
전북특별자치도 임실군,202405,25805,1627
전북특별자치도 임실군,202406,25810,1661
전북특별자치도 임실군,202407,25759,1655
전북특별자치도 임실군,202408,25715,1636
전북특별자치도 임실군,202409,25645,1693
전북특별자치도 임실군,202410,25582,1644
전북특별자치도 임실군,202411,25554,1697
전북특별자치도 임실군,202412,25530,1659
전북특별자치도 임실군,202501,25530,1690
전북특별자치도 임실군,202502,25491,1649
전북특별자치도 임실군,202503,25484,1664
전북특별자치도 임실군,202504,25439,1631
전북특별자치도 임실군,202505,25382,1690
전북특별자치도 임실군,202506,25357,1728
전북특별자치도 임실군,202507,25302,1694
전북특별자치도 임실군,202508,25248,1703
전북특별자치도 임실군,202509,25255,1730
전북특별자치도 임실군,202510,25219,1708
전북특별자치도 임실군,202511,25188,1710
전북특별자치도 임실군,202512,25218,1677
전북특별자치도 임실군,202601,25258,1706
전북특별자치도 임실군,202602,25269,1709
전북특별자치도 임실군,202603,25259,1732
전북특별자치도 임실군,202604,25291,1735
전북특별자치도 임실군,202605,25308,1732
전북특별자치도 임실군,202606,25304,1712
전북특별자치도 임실군,202607,25270,1725
전북특별자치도 장수군,202307,21055,2431
전북특별자치도 장수군,202308,21057,2399
전북특별자치도 장수군,202309,21040,2375
전북특별자치도 장수군,202310,21011,2358
전북특별자치도 장수군,202311,20981,2450
전북특별자치도 장수군,202312,20957,2407
전북특별자치도 장수군,202401,20927,2394
전북특별자치도 장수군,202402,20857,2435
전북특별자치도 장수군,202403,20818,2439
전북특별자치도 장수군,202404,20809,2404
전북특별자치도 장수군,202405,20788,2378
전북특별자치도 장수군,202406,20764,2355
전북특별자치도 장수군,202407,20736,2356
전북특별자치도 장수군,202408,20734,2402
전북특별자치도 장수군,202409,20725,2360
전북특별자치도 장수군,202410,20702,2430
전북특별자치도 장수군,202411,20670,2393
전북특별자치도 장수군,202412,20633,2421
전북특별자치도 장수군,202501,20588,2375
전북특별자치도 장수군,202502,20524,2384
전북특별자치도 장수군,202503,20472,2416
전북특별자치도 장수군,202504,20461,2377
전북특별자치도 장수군,202505,20459,2436
전북특별자치도 장수군,202506,20445,2414
전북특별자치도 장수군,202507,20414,2358
전북특별자치도 장수군,202508,20359,2461
전북특별자치도 장수군,202509,20364,2410
전북특별자치도 장수군,202510,20345,2445
전북특별자치도 장수군,202511,20392,2413
전북특별자치도 장수군,202512,20887,2424
전북특별자치도 장수군,202601,20982,2451
전북특별자치도 장수군,202602,21018,2401
전북특별자치도 장수군,202603,21056,2386
전북특별자치도 장수군,202604,21083,2390
전북특별자치도 장수군,202605,21110,2380
전북특별자치도 장수군,202606,21137,2407
전북특별자치도 장수군,202607,21148,2393
전북특별자치도 전주시 덕진구,202307,315625,21580
전북특별자치도 전주시 덕진구,202308,315409,20995
전북특별자치도 전주시 덕진구,202309,315332,21764
전북특별자치도 전주시 덕진구,202310,315256,21164
전북특별자치도 전주시 덕진구,202311,315084,21225
전북특별자치도 전주시 덕진구,202312,314855,20962
전북특별자치도 전주시 덕진구,202401,314483,21358
전북특별자치도 전주시 덕진구,202402,314524,21260
전북특별자치도 전주시 덕진구,202403,314293,20829
전북특별자치도 전주시 덕진구,202404,314157,20907
전북특별자치도 전주시 덕진구,202405,314503,20997
전북특별자치도 전주시 덕진구,202406,314464,21030
전북특별자치도 전주시 덕진구,202407,314453,20937
전북특별자치도 전주시 덕진구,202408,314244,20877
전북특별자치도 전주시 덕진구,202409,314075,20712
전북특별자치도 전주시 덕진구,202410,313715,20581
전북특별자치도 전주시 덕진구,202411,313387,20712
전북특별자치도 전주시 덕진구,202412,312963,20446
전북특별자치도 전주시 덕진구,202501,312589,20444
전북특별자치도 전주시 덕진구,202502,312303,20108
전북특별자치도 전주시 덕진구,202503,311804,20421
전북특별자치도 전주시 덕진구,202504,311322,20235
전북특별자치도 전주시 덕진구,202505,310998,20415
전북특별자치도 전주시 덕진구,202506,310706,20337
전북특별자치도 전주시 덕진구,202507,310366,19889
전북특별자치도 전주시 덕진구,202508,310151,20196
전북특별자치도 전주시 덕진구,202509,309970,20091
전북특별자치도 전주시 덕진구,202510,309619,20087
전북특별자치도 전주시 덕진구,202511,309028,20127
전북특별자치도 전주시 덕진구,202512,308287,19972
전북특별자치도 전주시 덕진구,202601,307710,19626
전북특별자치도 전주시 덕진구,202602,307489,19607
전북특별자치도 전주시 덕진구,202603,307461,19700
전북특별자치도 전주시 덕진구,202604,307128,19861
전북특별자치도 전주시 덕진구,202605,307027,19672
전북특별자치도 전주시 덕진구,202606,306647,19846
전북특별자치도 전주시 덕진구,202607,306143,19513
전북특별자치도 전주시 완산구,202307,328228,11577
전북특별자치도 전주시 완산구,202308,327762,11596
전북특별자치도 전주시 완산구,202309,327331,11492
전북특별자치도 전주시 완산구,202310,326990,11593
전북특별자치도 전주시 완산구,202311,326720,11617
전북특별자치도 전주시 완산구,202312,326236,11701
전북특별자치도 전주시 완산구,202401,325794,11827
전북특별자치도 전주시 완산구,202402,325276,11661
전북특별자치도 전주시 완산구,202403,324853,11605
전북특별자치도 전주시 완산구,202404,324356,11999
전북특별자치도 전주시 완산구,202405,323722,11897
전북특별자치도 전주시 완산구,202406,323293,11927
전북특별자치도 전주시 완산구,202407,322927,11993
전북특별자치도 전주시 완산구,202408,322653,12196
전북특별자치도 전주시 완산구,202409,322375,12136
전북특별자치도 전주시 완산구,202410,322025,12016
전북특별자치도 전주시 완산구,202411,321583,12397
전북특별자치도 전주시 완산구,202412,320953,12016
전북특별자치도 전주시 완산구,202501,320252,12170
전북특별자치도 전주시 완산구,202502,319658,12278
전북특별자치도 전주시 완산구,202503,318949,12321
전북특별자치도 전주시 완산구,202504,318569,12575
전북특별자치도 전주시 완산구,202505,318212,12507
전북특별자치도 전주시 완산구,202506,317864,12263
전북특별자치도 전주시 완산구,202507,317577,12674
전북특별자치도 전주시 완산구,202508,317335,12560
전북특별자치도 전주시 완산구,202509,317020,12643
전북특별자치도 전주시 완산구,202510,316665,12164
전북특별자치도 전주시 완산구,202511,316097,12705
전북특별자치도 전주시 완산구,202512,315419,12791
전북특별자치도 전주시 완산구,202601,314810,12940
전북특별자치도 전주시 완산구,202602,314236,12928
전북특별자치도 전주시 완산구,202603,313761,12648
전북특별자치도 전주시 완산구,202604,313438,13089
전북특별자치도 전주시 완산구,202605,313085,12991
전북특별자치도 전주시 완산구,202606,312588,12831
전북특별자치도 전주시 완산구,202607,312068,13483
전북특별자치도 정읍시,202307,103860,4362
전북특별자치도 정읍시,202308,103730,4217
전북특별자치도 정읍시,202309,103624,4329
전북특별자치도 정읍시,202310,103413,4256
전북특별자치도 정읍시,202311,103278,4344
전북특별자치도 정읍시,202312,103259,4303
전북특별자치도 정읍시,202401,103234,4292
전북특별자치도 정읍시,202402,103118,4372
전북특별자치도 정읍시,202403,102848,4263
전북특별자치도 정읍시,202404,102721,4292
전북특별자치도 정읍시,202405,102588,4401
전북특별자치도 정읍시,202406,102497,4411
전북특별자치도 정읍시,202407,102356,4377
전북특별자치도 정읍시,202408,102195,4406
전북특별자치도 정읍시,202409,102042,4174
전북특별자치도 정읍시,202410,101899,4413
전북특별자치도 정읍시,202411,101754,4350
전북특별자치도 정읍시,202412,101791,4342
전북특별자치도 정읍시,202501,101651,4323
전북특별자치도 정읍시,202502,101297,4310
전북특별자치도 정읍시,202503,101198,4383
전북특별자치도 정읍시,202504,101108,4360
전북특별자치도 정읍시,202505,101002,4340
전북특별자치도 정읍시,202506,100912,4394
전북특별자치도 정읍시,202507,100799,4360
전북특별자치도 정읍시,202508,100620,4331
전북특별자치도 정읍시,202509,100519,4327
전북특별자치도 정읍시,202510,100432,4495
전북특별자치도 정읍시,202511,100477,4202
전북특별자치도 정읍시,202512,100875,4353
전북특별자치도 정읍시,202601,100884,4398
전북특별자치도 정읍시,202602,100739,4327
전북특별자치도 정읍시,202603,100554,4330
전북특별자치도 정읍시,202604,100479,4308
전북특별자치도 정읍시,202605,100441,4418
전북특별자치도 정읍시,202606,100498,4418
전북특별자치도 정읍시,202607,100392,4409
전북특별자치도 진안군,202307,24575,1151
전북특별자치도 진안군,202308,24551,1162
전북특별자치도 진안군,202309,24495,1183
전북특별자치도 진안군,202310,24481,1174
전북특별자치도 진안군,202311,24420,1193
전북특별자치도 진안군,202312,24412,1230
전북특별자치도 진안군,202401,24403,1225
전북특별자치도 진안군,202402,24425,1218
전북특별자치도 진안군,202403,24417,1234
전북특별자치도 진안군,202404,24447,1266
전북특별자치도 진안군,202405,24392,1237
전북특별자치도 진안군,202406,24365,1264
전북특별자치도 진안군,202407,24357,1239
전북특별자치도 진안군,202408,24306,1308
전북특별자치도 진안군,202409,24228,1302
전북특별자치도 진안군,202410,24197,1312
전북특별자치도 진안군,202411,24158,1295
전북특별자치도 진안군,202412,24110,1305
전북특별자치도 진안군,202501,24165,1329
전북특별자치도 진안군,202502,24202,1358
전북특별자치도 진안군,202503,24175,1350
전북특별자치도 진안군,202504,24188,1372
전북특별자치도 진안군,202505,24169,1383
전북특별자치도 진안군,202506,24140,1363
전북특별자치도 진안군,202507,24122,1417
전북특별자치도 진안군,202508,24148,1437
전북특별자치도 진안군,202509,24157,1435
전북특별자치도 진안군,202510,24145,1436
전북특별자치도 진안군,202511,24189,1408
전북특별자치도 진안군,202512,24198,1468
전북특별자치도 진안군,202601,24233,1473
전북특별자치도 진안군,202602,24238,1493
전북특별자치도 진안군,202603,24268,1487
전북특별자치도 진안군,202604,24321,1482
전북특별자치도 진안군,202605,24362,1528
전북특별자치도 진안군,202606,24631,1502
전북특별자치도 진안군,202607,24798,1533
제주특별자치도 서귀포시,202307,183217,19250
제주특별자치도 서귀포시,202308,183158,19250
제주특별자치도 서귀포시,202309,183025,18584
제주특별자치도 서귀포시,202310,182967,19192
제주특별자치도 서귀포시,202311,182857,19176
제주특별자치도 서귀포시,202312,182596,18936
제주특별자치도 서귀포시,202401,182455,19384
제주특별자치도 서귀포시,202402,182341,18910
제주특별자치도 서귀포시,202403,182172,19119
제주특별자치도 서귀포시,202404,182001,18965
제주특별자치도 서귀포시,202405,181964,19503
제주특별자치도 서귀포시,202406,181636,19242
제주특별자치도 서귀포시,202407,181505,19192
제주특별자치도 서귀포시,202408,181372,18838
제주특별자치도 서귀포시,202409,181206,19326
제주특별자치도 서귀포시,202410,181058,19271
제주특별자치도 서귀포시,202411,180953,19126
제주특별자치도 서귀포시,202412,180950,19360
제주특별자치도 서귀포시,202501,180781,19263
제주특별자치도 서귀포시,202502,180382,19572
제주특별자치도 서귀포시,202503,180202,19555
제주특별자치도 서귀포시,202504,180074,19274
제주특별자치도 서귀포시,202505,179900,19879
제주특별자치도 서귀포시,202506,179521,19479
제주특별자치도 서귀포시,202507,179279,19335
제주특별자치도 서귀포시,202508,179173,19395
제주특별자치도 서귀포시,202509,178980,19156
제주특별자치도 서귀포시,202510,178837,19473
제주특별자치도 서귀포시,202511,178730,19086
제주특별자치도 서귀포시,202512,178627,19435
제주특별자치도 서귀포시,202601,178258,19804
제주특별자치도 서귀포시,202602,178030,19198
제주특별자치도 서귀포시,202603,177838,19159
제주특별자치도 서귀포시,202604,177944,20037
제주특별자치도 서귀포시,202605,177831,19171
제주특별자치도 서귀포시,202606,177702,19521
제주특별자치도 서귀포시,202607,177607,19910
제주특별자치도 제주시,202307,490046,28453
제주특별자치도 제주시,202308,489759,29188
제주특별자치도 제주시,202309,489737,28296
제주특별자치도 제주시,202310,489625,28335
제주특별자치도 제주시,202311,489292,28802
제주특별자치도 제주시,202312,488982,27788
제주특별자치도 제주시,202401,488226,28377
제주특별자치도 제주시,202402,487679,27887
제주특별자치도 제주시,202403,487289,28445
제주특별자치도 제주시,202404,487125,28555
제주특별자치도 제주시,202405,486963,28151
제주특별자치도 제주시,202406,486964,27912
제주특별자치도 제주시,202407,486909,27503
제주특별자치도 제주시,202408,486522,28135
제주특별자치도 제주시,202409,486193,27594
제주특별자치도 제주시,202410,486115,27724
제주특별자치도 제주시,202411,485847,27472
제주특별자치도 제주시,202412,485574,27487
제주특별자치도 제주시,202501,484860,27741
제주특별자치도 제주시,202502,484011,27755
제주특별자치도 제주시,202503,483749,27933
제주특별자치도 제주시,202504,483640,27834
제주특별자치도 제주시,202505,483573,27274
제주특별자치도 제주시,202506,483367,27391
제주특별자치도 제주시,202507,483234,27052
제주특별자치도 제주시,202508,483108,26956
제주특별자치도 제주시,202509,482949,26839
제주특별자치도 제주시,202510,482757,27058
제주특별자치도 제주시,202511,482507,27339
제주특별자치도 제주시,202512,482482,26708
제주특별자치도 제주시,202601,482084,26532
제주특별자치도 제주시,202602,481839,26626
제주특별자치도 제주시,202603,481715,27199
제주특별자치도 제주시,202604,481659,27067
제주특별자치도 제주시,202605,481534,26186
제주특별자치도 제주시,202606,481491,26109
제주특별자치도 제주시,202607,481486,26308
충청남도 계룡시,202307,45571,1845
충청남도 계룡시,202308,45989,1846
충청남도 계룡시,202309,46166,1881
충청남도 계룡시,202310,46362,1936
충청남도 계룡시,202311,46517,1914
충청남도 계룡시,202312,46553,1900
충청남도 계룡시,202401,46604,1972
충청남도 계룡시,202402,46690,1973
충청남도 계룡시,202403,46616,1937
충청남도 계룡시,202404,46608,1983
충청남도 계룡시,202405,46610,1923
충청남도 계룡시,202406,46583,2002
충청남도 계룡시,202407,46580,2001
충청남도 계룡시,202408,46586,2005
충청남도 계룡시,202409,46585,2005
충청남도 계룡시,202410,46522,2054
충청남도 계룡시,202411,46522,2085
충청남도 계룡시,202412,46438,2051
충청남도 계룡시,202501,46204,2065
충청남도 계룡시,202502,45990,2099
충청남도 계룡시,202503,46001,2136
충청남도 계룡시,202504,46008,2102
충청남도 계룡시,202505,46017,2142
충청남도 계룡시,202506,45989,2168
충청남도 계룡시,202507,45984,2225
충청남도 계룡시,202508,45919,2220
충청남도 계룡시,202509,45926,2181
충청남도 계룡시,202510,45879,2185
충청남도 계룡시,202511,45858,2264
충청남도 계룡시,202512,45746,2277
충청남도 계룡시,202601,45784,2275
충청남도 계룡시,202602,45891,2314
충청남도 계룡시,202603,45860,2268
충청남도 계룡시,202604,45859,2304
충청남도 계룡시,202605,45870,2330
충청남도 계룡시,202606,45856,2296
충청남도 계룡시,202607,45883,2372
충청남도 공주시,202307,102366,2060
충청남도 공주시,202308,102213,2065
충청남도 공주시,202309,102130,2042
충청남도 공주시,202310,101983,2106
충청남도 공주시,202311,101875,2119
충청남도 공주시,202312,101798,2139
충청남도 공주시,202401,101598,2192
충청남도 공주시,202402,101460,2119
충청남도 공주시,202403,101821,2131
충청남도 공주시,202404,101780,2192
충청남도 공주시,202405,101790,2196
충청남도 공주시,202406,101733,2224
충청남도 공주시,202407,101618,2214
충청남도 공주시,202408,101475,2279
충청남도 공주시,202409,101392,2234
충청남도 공주시,202410,101279,2254
충청남도 공주시,202411,101132,2264
충청남도 공주시,202412,100971,2256
충청남도 공주시,202501,100756,2315
충청남도 공주시,202502,100383,2360
충청남도 공주시,202503,100591,2346
충청남도 공주시,202504,100529,2347
충청남도 공주시,202505,100508,2406
충청남도 공주시,202506,100426,2386
충청남도 공주시,202507,100328,2452
충청남도 공주시,202508,100215,2416
충청남도 공주시,202509,100180,2393
충청남도 공주시,202510,100109,2514
충청남도 공주시,202511,99975,2462
충청남도 공주시,202512,99719,2499
충청남도 공주시,202601,99468,2475
충청남도 공주시,202602,99290,2530
충청남도 공주시,202603,99583,2526
충청남도 공주시,202604,99626,2564
충청남도 공주시,202605,99582,2593
충청남도 공주시,202606,99498,2539
충청남도 공주시,202607,99357,2619
충청남도 금산군,202307,50142,4683
충청남도 금산군,202308,50111,4642
충청남도 금산군,202309,50055,4642
충청남도 금산군,202310,50008,4598
충청남도 금산군,202311,49966,4617
충청남도 금산군,202312,49941,4544
충청남도 금산군,202401,49877,4541
충청남도 금산군,202402,49802,4496
충청남도 금산군,202403,49982,4491
충청남도 금산군,202404,49925,4461
충청남도 금산군,202405,49863,4495
충청남도 금산군,202406,49830,4486
충청남도 금산군,202407,49783,4339
충청남도 금산군,202408,49677,4370
충청남도 금산군,202409,49590,4316
충청남도 금산군,202410,49519,4377
충청남도 금산군,202411,49465,4299
충청남도 금산군,202412,49455,4325
충청남도 금산군,202501,49285,4257
충청남도 금산군,202502,49134,4310
충청남도 금산군,202503,49226,4151
충청남도 금산군,202504,49260,4171
충청남도 금산군,202505,49236,4186
충청남도 금산군,202506,49190,4053
충청남도 금산군,202507,49118,4133
충청남도 금산군,202508,48999,4127
충청남도 금산군,202509,48950,4067
충청남도 금산군,202510,48871,4041
충청남도 금산군,202511,48816,4082
충청남도 금산군,202512,48748,4043
충청남도 금산군,202601,48657,3868
충청남도 금산군,202602,48596,3972
충청남도 금산군,202603,48711,3902
충청남도 금산군,202604,48826,3889
충청남도 금산군,202605,48840,3859
충청남도 금산군,202606,48806,3868
충청남도 금산군,202607,48716,3792
충청남도 논산시,202307,111122,5035
충청남도 논산시,202308,110828,5135
충청남도 논산시,202309,110697,5067
충청남도 논산시,202310,110567,5142
충청남도 논산시,202311,110397,5150
충청남도 논산시,202312,110124,5023
충청남도 논산시,202401,110040,5196
충청남도 논산시,202402,109759,5250
충청남도 논산시,202403,109573,5248
충청남도 논산시,202404,109484,5362
충청남도 논산시,202405,109283,5238
충청남도 논산시,202406,109135,5290
충청남도 논산시,202407,108917,5188
충청남도 논산시,202408,108747,5285
충청남도 논산시,202409,108597,5210
충청남도 논산시,202410,108468,5317
충청남도 논산시,202411,108344,5273
충청남도 논산시,202412,108219,5284
충청남도 논산시,202501,107997,5364
충청남도 논산시,202502,107742,5352
충청남도 논산시,202503,107514,5300
충청남도 논산시,202504,107440,5393
충청남도 논산시,202505,107298,5514
충청남도 논산시,202506,107219,5387
충청남도 논산시,202507,107106,5282
충청남도 논산시,202508,106975,5398
충청남도 논산시,202509,106810,5421
충청남도 논산시,202510,106696,5506
충청남도 논산시,202511,106620,5586
충청남도 논산시,202512,106478,5444
충청남도 논산시,202601,106314,5578
충청남도 논산시,202602,106223,5625
충청남도 논산시,202603,106002,5440
충청남도 논산시,202604,105907,5499
충청남도 논산시,202605,105807,5660
충청남도 논산시,202606,105695,5594
충청남도 논산시,202607,105533,5527
충청남도 당진시,202307,168954,13697
충청남도 당진시,202308,169115,13764
충청남도 당진시,202309,169320,13765
충청남도 당진시,202310,169644,13931
충청남도 당진시,202311,169757,13805
충청남도 당진시,202312,169819,14309
충청남도 당진시,202401,169877,14291
충청남도 당진시,202402,169819,14339
충청남도 당진시,202403,169795,14088
충청남도 당진시,202404,169817,14847
충청남도 당진시,202405,169850,14624
충청남도 당진시,202406,169909,14732
충청남도 당진시,202407,170238,14817
충청남도 당진시,202408,170535,14834
충청남도 당진시,202409,170751,14852
충청남도 당진시,202410,171119,15218
충청남도 당진시,202411,171338,14927
충청남도 당진시,202412,171452,15518
충청남도 당진시,202501,171665,15515
충청남도 당진시,202502,171601,15596
충청남도 당진시,202503,171653,15632
충청남도 당진시,202504,171836,15891
충청남도 당진시,202505,171919,15679
충청남도 당진시,202506,172072,15820
충청남도 당진시,202507,172138,15844
충청남도 당진시,202508,172120,15710
충청남도 당진시,202509,172162,16558
충청남도 당진시,202510,172177,16056
충청남도 당진시,202511,172144,16227
충청남도 당진시,202512,172110,16722
충청남도 당진시,202601,171970,16046
충청남도 당진시,202602,171805,16330
충청남도 당진시,202603,171807,16759
충청남도 당진시,202604,171850,16690
충청남도 당진시,202605,171841,16487
충청남도 당진시,202606,171950,16805
충청남도 당진시,202607,172024,17142
충청남도 보령시,202307,96256,14884
충청남도 보령시,202308,96105,14763
충청남도 보령시,202309,95939,14639
충청남도 보령시,202310,95832,14806
충청남도 보령시,202311,95688,14752
충청남도 보령시,202312,95533,14916
충청남도 보령시,202401,95318,14669
충청남도 보령시,202402,95013,14871
충청남도 보령시,202403,94750,15012
충청남도 보령시,202404,94646,14541
충청남도 보령시,202405,94555,14684
충청남도 보령시,202406,94417,14612
충청남도 보령시,202407,94248,14879
충청남도 보령시,202408,94112,14583
충청남도 보령시,202409,93955,14730
충청남도 보령시,202410,93785,14879
충청남도 보령시,202411,93653,14765
충청남도 보령시,202412,93514,14607
충청남도 보령시,202501,93316,14690
충청남도 보령시,202502,93009,14710
충청남도 보령시,202503,92813,14943
충청남도 보령시,202504,92712,14477
충청남도 보령시,202505,92593,14679
충청남도 보령시,202506,92497,14806
충청남도 보령시,202507,92418,14511
충청남도 보령시,202508,92283,14808
충청남도 보령시,202509,92188,14888
충청남도 보령시,202510,92094,14617
충청남도 보령시,202511,91978,14817
충청남도 보령시,202512,91879,15012
충청남도 보령시,202601,91650,14788
충청남도 보령시,202602,91388,14810
충청남도 보령시,202603,91202,14590
충청남도 보령시,202604,91135,14844
충청남도 보령시,202605,91126,15094
충청남도 보령시,202606,91034,15077
충청남도 보령시,202607,90915,15320
충청남도 부여군,202307,61448,1652
충청남도 부여군,202308,61280,1590
충청남도 부여군,202309,61214,1608
충청남도 부여군,202310,61124,1563
충청남도 부여군,202311,61028,1572
충청남도 부여군,202312,60910,1596
충청남도 부여군,202401,60738,1580
충청남도 부여군,202402,60604,1627
충청남도 부여군,202403,60438,1588
충청남도 부여군,202404,60289,1580
충청남도 부여군,202405,60127,1614
충청남도 부여군,202406,60035,1607
충청남도 부여군,202407,59920,1603
충청남도 부여군,202408,59831,1590
충청남도 부여군,202409,59707,1580
충청남도 부여군,202410,59612,1578
충청남도 부여군,202411,59513,1616
충청남도 부여군,202412,59426,1582
충청남도 부여군,202501,59363,1591
충청남도 부여군,202502,59174,1603
충청남도 부여군,202503,59095,1558
충청남도 부여군,202504,58991,1567
충청남도 부여군,202505,58863,1559
충청남도 부여군,202506,58751,1600
충청남도 부여군,202507,58674,1604
충청남도 부여군,202508,58591,1569
충청남도 부여군,202509,58517,1591
충청남도 부여군,202510,58410,1561
충청남도 부여군,202511,58354,1559
충청남도 부여군,202512,58254,1570
충청남도 부여군,202601,58102,1579
충청남도 부여군,202602,57916,1552
충청남도 부여군,202603,57867,1513
충청남도 부여군,202604,57789,1558
충청남도 부여군,202605,57706,1555
충청남도 부여군,202606,57648,1566
충청남도 부여군,202607,57573,1561
충청남도 서산시,202307,175728,15534
충청남도 서산시,202308,175695,15615
충청남도 서산시,202309,175627,15659
충청남도 서산시,202310,175635,15693
충청남도 서산시,202311,175637,15464
충청남도 서산시,202312,175577,15501
충청남도 서산시,202401,175460,15843
충청남도 서산시,202402,175315,16109
충청남도 서산시,202403,175216,16180
충청남도 서산시,202404,175208,16009
충청남도 서산시,202405,175224,15981
충청남도 서산시,202406,175215,16235
충청남도 서산시,202407,175051,16459
충청남도 서산시,202408,174890,16540
충청남도 서산시,202409,174698,16309
충청남도 서산시,202410,174396,16544
충청남도 서산시,202411,174188,16471
충청남도 서산시,202412,173974,16770
충청남도 서산시,202501,173674,16945
충청남도 서산시,202502,173158,16809
충청남도 서산시,202503,173064,16912
충청남도 서산시,202504,172997,16638
충청남도 서산시,202505,172875,17281
충청남도 서산시,202506,172798,16883
충청남도 서산시,202507,172567,16929
충청남도 서산시,202508,172522,16829
충청남도 서산시,202509,172473,17411
충청남도 서산시,202510,172330,17218
충청남도 서산시,202511,172146,18035
충청남도 서산시,202512,172013,17211
충청남도 서산시,202601,171879,17267
충청남도 서산시,202602,171478,17464
충청남도 서산시,202603,171145,17702
충청남도 서산시,202604,170988,18036
충청남도 서산시,202605,170907,17941
충청남도 서산시,202606,170733,18549
충청남도 서산시,202607,170687,18288
충청남도 서천군,202307,49331,4361
충청남도 서천군,202308,49239,4336
충청남도 서천군,202309,49169,4312
충청남도 서천군,202310,49105,4409
충청남도 서천군,202311,49006,4264
충청남도 서천군,202312,48974,4332
충청남도 서천군,202401,48898,4348
충청남도 서천군,202402,48809,4328
충청남도 서천군,202403,48762,4360
충청남도 서천군,202404,48708,4327
충청남도 서천군,202405,48626,4241
충청남도 서천군,202406,48571,4207
충청남도 서천군,202407,48471,4167
충청남도 서천군,202408,48390,4213
충청남도 서천군,202409,48321,4160
충청남도 서천군,202410,48198,4289
충청남도 서천군,202411,48141,4146
충청남도 서천군,202412,48057,4218
충청남도 서천군,202501,47974,4100
충청남도 서천군,202502,47799,4062
충청남도 서천군,202503,47755,4043
충청남도 서천군,202504,47726,4093
충청남도 서천군,202505,47662,3992
충청남도 서천군,202506,47558,4017
충청남도 서천군,202507,47455,4034
충청남도 서천군,202508,47406,4048
충청남도 서천군,202509,47298,4057
충청남도 서천군,202510,47239,4035
충청남도 서천군,202511,47125,3968
충청남도 서천군,202512,47077,4016
충청남도 서천군,202601,47023,3955
충청남도 서천군,202602,46926,3993
충청남도 서천군,202603,46834,3956
충청남도 서천군,202604,46749,4027
충청남도 서천군,202605,46699,4008
충청남도 서천군,202606,46619,3882
충청남도 서천군,202607,46494,3871
충청남도 아산시,202307,336827,21095
충청남도 아산시,202308,338466,21013
충청남도 아산시,202309,339497,21179
충청남도 아산시,202310,340906,21145
충청남도 아산시,202311,342871,21218
충청남도 아산시,202312,344695,20908
충청남도 아산시,202401,346156,20789
충청남도 아산시,202402,347441,20848
충청남도 아산시,202403,348493,19991
충청남도 아산시,202404,349432,20615
충청남도 아산시,202405,350036,19904
충청남도 아산시,202406,350593,20509
충청남도 아산시,202407,351330,19945
충청남도 아산시,202408,351902,20024
충청남도 아산시,202409,352505,19966
충청남도 아산시,202410,353088,19725
충청남도 아산시,202411,353400,19670
충청남도 아산시,202412,353902,19223
충청남도 아산시,202501,354278,19009
충청남도 아산시,202502,355266,19351
충청남도 아산시,202503,355614,19009
충청남도 아산시,202504,355874,19392
충청남도 아산시,202505,355964,18792
충청남도 아산시,202506,356046,18615
충청남도 아산시,202507,356538,18378
충청남도 아산시,202508,357065,18142
충청남도 아산시,202509,357346,18240
충청남도 아산시,202510,357741,18485
충청남도 아산시,202511,357965,18335
충청남도 아산시,202512,358313,18152
충청남도 아산시,202601,358955,18361
충청남도 아산시,202602,359810,17958
충청남도 아산시,202603,360552,17569
충청남도 아산시,202604,361388,17614
충청남도 아산시,202605,362200,17510
충청남도 아산시,202606,362657,17487
충청남도 아산시,202607,363241,17083
충청남도 예산군,202307,78591,4193
충청남도 예산군,202308,78507,4170
충청남도 예산군,202309,78425,4227
충청남도 예산군,202310,78295,4276
충청남도 예산군,202311,78172,4297
충청남도 예산군,202312,78118,4297
충청남도 예산군,202401,78073,4288
충청남도 예산군,202402,77938,4377
충청남도 예산군,202403,77722,4395
충청남도 예산군,202404,77948,4374
충청남도 예산군,202405,78118,4460
충청남도 예산군,202406,78082,4385
충청남도 예산군,202407,78103,4431
충청남도 예산군,202408,78067,4458
충청남도 예산군,202409,77958,4536
충청남도 예산군,202410,78174,4553
충청남도 예산군,202411,78413,4592
충청남도 예산군,202412,78525,4646
충청남도 예산군,202501,78635,4626
충청남도 예산군,202502,78569,4628
충청남도 예산군,202503,78554,4706
충청남도 예산군,202504,78565,4723
충청남도 예산군,202505,78522,4768
충청남도 예산군,202506,78513,4794
충청남도 예산군,202507,78633,4731
충청남도 예산군,202508,78670,4873
충청남도 예산군,202509,78725,4868
충청남도 예산군,202510,78707,4926
충청남도 예산군,202511,78657,5061
충청남도 예산군,202512,78578,5050
충청남도 예산군,202601,78486,4988
충청남도 예산군,202602,78413,5037
충청남도 예산군,202603,78369,5146
충청남도 예산군,202604,78232,5098
충청남도 예산군,202605,78105,5053
충청남도 예산군,202606,78087,5001
충청남도 예산군,202607,77939,5029
충청남도 천안시 동남구,202307,256913,11622
충청남도 천안시 동남구,202308,256608,11836
충청남도 천안시 동남구,202309,256400,11792
충청남도 천안시 동남구,202310,256266,11737
충청남도 천안시 동남구,202311,255908,11797
충청남도 천안시 동남구,202312,255672,11893
충청남도 천안시 동남구,202401,256687,11537
충청남도 천안시 동남구,202402,258100,11838
충청남도 천안시 동남구,202403,258717,11837
충청남도 천안시 동남구,202404,259110,11979
충청남도 천안시 동남구,202405,259450,11706
충청남도 천안시 동남구,202406,259620,11999
충청남도 천안시 동남구,202407,259818,11845
충청남도 천안시 동남구,202408,259807,11978
충청남도 천안시 동남구,202409,259644,11658
충청남도 천안시 동남구,202410,259772,11702
충청남도 천안시 동남구,202411,260061,11738
충청남도 천안시 동남구,202412,260161,11790
충청남도 천안시 동남구,202501,259794,11761
충청남도 천안시 동남구,202502,259741,11771
충청남도 천안시 동남구,202503,259541,11795
충청남도 천안시 동남구,202504,259678,11476
충청남도 천안시 동남구,202505,259732,11687
충청남도 천안시 동남구,202506,259781,11658
충청남도 천안시 동남구,202507,260164,11829
충청남도 천안시 동남구,202508,260558,11638
충청남도 천안시 동남구,202509,261276,11652
충청남도 천안시 동남구,202510,261418,11787
충청남도 천안시 동남구,202511,261545,11949
충청남도 천안시 동남구,202512,261460,11850
충청남도 천안시 동남구,202601,261351,11840
충청남도 천안시 동남구,202602,261732,11745
충청남도 천안시 동남구,202603,262231,11860
충청남도 천안시 동남구,202604,262403,11681
충청남도 천안시 동남구,202605,262592,11933
충청남도 천안시 동남구,202606,262696,11877
충청남도 천안시 동남구,202607,262794,11888
충청남도 천안시 서북구,202307,399397,27578
충청남도 천안시 서북구,202308,398834,28241
충청남도 천안시 서북구,202309,398806,27525
충청남도 천안시 서북구,202310,398678,27900
충청남도 천안시 서북구,202311,398140,26897
충청남도 천안시 서북구,202312,397770,27537
충청남도 천안시 서북구,202401,396613,27466
충청남도 천안시 서북구,202402,395885,27619
충청남도 천안시 서북구,202403,395899,27867
충청남도 천안시 서북구,202404,396053,28038
충청남도 천안시 서북구,202405,396359,27386
충청남도 천안시 서북구,202406,396263,27649
충청남도 천안시 서북구,202407,396266,27809
충청남도 천안시 서북구,202408,396497,27543
충청남도 천안시 서북구,202409,396780,27829
충청남도 천안시 서북구,202410,397125,27963
충청남도 천안시 서북구,202411,397222,28464
충청남도 천안시 서북구,202412,397253,27556
충청남도 천안시 서북구,202501,397876,27331
충청남도 천안시 서북구,202502,398777,27587
충청남도 천안시 서북구,202503,398915,27796
충청남도 천안시 서북구,202504,399047,27378
충청남도 천안시 서북구,202505,399476,28600
충청남도 천안시 서북구,202506,399767,27391
충청남도 천안시 서북구,202507,400094,27985
충청남도 천안시 서북구,202508,399998,28083
충청남도 천안시 서북구,202509,399928,27470
충청남도 천안시 서북구,202510,400097,27370
충청남도 천안시 서북구,202511,400175,27800
충청남도 천안시 서북구,202512,400433,27772
충청남도 천안시 서북구,202601,400511,27737
충청남도 천안시 서북구,202602,400624,27615
충청남도 천안시 서북구,202603,400464,27957
충청남도 천안시 서북구,202604,400619,27540
충청남도 천안시 서북구,202605,400927,27934
충청남도 천안시 서북구,202606,401143,27754
충청남도 천안시 서북구,202607,401319,27666
충청남도 청양군,202307,30079,2218
충청남도 청양군,202308,30041,2194
충청남도 청양군,202309,29988,2210
충청남도 청양군,202310,29996,2203
충청남도 청양군,202311,30055,2207
충청남도 청양군,202312,30093,2271
충청남도 청양군,202401,29940,2271
충청남도 청양군,202402,29940,2331
충청남도 청양군,202403,29952,2237
충청남도 청양군,202404,29901,2356
충청남도 청양군,202405,29836,2321
충청남도 청양군,202406,29791,2342
충청남도 청양군,202407,29734,2362
충청남도 청양군,202408,29706,2387
충청남도 청양군,202409,29612,2396
충청남도 청양군,202410,29588,2422
충청남도 청양군,202411,29569,2430
충청남도 청양군,202412,29583,2454
충청남도 청양군,202501,29476,2442
충청남도 청양군,202502,29335,2453
충청남도 청양군,202503,29442,2487
충청남도 청양군,202504,29368,2477
충청남도 청양군,202505,29317,2559
충청남도 청양군,202506,29261,2504
충청남도 청양군,202507,29140,2588
충청남도 청양군,202508,29050,2491
충청남도 청양군,202509,29006,2578
충청남도 청양군,202510,29221,2636
충청남도 청양군,202511,29726,2577
충청남도 청양군,202512,29917,2628
충청남도 청양군,202601,29889,2649
충청남도 청양군,202602,29848,2663
충청남도 청양군,202603,30004,2732
충청남도 청양군,202604,30015,2679
충청남도 청양군,202605,30008,2698
충청남도 청양군,202606,29978,2743
충청남도 청양군,202607,29959,2779
충청남도 태안군,202307,60847,2762
충청남도 태안군,202308,60768,2780
충청남도 태안군,202309,60751,2791
충청남도 태안군,202310,60673,2789
충청남도 태안군,202311,60577,2824
충청남도 태안군,202312,60568,2779
충청남도 태안군,202401,60521,2858
충청남도 태안군,202402,60401,2831
충청남도 태안군,202403,60297,2857
충청남도 태안군,202404,60265,2770
충청남도 태안군,202405,60305,2866
충청남도 태안군,202406,60306,2785
충청남도 태안군,202407,60290,2896
충청남도 태안군,202408,60222,2891
충청남도 태안군,202409,60148,2880
충청남도 태안군,202410,60089,2876
충청남도 태안군,202411,59975,2878
충청남도 태안군,202412,59889,2905
충청남도 태안군,202501,59758,2944
충청남도 태안군,202502,59643,2933
충청남도 태안군,202503,59620,2918
충청남도 태안군,202504,59531,2916
충청남도 태안군,202505,59510,2919
충청남도 태안군,202506,59550,2978
충청남도 태안군,202507,59575,3014
충청남도 태안군,202508,59533,2965
충청남도 태안군,202509,59463,3012
충청남도 태안군,202510,59399,3062
충청남도 태안군,202511,59298,3063
충청남도 태안군,202512,59258,3046
충청남도 태안군,202601,59169,3047
충청남도 태안군,202602,58967,3026
충청남도 태안군,202603,58974,3073
충청남도 태안군,202604,58930,3064
충청남도 태안군,202605,58884,3154
충청남도 태안군,202606,58841,3111
충청남도 태안군,202607,58807,3136
충청남도 홍성군,202307,96609,2293
충청남도 홍성군,202308,96822,2427
충청남도 홍성군,202309,96988,2454
충청남도 홍성군,202310,97118,2499
충청남도 홍성군,202311,97252,2576
충청남도 홍성군,202312,97299,2552
충청남도 홍성군,202401,97496,2705
충청남도 홍성군,202402,97718,2649
충청남도 홍성군,202403,98120,2720
충청남도 홍성군,202404,98091,2796
충청남도 홍성군,202405,98040,2795
충청남도 홍성군,202406,98204,2922
충청남도 홍성군,202407,98260,2904
충청남도 홍성군,202408,98320,2943
충청남도 홍성군,202409,98627,3027
충청남도 홍성군,202410,98810,3042
충청남도 홍성군,202411,98889,3134
충청남도 홍성군,202412,98960,3137
충청남도 홍성군,202501,99046,3159
충청남도 홍성군,202502,99360,3225
충청남도 홍성군,202503,99642,3259
충청남도 홍성군,202504,99765,3274
충청남도 홍성군,202505,99875,3321
충청남도 홍성군,202506,99927,3399
충청남도 홍성군,202507,99876,3474
충청남도 홍성군,202508,99873,3544
충청남도 홍성군,202509,99920,3634
충청남도 홍성군,202510,99995,3550
충청남도 홍성군,202511,100099,3632
충청남도 홍성군,202512,100319,3653
충청남도 홍성군,202601,100598,3727
충청남도 홍성군,202602,100803,3728
충청남도 홍성군,202603,100904,3823
충청남도 홍성군,202604,101100,3892
충청남도 홍성군,202605,101201,3923
충청남도 홍성군,202606,101323,3886
충청남도 홍성군,202607,101501,3935
충청북도 괴산군,202307,36614,3541
충청북도 괴산군,202308,36529,3533
충청북도 괴산군,202309,36474,3565
충청북도 괴산군,202310,36432,3643
충청북도 괴산군,202311,36465,3658
충청북도 괴산군,202312,36510,3627
충청북도 괴산군,202401,36358,3708
충청북도 괴산군,202402,36301,3718
충청북도 괴산군,202403,36238,3730
충청북도 괴산군,202404,36186,3749
충청북도 괴산군,202405,36118,3753
충청북도 괴산군,202406,36085,3850
충청북도 괴산군,202407,36015,3898
충청북도 괴산군,202408,35944,3851
충청북도 괴산군,202409,35943,3868
충청북도 괴산군,202410,35930,3860
충청북도 괴산군,202411,35996,3932
충청북도 괴산군,202412,36173,3999
충청북도 괴산군,202501,36034,3947
충청북도 괴산군,202502,35970,3996
충청북도 괴산군,202503,35927,4022
충청북도 괴산군,202504,35843,3987
충청북도 괴산군,202505,35883,4108
충청북도 괴산군,202506,35885,4090
충청북도 괴산군,202507,35765,4179
충청북도 괴산군,202508,35728,3973
충청북도 괴산군,202509,35596,4087
충청북도 괴산군,202510,35546,4229
충청북도 괴산군,202511,35538,4145
충청북도 괴산군,202512,38211,4186
충청북도 괴산군,202601,38084,4220
충청북도 괴산군,202602,37692,4302
충청북도 괴산군,202603,37449,4246
충청북도 괴산군,202604,37390,4334
충청북도 괴산군,202605,37348,4384
충청북도 괴산군,202606,37333,4424
충청북도 괴산군,202607,37187,4321
충청북도 단양군,202307,27652,1147
충청북도 단양군,202308,27664,1147
충청북도 단양군,202309,27686,1140
충청북도 단양군,202310,27678,1163
충청북도 단양군,202311,27633,1139
충청북도 단양군,202312,27639,1132
충청북도 단양군,202401,27616,1140
충청북도 단양군,202402,27592,1156
충청북도 단양군,202403,27556,1161
충청북도 단양군,202404,27566,1159
충청북도 단양군,202405,27510,1144
충청북도 단양군,202406,27506,1146
충청북도 단양군,202407,27468,1144
충청북도 단양군,202408,27440,1162
충청북도 단양군,202409,27385,1185
충청북도 단양군,202410,27365,1167
충청북도 단양군,202411,27362,1167
충청북도 단양군,202412,27295,1182
충청북도 단양군,202501,27237,1173
충청북도 단양군,202502,27127,1164
충청북도 단양군,202503,27082,1182
충청북도 단양군,202504,27030,1180
충청북도 단양군,202505,27042,1176
충청북도 단양군,202506,27005,1193
충청북도 단양군,202507,26980,1170
충청북도 단양군,202508,26931,1176
충청북도 단양군,202509,26889,1196
충청북도 단양군,202510,26861,1194
충청북도 단양군,202511,26818,1193
충청북도 단양군,202512,26755,1196
충청북도 단양군,202601,26730,1202
충청북도 단양군,202602,26654,1195
충청북도 단양군,202603,26588,1218
충청북도 단양군,202604,26599,1195
충청북도 단양군,202605,26566,1179
충청북도 단양군,202606,26571,1199
충청북도 단양군,202607,26491,1205
충청북도 보은군,202307,31178,2166
충청북도 보은군,202308,31103,2181
충청북도 보은군,202309,31060,2228
충청북도 보은군,202310,31008,2150
충청북도 보은군,202311,30989,2182
충청북도 보은군,202312,30938,2166
충청북도 보은군,202401,30877,2152
충청북도 보은군,202402,30833,2173
충청북도 보은군,202403,30815,2214
충청북도 보은군,202404,30758,2195
충청북도 보은군,202405,30720,2184
충청북도 보은군,202406,30669,2189
충청북도 보은군,202407,30659,2210
충청북도 보은군,202408,30598,2171
충청북도 보은군,202409,30546,2171
충청북도 보은군,202410,30510,2190
충청북도 보은군,202411,30497,2186
충청북도 보은군,202412,30458,2140
충청북도 보은군,202501,30426,2136
충청북도 보은군,202502,30338,2223
충청북도 보은군,202503,30288,2133
충청북도 보은군,202504,30241,2151
충청북도 보은군,202505,30252,2145
충청북도 보은군,202506,30282,2127
충청북도 보은군,202507,30312,2152
충청북도 보은군,202508,30272,2162
충청북도 보은군,202509,30248,2233
충청북도 보은군,202510,30194,2154
충청북도 보은군,202511,30165,2157
충청북도 보은군,202512,30466,2112
충청북도 보은군,202601,30538,2150
충청북도 보은군,202602,30538,2183
충청북도 보은군,202603,30600,2152
충청북도 보은군,202604,30642,2115
충청북도 보은군,202605,30653,2168
충청북도 보은군,202606,31121,2143
충청북도 보은군,202607,31420,2188
충청북도 영동군,202307,44501,2418
충청북도 영동군,202308,44338,2391
충청북도 영동군,202309,44325,2411
충청북도 영동군,202310,44249,2500
충청북도 영동군,202311,44127,2565
충청북도 영동군,202312,44060,2524
충청북도 영동군,202401,43990,2577
충청북도 영동군,202402,43874,2520
충청북도 영동군,202403,43849,2467
충청북도 영동군,202404,43787,2555
충청북도 영동군,202405,43763,2598
충청북도 영동군,202406,43732,2576
충청북도 영동군,202407,43681,2565
충청북도 영동군,202408,43654,2579
충청북도 영동군,202409,43571,2684
충청북도 영동군,202410,43529,2634
충청북도 영동군,202411,43477,2628
충청북도 영동군,202412,43432,2679
충청북도 영동군,202501,43388,2681
충청북도 영동군,202502,43239,2646
충청북도 영동군,202503,43102,2772
충청북도 영동군,202504,43028,2733
충청북도 영동군,202505,42973,2724
충청북도 영동군,202506,42936,2775
충청북도 영동군,202507,42834,2735
충청북도 영동군,202508,42757,2806
충청북도 영동군,202509,42706,2798
충청북도 영동군,202510,42686,2766
충청북도 영동군,202511,42629,2824
충청북도 영동군,202512,42919,2849
충청북도 영동군,202601,43031,2801
충청북도 영동군,202602,42938,2821
충청북도 영동군,202603,42873,2827
충청북도 영동군,202604,42934,2856
충청북도 영동군,202605,42930,2882
충청북도 영동군,202606,42911,2897
충청북도 영동군,202607,42929,2846
충청북도 옥천군,202307,49113,3907
충청북도 옥천군,202308,49072,3977
충청북도 옥천군,202309,49045,4071
충청북도 옥천군,202310,48914,4054
충청북도 옥천군,202311,48862,4184
충청북도 옥천군,202312,48785,4215
충청북도 옥천군,202401,48759,4174
충청북도 옥천군,202402,48676,4271
충청북도 옥천군,202403,48651,4406
충청북도 옥천군,202404,48570,4397
충청북도 옥천군,202405,48491,4517
충청북도 옥천군,202406,48480,4493
충청북도 옥천군,202407,48417,4477
충청북도 옥천군,202408,48317,4649
충청북도 옥천군,202409,48288,4624
충청북도 옥천군,202410,48227,4640
충청북도 옥천군,202411,48182,4740
충청북도 옥천군,202412,48090,4718
충청북도 옥천군,202501,48008,4818
충청북도 옥천군,202502,47971,4873
충청북도 옥천군,202503,48106,4951
충청북도 옥천군,202504,48252,4969
충청북도 옥천군,202505,48251,4988
충청북도 옥천군,202506,48262,5073
충청북도 옥천군,202507,48287,5082
충청북도 옥천군,202508,48301,5172
충청북도 옥천군,202509,48264,5273
충청북도 옥천군,202510,48234,5365
충청북도 옥천군,202511,48293,5340
충청북도 옥천군,202512,49483,5551
충청북도 옥천군,202601,49885,5358
충청북도 옥천군,202602,50001,5499
충청북도 옥천군,202603,50141,5611
충청북도 옥천군,202604,50274,5625
충청북도 옥천군,202605,50309,5643
충청북도 옥천군,202606,50435,5732
충청북도 옥천군,202607,50549,5770
충청북도 음성군,202307,91343,6650
충청북도 음성군,202308,91195,6561
충청북도 음성군,202309,91072,6710
충청북도 음성군,202310,90993,6521
충청북도 음성군,202311,90841,6698
충청북도 음성군,202312,90801,6809
충청북도 음성군,202401,90600,6927
충청북도 음성군,202402,90506,7112
충청북도 음성군,202403,90174,7063
충청북도 음성군,202404,89922,7268
충청북도 음성군,202405,89859,7124
충청북도 음성군,202406,89893,7183
충청북도 음성군,202407,89866,7211
충청북도 음성군,202408,90025,7273
충청북도 음성군,202409,90024,7446
충청북도 음성군,202410,90207,7520
충청북도 음성군,202411,90604,7384
충청북도 음성군,202412,90867,7569
충청북도 음성군,202501,90860,7587
충청북도 음성군,202502,91020,7778
충청북도 음성군,202503,91271,7675
충청북도 음성군,202504,91424,7707
충청북도 음성군,202505,91640,7783
충청북도 음성군,202506,92056,7850
충청북도 음성군,202507,92394,8141
충청북도 음성군,202508,92459,7906
충청북도 음성군,202509,92553,8163
충청북도 음성군,202510,92595,7879
충청북도 음성군,202511,93242,7937
충청북도 음성군,202512,93929,8240
충청북도 음성군,202601,94386,8293
충청북도 음성군,202602,94674,8235
충청북도 음성군,202603,95083,8308
충청북도 음성군,202604,95341,8430
충청북도 음성군,202605,95446,8582
충청북도 음성군,202606,95614,8476
충청북도 음성군,202607,95694,8564
충청북도 제천시,202307,130777,4191
충청북도 제천시,202308,130516,4263
충청북도 제천시,202309,130412,4259
충청북도 제천시,202310,130311,4226
충청북도 제천시,202311,130159,4355
충청북도 제천시,202312,129851,4204
충청북도 제천시,202401,129505,4129
충청북도 제천시,202402,129189,4341
충청북도 제천시,202403,129849,4242
충청북도 제천시,202404,129549,4252
충청북도 제천시,202405,129421,4282
충청북도 제천시,202406,129268,4379
충청북도 제천시,202407,129037,4226
충청북도 제천시,202408,128826,4225
충청북도 제천시,202409,128723,4188
충청북도 제천시,202410,128556,4148
충청북도 제천시,202411,128374,4310
충청북도 제천시,202412,128220,4219
충청북도 제천시,202501,128005,4209
충청북도 제천시,202502,127674,4235
충청북도 제천시,202503,128369,4240
충청북도 제천시,202504,128375,4285
충청북도 제천시,202505,128280,4243
충청북도 제천시,202506,128106,4148
충청북도 제천시,202507,127881,4267
충청북도 제천시,202508,127718,4215
충청북도 제천시,202509,127735,4233
충청북도 제천시,202510,127840,4190
충청북도 제천시,202511,127857,4250
충청북도 제천시,202512,127693,4248
충청북도 제천시,202601,127502,4117
충청북도 제천시,202602,127340,4227
충청북도 제천시,202603,127968,4287
충청북도 제천시,202604,128081,4149
충청북도 제천시,202605,128008,4248
충청북도 제천시,202606,127896,4253
충청북도 제천시,202607,127746,4234
충청북도 증평군,202307,37294,2286
충청북도 증평군,202308,37291,2228
충청북도 증평군,202309,37308,2256
충청북도 증평군,202310,37318,2217
충청북도 증평군,202311,37327,2255
충청북도 증평군,202312,37366,2174
충청북도 증평군,202401,37383,2226
충청북도 증평군,202402,37350,2218
충청북도 증평군,202403,37290,2241
충청북도 증평군,202404,37274,2143
충청북도 증평군,202405,37258,2182
충청북도 증평군,202406,37203,2164
충청북도 증평군,202407,37122,2181
충청북도 증평군,202408,37068,2191
충청북도 증평군,202409,37094,2171
충청북도 증평군,202410,37151,2119
충청북도 증평군,202411,37101,2105
충청북도 증평군,202412,37058,2113
충청북도 증평군,202501,37048,2167
충청북도 증평군,202502,36939,2194
충청북도 증평군,202503,36959,2147
충청북도 증평군,202504,37012,2141
충청북도 증평군,202505,37023,2152
충청북도 증평군,202506,37064,2149
충청북도 증평군,202507,37046,2137
충청북도 증평군,202508,37033,2153
충청북도 증평군,202509,37023,2129
충청북도 증평군,202510,36980,2112
충청북도 증평군,202511,36998,2132
충청북도 증평군,202512,36576,2111
충청북도 증평군,202601,36552,2110
충청북도 증평군,202602,36520,2108
충청북도 증평군,202603,36484,2108
충청북도 증평군,202604,36592,2107
충청북도 증평군,202605,36623,2062
충청북도 증평군,202606,36641,2070
충청북도 증평군,202607,36658,2042
충청북도 진천군,202307,85586,12054
충청북도 진천군,202308,85534,11943
충청북도 진천군,202309,85535,11762
충청북도 진천군,202310,85527,12044
충청북도 진천군,202311,85674,11949
충청북도 진천군,202312,86028,11973
충청북도 진천군,202401,85836,11735
충청북도 진천군,202402,85731,11836
충청북도 진천군,202403,86142,11605
충청북도 진천군,202404,86401,11898
충청북도 진천군,202405,86514,11763
충청북도 진천군,202406,86527,11589
충청북도 진천군,202407,86548,11496
충청북도 진천군,202408,86524,11416
충청북도 진천군,202409,86519,11421
충청북도 진천군,202410,86459,11930
충청북도 진천군,202411,86297,11526
충청북도 진천군,202412,86302,11408
충청북도 진천군,202501,86192,11536
충청북도 진천군,202502,85975,11422
충청북도 진천군,202503,85883,11265
충청북도 진천군,202504,85903,11350
충청북도 진천군,202505,85917,11458
충청북도 진천군,202506,85763,11491
충청북도 진천군,202507,85661,11434
충청북도 진천군,202508,85643,11243
충청북도 진천군,202509,85754,11232
충청북도 진천군,202510,85907,11405
충청북도 진천군,202511,85703,11382
충청북도 진천군,202512,86377,11274
충청북도 진천군,202601,85765,11332
충청북도 진천군,202602,85485,11237
충청북도 진천군,202603,85388,11273
충청북도 진천군,202604,85429,11227
충청북도 진천군,202605,85367,11207
충청북도 진천군,202606,85372,11228
충청북도 진천군,202607,85388,11053
충청북도 청주시 상당구,202307,197896,17490
충청북도 청주시 상당구,202308,199411,17749
충청북도 청주시 상당구,202309,199844,17263
충청북도 청주시 상당구,202310,199972,17106
충청북도 청주시 상당구,202311,199972,17439
충청북도 청주시 상당구,202312,200066,18003
충청북도 청주시 상당구,202401,200222,17712
충청북도 청주시 상당구,202402,200149,17964
충청북도 청주시 상당구,202403,199953,17681
충청북도 청주시 상당구,202404,199526,18177
충청북도 청주시 상당구,202405,199095,17939
충청북도 청주시 상당구,202406,198706,17923
충청북도 청주시 상당구,202407,198343,17861
충청북도 청주시 상당구,202408,198224,18071
충청북도 청주시 상당구,202409,198142,17639
충청북도 청주시 상당구,202410,197934,17976
충청북도 청주시 상당구,202411,197646,18016
충청북도 청주시 상당구,202412,197451,18136
충청북도 청주시 상당구,202501,197383,18130
충청북도 청주시 상당구,202502,197079,17814
충청북도 청주시 상당구,202503,197006,18013
충청북도 청주시 상당구,202504,196916,17975
충청북도 청주시 상당구,202505,196757,17990
충청북도 청주시 상당구,202506,196346,17962
충청북도 청주시 상당구,202507,196202,18276
충청북도 청주시 상당구,202508,196009,18379
충청북도 청주시 상당구,202509,195678,17852
충청북도 청주시 상당구,202510,195010,18385
충청북도 청주시 상당구,202511,194593,18018
충청북도 청주시 상당구,202512,194064,18191
충청북도 청주시 상당구,202601,193991,18221
충청북도 청주시 상당구,202602,193757,18030
충청북도 청주시 상당구,202603,193356,18352
충청북도 청주시 상당구,202604,193248,18757
충청북도 청주시 상당구,202605,192946,18298
충청북도 청주시 상당구,202606,192603,18601
충청북도 청주시 상당구,202607,192375,18151
충청북도 청주시 서원구,202307,187551,8248
충청북도 청주시 서원구,202308,186568,8255
충청북도 청주시 서원구,202309,186164,8454
충청북도 청주시 서원구,202310,186012,8282
충청북도 청주시 서원구,202311,185937,8454
충청북도 청주시 서원구,202312,185693,8498
충청북도 청주시 서원구,202401,185420,8493
충청북도 청주시 서원구,202402,185133,8490
충청북도 청주시 서원구,202403,184993,8625
충청북도 청주시 서원구,202404,184490,8492
충청북도 청주시 서원구,202405,184191,8618
충청북도 청주시 서원구,202406,183533,8720
충청북도 청주시 서원구,202407,182796,8790
충청북도 청주시 서원구,202408,182315,8775
충청북도 청주시 서원구,202409,182032,8883
충청북도 청주시 서원구,202410,181801,8824
충청북도 청주시 서원구,202411,181445,8771
충청북도 청주시 서원구,202412,181042,8841
충청북도 청주시 서원구,202501,180702,9015
충청북도 청주시 서원구,202502,180748,9016
충청북도 청주시 서원구,202503,180603,9019
충청북도 청주시 서원구,202504,180431,9193
충청북도 청주시 서원구,202505,180230,8977
충청북도 청주시 서원구,202506,180071,9058
충청북도 청주시 서원구,202507,180056,9168
충청북도 청주시 서원구,202508,179838,9284
충청북도 청주시 서원구,202509,179893,9407
충청북도 청주시 서원구,202510,181437,9050
충청북도 청주시 서원구,202511,182157,9506
충청북도 청주시 서원구,202512,182122,9232
충청북도 청주시 서원구,202601,182451,9372
충청북도 청주시 서원구,202602,184309,9728
충청북도 청주시 서원구,202603,185383,9508
충청북도 청주시 서원구,202604,185802,9852
충청북도 청주시 서원구,202605,186872,9675
충청북도 청주시 서원구,202606,187233,9400
충청북도 청주시 서원구,202607,187267,9828
충청북도 청주시 청원구,202307,192133,32047
충청북도 청주시 청원구,202308,191155,30944
충청북도 청주시 청원구,202309,190897,32155
충청북도 청주시 청원구,202310,190688,30840
충청북도 청주시 청원구,202311,190509,31195
충청북도 청주시 청원구,202312,190256,31692
충청북도 청주시 청원구,202401,190115,31705
충청북도 청주시 청원구,202402,189997,31586
충청북도 청주시 청원구,202403,189877,31400
충청북도 청주시 청원구,202404,189476,31131
충청북도 청주시 청원구,202405,189103,31629
충청북도 청주시 청원구,202406,189040,31662
충청북도 청주시 청원구,202407,188927,32185
충청북도 청주시 청원구,202408,188967,30615
충청북도 청주시 청원구,202409,189139,32024
충청북도 청주시 청원구,202410,189085,31036
충청북도 청주시 청원구,202411,188752,31590
충청북도 청주시 청원구,202412,188671,31985
충청북도 청주시 청원구,202501,188643,31781
충청북도 청주시 청원구,202502,188595,31616
충청북도 청주시 청원구,202503,188468,31559
충청북도 청주시 청원구,202504,188420,31328
충청북도 청주시 청원구,202505,188413,31390
충청북도 청주시 청원구,202506,188240,31485
충청북도 청주시 청원구,202507,188246,32246
충청북도 청주시 청원구,202508,188034,31478
충청북도 청주시 청원구,202509,187960,31858
충청북도 청주시 청원구,202510,187512,31310
충청북도 청주시 청원구,202511,187111,31891
충청북도 청주시 청원구,202512,186406,31707
충청북도 청주시 청원구,202601,186401,31086
충청북도 청주시 청원구,202602,186005,31497
충청북도 청주시 청원구,202603,185896,31627
충청북도 청주시 청원구,202604,185936,31572
충청북도 청주시 청원구,202605,185879,31746
충청북도 청주시 청원구,202606,185661,31476
충청북도 청주시 청원구,202607,185617,31263
충청북도 청주시 흥덕구,202307,270799,18453
충청북도 청주시 흥덕구,202308,272111,19007
충청북도 청주시 흥덕구,202309,272712,18806
충청북도 청주시 흥덕구,202310,273377,19079
충청북도 청주시 흥덕구,202311,273712,19160
충청북도 청주시 흥덕구,202312,273726,19580
충청북도 청주시 흥덕구,202401,273755,19712
충청북도 청주시 흥덕구,202402,274003,19707
충청북도 청주시 흥덕구,202403,274179,20348
충청북도 청주시 흥덕구,202404,275865,20113
충청북도 청주시 흥덕구,202405,277764,20418
충청북도 청주시 흥덕구,202406,279498,20448
충청북도 청주시 흥덕구,202407,281084,20636
충청북도 청주시 흥덕구,202408,281747,20821
충청북도 청주시 흥덕구,202409,282234,21017
충청북도 청주시 흥덕구,202410,282803,20788
충청북도 청주시 흥덕구,202411,284039,21025
충청북도 청주시 흥덕구,202412,284899,21420
충청북도 청주시 흥덕구,202501,285552,22117
충청북도 청주시 흥덕구,202502,286241,22229
충청북도 청주시 흥덕구,202503,286447,21971
충청북도 청주시 흥덕구,202504,286873,21915
충청북도 청주시 흥덕구,202505,287470,22288
충청북도 청주시 흥덕구,202506,288298,22656
충청북도 청주시 흥덕구,202507,289383,22737
충청북도 청주시 흥덕구,202508,290485,23171
충청북도 청주시 흥덕구,202509,291349,23587
충청북도 청주시 흥덕구,202510,291409,23526
충청북도 청주시 흥덕구,202511,291353,23482
충청북도 청주시 흥덕구,202512,291153,23398
충청북도 청주시 흥덕구,202601,291415,23837
충청북도 청주시 흥덕구,202602,290989,24576
충청북도 청주시 흥덕구,202603,290957,24186
충청북도 청주시 흥덕구,202604,291330,24520
충청북도 청주시 흥덕구,202605,291413,24724
충청북도 청주시 흥덕구,202606,291745,24789
충청북도 청주시 흥덕구,202607,292277,25733
충청북도 충주시,202307,207344,16091
충청북도 충주시,202308,207386,16235
충청북도 충주시,202309,207336,16200
충청북도 충주시,202310,207298,15848
충청북도 충주시,202311,207231,16012
충청북도 충주시,202312,207161,15982
충청북도 충주시,202401,207142,16248
충청북도 충주시,202402,207042,15746
충청북도 충주시,202403,206923,15743
충청북도 충주시,202404,206938,15682
충청북도 충주시,202405,206862,15639
충청북도 충주시,202406,206843,15719
충청북도 충주시,202407,206717,15603
충청북도 충주시,202408,206580,15699
충청북도 충주시,202409,206738,15649
충청북도 충주시,202410,206695,15587
충청북도 충주시,202411,206680,15739
충청북도 충주시,202412,206591,15514
충청북도 충주시,202501,206588,15697
충청북도 충주시,202502,206640,15815
충청북도 충주시,202503,206481,15466
충청북도 충주시,202504,206446,15458
충청북도 충주시,202505,206334,15068
충청북도 충주시,202506,206251,15180
충청북도 충주시,202507,206369,15592
충청북도 충주시,202508,206411,15271
충청북도 충주시,202509,206467,15407
충청북도 충주시,202510,206425,15402
충청북도 충주시,202511,206253,15276
충청북도 충주시,202512,205931,15060
충청북도 충주시,202601,205660,15321
충청북도 충주시,202602,205570,15017
충청북도 충주시,202603,205478,14912
충청북도 충주시,202604,205461,15165
충청북도 충주시,202605,205556,14999
충청북도 충주시,202606,205353,14721
충청북도 충주시,202607,205247,15145
